id,source_name,source_institution,source_url,acquisition_route,access_status,license,spatial_coverage,spatial_resolution,temporal_coverage,format,crs,evidence_family,potential_use,known_limitations,raw_storage_path,collection_status,promotion_status,collected_at,notes
data-rio__limites_ap__atual,Limite Areas de Planejamento (AP),Instituto Pereira Passos / Prefeitura do Rio de Janeiro,https://pgeo3.rio.rj.gov.br/arcgis/rest/services/Cartografia/Limites_administrativos/FeatureServer/1/query?where=1%3D1&outFields=*&returnGeometry=true&f=json,arcgis_feature_query,public,Public municipal portal; verify reuse terms,Municipio do Rio de Janeiro,Planning Area polygon,current portal snapshot,ArcGIS JSON,EPSG:31983,Administrative boundaries and territorial reference layers,AP filter and AP3 study scope,Portal service can change without a versioned release; capture provenance per snapshot,data/raw/data-rio/data-rio__limites_ap__atual,downloaded,promoted,2026-05-17T17:36:57+00:00,"First priority small reproducible download | Downloaded limites_ap.json; sha256 in provenance.json | Phase 2: promoted - Official Planning Area territorial units and AP3 filter. Reason: Small official municipal polygon layer, readable, traceable, and required for the Phase 3 drilldown contract. Limitation: Portal snapshot is not a versioned release; preserve provenance and generation date."
data-rio__limites_ra__atual,Limite Regioes Administrativas (RA),Instituto Pereira Passos / Prefeitura do Rio de Janeiro,https://pgeo3.rio.rj.gov.br/arcgis/rest/services/Cartografia/Limites_administrativos/FeatureServer/3/query?where=1%3D1&outFields=*&returnGeometry=true&f=json,arcgis_feature_query,public,Public municipal portal; verify reuse terms,Municipio do Rio de Janeiro,Administrative Region polygon,current portal snapshot,ArcGIS JSON,EPSG:31983,Administrative boundaries and territorial reference layers,Territorial drilldown between AP and neighborhoods,Portal service can change without a versioned release; capture provenance per snapshot,data/raw/data-rio/data-rio__limites_ra__atual,downloaded,promoted,2026-05-17T17:37:20+00:00,"Small reproducible download | Downloaded limites_ra.json; sha256 in provenance.json | Phase 2: promoted - Official Administrative Region territorial units. Reason: Official municipal polygon layer supports AP-to-RA drilldown. Limitation: Used as territorial reference, not as risk evidence."
data-rio__limites_bairros__atual,Limite de Bairros,Instituto Pereira Passos / Prefeitura do Rio de Janeiro,https://pgeo3.rio.rj.gov.br/arcgis/rest/services/Cartografia/Limites_administrativos/FeatureServer/4/query?where=1%3D1&outFields=*&returnGeometry=true&f=json,arcgis_feature_query,public,Public municipal portal; verify reuse terms,Municipio do Rio de Janeiro,Neighborhood polygon,current portal snapshot,ArcGIS JSON,EPSG:31983,Administrative boundaries and territorial reference layers,Neighborhood-level territorial drilldown and joins,Portal service can change without a versioned release; capture provenance per snapshot,data/raw/data-rio/data-rio__limites_bairros__atual,downloaded,promoted,2026-05-17T17:37:30+00:00,Small reproducible download | Downloaded limites_bairros.json; sha256 in provenance.json | Phase 2: promoted - Official neighborhood territorial units and primary score geography. Reason: Official neighborhood polygons include AP and administrative-region attributes and can join to multiple collected sources. Limitation: Some recent municipal neighborhood names do not have a one-to-one Census 2022 neighborhood match.
data-rio__alerta_rio_estacoes__atual,Estacoes Alerta Rio,GEORIO / Prefeitura do Rio de Janeiro,https://pgeo3.rio.rj.gov.br/arcgis/rest/services/Geotecnia/Estacoes_AlertaRio/FeatureServer/0/query?where=1%3D1&outFields=*&returnGeometry=true&f=json,arcgis_feature_query,public,Public municipal portal; verify reuse terms,Municipio do Rio de Janeiro,Monitoring station point,current active station snapshot,ArcGIS JSON,EPSG:4326,"Flooding, inundation, and urban water risk;Temporal evidence",Locate rainfall and weather stations for later temporal joins,Station network is only station location metadata; measurements require separate temporal capture,data/raw/data-rio/data-rio__alerta_rio_estacoes__atual,downloaded,promoted,2026-05-17T17:37:08+00:00,Small reproducible download | Downloaded alerta_rio_estacoes.json; sha256 in provenance.json | Phase 2: promoted - Monitoring-station context layer. Reason: Station locations are readable point data and useful for explaining future rainfall time-series linkage. Limitation: Station locations are not rainfall measurements; no temporal comparison is inferred from this layer.
alerta-rio__chuva_tempo_real__snapshot,Dados Pluviometricos do Sistema Alerta Rio,GEORIO / Prefeitura do Rio de Janeiro,http://websempre.rio.rj.gov.br/estacoes/,html_snapshot,public,Public municipal portal; verify reuse terms,Municipio do Rio de Janeiro,Station reading table,real-time/latest reading,HTML,not applicable,"Flooding, inundation, and urban water risk;Temporal evidence",Capture current rainfall snapshot and identify measurement fields,Real-time page is not a stable historical archive; use only as source discovery until historical route is confirmed,data/raw/alerta-rio/alerta-rio__chuva_tempo_real__snapshot,downloaded,deferred,2026-05-17T17:37:40+00:00,Snapshot route is useful but needs a historical acquisition strategy | Downloaded alerta_rio_estacoes_snapshot.html; sha256 in provenance.json | Phase 2: deferred - Source-discovery snapshot only. Reason: Real-time HTML snapshot is not a stable historical series and cannot support temporal comparison. Limitation: Needs a reproducible historical route before promotion.
ibge__setores_censitarios_malha_rj__2022,Malha de Setores Censitarios 2022 - RJ,IBGE,https://geoftp.ibge.gov.br/organizacao_do_territorio/malhas_territoriais/malhas_de_setores_censitarios__divisoes_intramunicipais/censo_2022/setores/gpkg/UF/RJ/RJ_setores_CD2022.gpkg,direct_download,public,IBGE public downloads,Estado do Rio de Janeiro,Census Sector polygon,2022,GeoPackage,SIRGAS 2000 / verify EPSG in file,Administrative boundaries and territorial reference layers,Preferred fine-grained territorial unit for later evidence calculation,Statewide file is moderately large and still requires clipping/filtering in Phase 2,data/raw/ibge/ibge__setores_censitarios_malha_rj__2022,downloaded,deferred,2026-05-17T17:44:39+00:00,About 70 MB; download through script when needed | Downloaded RJ_setores_CD2022_malha.gpkg; sha256 in provenance.json | Phase 2: deferred - Backup geometry source. Reason: The aggregated GeoPackage already contains the same Rio census-sector geometry plus attributes needed for this phase. Limitation: Keep raw file for future census-sector drilldown.
ibge__setores_censitarios_agregados_rj__2022,Agregados por Setores Censitarios com Malha - RJ,IBGE,https://ftp.ibge.gov.br/Censos/Censo_Demografico_2022/Agregados_por_Setores_Censitarios/malha_com_atributos/setores/gpkg/UF/RJ/RJ_setores_CD2022.gpkg,direct_download,public,IBGE public downloads,Estado do Rio de Janeiro,Census Sector polygon with attributes,2022,GeoPackage,SIRGAS 2000 / verify EPSG in file,"Vulnerability, demographics, and social conditions;Administrative boundaries and territorial reference layers",Population and household baseline for vulnerability and AP3 context,Large source requires Phase 2 schema inspection and careful join semantics,data/raw/ibge/ibge__setores_censitarios_agregados_rj__2022,downloaded,promoted,2026-05-17T17:44:52+00:00,"About 72 MB; likely high value for Phase 2 | Downloaded RJ_setores_CD2022_agregados.gpkg; sha256 in provenance.json | Phase 2: promoted - Census 2022 population, households, and exposure metrics aggregated to neighborhoods. Reason: Traceable IBGE GeoPackage with Rio census sectors and basic variables at useful spatial resolution. Limitation: Only basic population/household variables are used; this is social exposure, not a full socioeconomic vulnerability index."
ibge__censo2022_agregados_setores_documentacao__2022,Censo 2022 Agregados por Setores Censitarios - Documentacao,IBGE,https://www.ibge.gov.br/estatisticas/sociais/administracao-publica-e-participacao-politica/22827-censo-demografico-2022.html?edicao=41851,portal_documentation,public,IBGE public documentation,Brasil and subnational,Documentation and data dictionaries,2022,HTML/PDF,not applicable,Supporting context,Document variable definitions and comparability warnings before curation,Download pages can reorganize links; preserve citation and any PDFs used,data/raw/ibge/ibge__censo2022_agregados_setores_documentacao__2022,downloaded,deferred,2026-05-17T17:45:03+00:00,"Use before interpreting variables | Downloaded ibge_censo2022_agregados_setores_documentacao.html; sha256 in provenance.json | Phase 2: deferred - Methodological reference. Reason: Useful for interpretation, but not a prioritization-evidence layer by itself. Limitation: Variable dictionary should be captured explicitly before expanding census indicators."
ana__hidroweb_series_historicas__atual,HidroWeb Series Historicas,ANA / SNIRH,https://www.snirh.gov.br/hidroweb/,portal_or_api,public,Public federal water information system; verify terms,National with station filtering,Hydrometeorological station time series,historical and current as available,Portal/API exports,station dependent,"Flooding, inundation, and urban water risk;Temporal evidence",Identify rainfall and river stations relevant to Rio/AP3,Station selection and API route need confirmation; do not block other sources,data/raw/ana/ana__hidroweb_series_historicas__atual,downloaded,deferred,2026-05-17T18:02:45+00:00,Next step is station inventory for municipality and nearby basins | Downloaded ana_hidroweb.html; sha256 in provenance.json | Phase 2: deferred - Future station time-series source. Reason: No station/indicator selection was defined for Phase 2 scoring. Limitation: Promote only after Phase 2 or Phase 3 chooses comparable stations and hydrological indicators.
inea__geoinea_camadas_ambientais__atual,Portal GeoInea Camadas Ambientais,INEA,https://www.inea.rj.gov.br/biodiversidade-territorio/informacoes-geoespaciais/,portal_download_or_geoservice,public,Public state environmental portal; verify per layer,Estado do Rio de Janeiro,Layer dependent,current portal snapshot,Shapefile/KML/GeoTIFF/OGC service,layer dependent,"Vegetation cover and green infrastructure;Flooding, inundation, and urban water risk;Supporting context",Discover environmental layers for vegetation water resources and protected areas,Layer-by-layer licensing formats and download routes must be documented,data/raw/inea/inea__geoinea_camadas_ambientais__atual,downloaded,deferred,2026-05-17T18:02:53+00:00,Complex source family; use docs/sources/inea.md | Downloaded inea_informacoes_geoespaciais.html; sha256 in provenance.json | Phase 2: deferred - Future environmental layers. Reason: Only the source page was captured; individual layers still need extraction. Limitation: Layer-by-layer extraction is required before quality assessment.
ceperj__iderj_geoservicos__atual,IDE.RJ Catalogo e Geoservicos,CEPERJ / Governo do Estado do Rio de Janeiro,https://iderj.ceperj.rj.gov.br,portal_or_ogc_service,public,Public state data infrastructure; verify per layer,Estado do Rio de Janeiro,Layer dependent,current catalog snapshot,OGC services and downloadable resources,layer dependent,Supporting context,Discover statewide contextual layers that complement municipal data,Catalog requires layer-level review and stable service capture,data/raw/ceperj/ceperj__iderj_geoservicos__atual,downloaded,deferred,2026-05-17T18:02:59+00:00,Use after municipal and federal reference layers | Downloaded iderj_home.html; sha256 in provenance.json | Phase 2: deferred - Source-discovery route. Reason: Captured route is not yet a concrete analyzable dataset. Limitation: Needs layer selection and extraction.
mapbiomas__cobertura_uso_solo_10m__colecao2_beta,Cobertura e Uso da Terra 10m - Colecao 2 beta,MapBiomas,https://brasil.mapbiomas.org/mapbiomas-cobertura-10m/,portal_download_or_google_earth_engine,public,Creative Commons CC-BY-SA per MapBiomas page,Brasil,10 m raster,annual series / verify selected years,GeoTIFF/Google Earth Engine export,verify in exported file,Vegetation cover and green infrastructure;Impervious surface and land use;Temporal evidence,Vegetation deficit land cover and impervious/urban pressure signals,Exports may require selecting region/year and may be large; document exact query/export,data/raw/mapbiomas/mapbiomas__cobertura_uso_solo_10m__colecao2_beta,downloaded,deferred,2026-05-17T18:03:09+00:00,"Manual/export task needed; do not fake analytical outputs before curation | Downloaded mapbiomas_cobertura_10m.html; sha256 in provenance.json | Phase 2: deferred - MapBiomas collection landing page. Reason: The page is provenance context, while the large GeoTIFFs require a raster statistics pipeline before evidence promotion. Limitation: Do not infer land-cover metrics until raster clipping and class accounting are reproducible."
snis__serie_historica_saneamento__1995_atual,SNIS Serie Historica,SNIS / Ministerio das Cidades,https://www.gov.br/cidades/pt-br/acesso-a-informacao/acoes-e-programas/saneamento/pmss/snis,portal_download,public,Federal public information page; verify data product terms,Brasil with municipal records,Municipality/service-provider indicators,1995 onward for water/sewage; other components vary,Web app export/CSV/XLS as available,not applicable,Sanitation and drainage,Sanitation stress indicators at municipality or provider scale,Spatial resolution may be too coarse for intra-urban AP3 but still useful context,data/raw/snis/snis__serie_historica_saneamento__1995_atual,downloaded,deferred,2026-05-17T18:03:24+00:00,Needs exact export route from Serie Historica app | Downloaded snis_page.html; sha256 in provenance.json | Phase 2: deferred - General SNIS route. Reason: A more specific Rio AE export was captured and curated as municipal temporal context. Limitation: General page is not directly analyzable.
sinisa__saneamento_basico__2024_atual,SINISA Saneamento Basico,SINISA / Ministerio das Cidades,https://www.gov.br/cidades/pt-br/acesso-a-informacao/acoes-e-programas/saneamento/sinisa/sinisa-1/sinisa,portal_download,public,Federal public information page; verify data product terms,Brasil with municipal records,Municipality/provider indicators,2024 onward,Portal export/API as available,not applicable,Sanitation and drainage,Continuation path after SNIS transition,New system may have different schema and availability than historical SNIS,data/raw/sinisa/sinisa__saneamento_basico__2024_atual,downloaded,deferred,2026-05-17T18:03:34+00:00,Track together with SNIS for continuity | Downloaded sinisa_page.html; sha256 in provenance.json | Phase 2: deferred - Future structured sanitation source. Reason: Only public page capture is available; no stable structured export is curated. Limitation: Needs structured SINISA route beyond the public page.
sgb-cprm__rio_suscetibilidade_movimentos_massa_inundacao__2018,Carta de Suscetibilidade a Movimentos de Massa e Inundacao - Rio de Janeiro,SGB / CPRM,https://rigeo.sgb.gov.br/handle/doc/20329,repository_download,public,Open access item in RIGeo,Municipio do Rio de Janeiro,Map 1:120000 with vector and MDE products,2018,PDF/ZIP vector/MDE,verify in files,"Flooding, inundation, and urban water risk;Supporting context",Risk and susceptibility context for inundation and geomorphological constraints,Vector SIG package is about 1.32 GB; download only through large-file script or manual confirmation,data/raw/sgb-cprm/sgb-cprm__rio_suscetibilidade_movimentos_massa_inundacao__2018,downloaded,deferred,2026-05-17T18:02:37+00:00,Large-file task recorded in manual-access todos | Downloaded rigeo_item_20329.html; sha256 in provenance.json | Phase 2: deferred - Source page for SGB/CPRM susceptibility package. Reason: The analyzable evidence comes from the SIG ZIP record. Limitation: Keep as provenance context for the source family.
sgb-cprm__rio_suscetibilidade_mapa_pdf__2018,Carta de Suscetibilidade Rio de Janeiro - mapa PDF,SGB / CPRM,https://rigeo.sgb.gov.br/server/api/core/bitstreams/26637fc8-5abe-4c17-8c7c-a2fa0123d1fe/content,direct_download,public,Open access item in RIGeo,Municipio do Rio de Janeiro,Map 1:120000,2018,PDF,not applicable,"Flooding, inundation, and urban water risk;Supporting context",Citable cartographic product for susceptibility context,PDF map is interpretive cartography and not app-ready vector evidence,data/raw/sgb-cprm/sgb-cprm__rio_suscetibilidade_mapa_pdf__2018,downloaded,deferred,2026-05-17T17:47:36+00:00,RIGeo bitstream from item doc/20329 | Downloaded mapa_riodejaneiro_rj_suscet.pdf; sha256 in provenance.json | Phase 2: deferred - Visual reference map. Reason: PDF map is useful for review but not used directly in reproducible spatial joins. Limitation: Use the SIG vectors for analysis.
sgb-cprm__rio_suscetibilidade_sig_zip__2018,Carta de Suscetibilidade Rio de Janeiro - arquivos vetoriais SIG,SGB / CPRM,https://rigeo.sgb.gov.br/server/api/core/bitstreams/85495bf8-8b2d-49a2-b93c-85fea3942623/content,direct_download,public,Open access item in RIGeo,Municipio do Rio de Janeiro,Vector layers for map 1:120000,2018,ZIP,verify in extracted files,"Flooding, inundation, and urban water risk;Supporting context",Raw vector package for susceptibility and inundation-related context,Large package around 1.42 GB; extraction and interpretation belong to Phase 2,data/raw/sgb-cprm/sgb-cprm__rio_suscetibilidade_sig_zip__2018,downloaded,promoted,2026-05-17T18:40:12+00:00,"RIGeo bitstream from item doc/20329 | Downloaded sig_riodejaneiro_rj_suscet.zip; sha256 in provenance.json | Phase 2: promoted - Inundation and related susceptibility evidence allocated to neighborhoods. Reason: ZIP contains vector Shapefiles with classes and SIRGAS 2000 UTM 23S CRS; Phase 2 reads the relevant Shapefiles directly. Limitation: Neighborhood allocation uses polygon centroids and source polygon area, so it is a screening proxy, not parcel-scale hazard mapping."
sgb-cprm__rio_suscetibilidade_mde_zip__2018,Carta de Suscetibilidade Rio de Janeiro - produtos MDE,SGB / CPRM,https://rigeo.sgb.gov.br/server/api/core/bitstreams/8cdb4951-5b2c-4dcd-a7b6-cfa61c64667a/content,direct_download,public,Open access item in RIGeo,Municipio do Rio de Janeiro,Digital elevation model products,2018,ZIP,verify in extracted files,"Flooding, inundation, and urban water risk;Supporting context",Raw elevation products linked to susceptibility mapping,Large supporting package; app suitability requires Phase 2 review,data/raw/sgb-cprm/sgb-cprm__rio_suscetibilidade_mde_zip__2018,downloaded,deferred,2026-05-17T17:51:02+00:00,RIGeo bitstream from item doc/20329 | Downloaded mde_riodejaneiro_rj_suscet.zip; sha256 in provenance.json | Phase 2: deferred - Future terrain derivatives. Reason: DEM processing is not required for the first app-ready score and would need a raster pipeline. Limitation: Promote only after slope/elevation derivatives are specified.
sgb-cprm__rio_suscetibilidade_license__2018,Carta de Suscetibilidade Rio de Janeiro - license file,SGB / CPRM,https://rigeo.sgb.gov.br/server/api/core/bitstreams/76a546fc-5f98-42ca-91ae-a5588cb7969b/content,direct_download,public,Open access item in RIGeo,Municipio do Rio de Janeiro,License text,2018,TXT,not applicable,Supporting context,License and reuse documentation for RIGeo item,Supporting document only,data/raw/sgb-cprm/sgb-cprm__rio_suscetibilidade_license__2018,downloaded,rejected,2026-05-17T17:51:11+00:00,"RIGeo bitstream from item doc/20329 | Downloaded license.txt; sha256 in provenance.json | Phase 2: rejected - License/reference text only. Reason: Not a spatial or analytical evidence dataset. Limitation: Keep file for transparency, not as evidence."
sgb-cprm__rio_suscetibilidade_pdf_text__2018,Carta de Suscetibilidade Rio de Janeiro - extracted PDF text,SGB / CPRM,https://rigeo.sgb.gov.br/server/api/core/bitstreams/ccd0895f-0894-4394-aa07-77e282e7654b/content,direct_download,public,Open access item in RIGeo,Municipio do Rio de Janeiro,Extracted text from PDF,2018,TXT,not applicable,Supporting context,Searchable text for citation and metadata review,Derived repository text should be checked against the PDF,data/raw/sgb-cprm/sgb-cprm__rio_suscetibilidade_pdf_text__2018,downloaded,deferred,2026-05-17T17:51:22+00:00,RIGeo bitstream from item doc/20329 | Downloaded mapa_riodejaneiro_rj_suscet.pdf.txt; sha256 in provenance.json | Phase 2: deferred - Methodological reference text. Reason: Useful for future methodological notes but not a spatial evidence layer. Limitation: Should be reviewed manually before expanding SGB interpretation.
sgb-cprm__rio_suscetibilidade_thumbnail__2018,Carta de Suscetibilidade Rio de Janeiro - thumbnail,SGB / CPRM,https://rigeo.sgb.gov.br/server/api/core/bitstreams/f6777a0c-a007-4c38-99cd-c3a3f65dd123/content,direct_download,public,Open access item in RIGeo,Municipio do Rio de Janeiro,Repository thumbnail,2018,JPG,not applicable,Supporting context,Repository visual thumbnail for source audit,Not analytical evidence,data/raw/sgb-cprm/sgb-cprm__rio_suscetibilidade_thumbnail__2018,downloaded,rejected,2026-05-17T17:51:31+00:00,RIGeo bitstream from item doc/20329 | Downloaded mapa_riodejaneiro_rj_suscet.pdf.jpg; sha256 in provenance.json | Phase 2: rejected - Thumbnail only. Reason: Image thumbnail is not analytically useful as evidence. Limitation: The source remains represented by the SIG ZIP and PDF records.
sgb-cprm__cartografia_riscos_geologicos__atual,Cartografia de Riscos Geologicos,SGB / CPRM,https://www.sgb.gov.br/cartografia-de-riscos-geologicos,portal_dashboard,public,Public SGB portal; verify downloadable products,Brasil with municipal products,Area/risk sector dependent,current portal catalog,Dashboard/geoservice/download,layer dependent,"Flooding, inundation, and urban water risk;Supporting context",Search for additional risk sector products for Rio and nearby municipalities,Dashboard and product pages require layer-level extraction,data/raw/sgb-cprm/sgb-cprm__cartografia_riscos_geologicos__atual,downloaded,deferred,2026-05-17T18:03:41+00:00,Use after Rio susceptibility item | Downloaded sgb_cartografia_riscos_geologicos.html; sha256 in provenance.json | Phase 2: deferred - Future risk-cartography source. Reason: Captured dashboard/page is not yet a concrete spatial extract. Limitation: Needs layer extraction and field review.
osm__rio_openstreetmap_extract__atual,OpenStreetMap Rio Extract,OpenStreetMap contributors,https://overpass-api.de/api/interpreter,overpass_query,public,Open Database License (ODbL),Municipio do Rio de Janeiro,Feature dependent,current OSM state at extraction time,OSM XML/GeoJSON,EPSG:4326,"Public facilities, public land, and intervention opportunity spaces;Supporting context",Roads waterways green spaces amenities and candidate opportunity-space context,Community completeness varies; ODbL attribution and share-alike obligations must be handled,data/raw/osm/osm__rio_openstreetmap_extract__atual,downloaded,deferred,2026-05-17T18:08:02+00:00,"Design Overpass queries by theme before downloading | Downloaded rio_nbs_context_overpass.json; Overpass query and sha256 in provenance.json | Phase 2: deferred - Future supplemental public-space and infrastructure context. Reason: Large Overpass extract duplicates stronger municipal facilities for the first score. Limitation: Needs tag filtering, deduplication, and license-specific attribution before promotion."
academic__cem_setores_rm_rio__2022,Setores Censitarios 2022 da Regiao Metropolitana do Rio de Janeiro,CEM / USP,https://centrodametropole.fflch.usp.br/pt-br/node/17503,secondary_download,public,Academic/institutional page; verify terms,Regiao Metropolitana do Rio de Janeiro,Census Sector polygon,2022,GeoPackage/Shapefile as offered,verify in file,Administrative boundaries and territorial reference layers;Supporting context,Secondary cross-check or convenience extract for metropolitan Rio,Derived from IBGE; prefer IBGE as authoritative unless CEM adds useful clipping/documentation,data/raw/academic/academic__cem_setores_rm_rio__2022,downloaded,deferred,2026-05-17T18:03:50+00:00,Secondary source only | Downloaded cem_setores_rm_rio_2022_page.html; sha256 in provenance.json | Phase 2: deferred - Future comparison source. Reason: Captured page only; not directly used while IBGE official sector data is available. Limitation: Review if metropolitan harmonization becomes necessary.
academic__cem_setores_rm_rio_zip__2022,Setores Censitarios 2022 da Regiao Metropolitana do Rio de Janeiro - ZIP,CEM / USP,https://drive.google.com/file/d/1scCSn-rR67DwtB8UfAYWZvYTxzpM6s3C/view?usp=drive_link,google_drive_public_download,public,Academic/institutional page; verify terms,Regiao Metropolitana do Rio de Janeiro,Census Sector polygon,2022,ZIP,verify in extracted files,Administrative boundaries and territorial reference layers;Supporting context,Secondary cross-check or convenience extract for metropolitan Rio,Derived from IBGE; prefer IBGE as authoritative unless CEM adds useful clipping/documentation,data/raw/academic/academic__cem_setores_rm_rio_zip__2022,downloaded,deferred,2026-05-17T18:06:33+00:00,"Public Google Drive file linked from CEM page; expected filename SC2022_RMRIO_CEM_V1.zip | Downloaded SC2022_RMRIO_CEM_V1.zip; sha256 in provenance.json | Phase 2: deferred - Future comparison source. Reason: Potentially useful, but official IBGE Rio sector data is preferred for this phase. Limitation: Needs schema comparison before use."
mapbiomas__cobertura_uso_solo_10m_tif__2019,Cobertura e Uso da Terra 10m - Colecao 2 beta 2019,MapBiomas,https://storage.googleapis.com/mapbiomas-public/initiatives/brasil/lulc_10m/collection_2/integration/mapbiomas_10m_collection2_integration_v1-classification_2019.tif,direct_download,public,Creative Commons CC-BY-SA per MapBiomas page,Brasil,10 m raster,2019,GeoTIFF,verify in file,Vegetation cover and green infrastructure;Impervious surface and land use;Temporal evidence,Vegetation deficit land cover and impervious/urban pressure signals,National raster about 5.39 GB; clipping and class interpretation belong to Phase 2,data/raw/mapbiomas/mapbiomas__cobertura_uso_solo_10m_tif__2019,downloaded,deferred,2026-05-17T18:59:58+00:00,Official Google Cloud Storage GeoTIFF linked from MapBiomas page | Downloaded mapbiomas_10m_collection2_integration_v1-classification_2019.tif; sha256 in provenance.json | Phase 2: deferred - Future temporal land-cover metric. Reason: GeoTIFF is available but needs raster zonal statistics and class dictionary before promotion. Limitation: Do not expose temporal trend until all years are processed consistently.
mapbiomas__cobertura_uso_solo_10m_tif__2020,Cobertura e Uso da Terra 10m - Colecao 2 beta 2020,MapBiomas,https://storage.googleapis.com/mapbiomas-public/initiatives/brasil/lulc_10m/collection_2/integration/mapbiomas_10m_collection2_integration_v1-classification_2020.tif,direct_download,public,Creative Commons CC-BY-SA per MapBiomas page,Brasil,10 m raster,2020,GeoTIFF,verify in file,Vegetation cover and green infrastructure;Impervious surface and land use;Temporal evidence,Vegetation deficit land cover and impervious/urban pressure signals,National raster about 5.38 GB; clipping and class interpretation belong to Phase 2,data/raw/mapbiomas/mapbiomas__cobertura_uso_solo_10m_tif__2020,downloaded,deferred,2026-05-17T18:56:46+00:00,Official Google Cloud Storage GeoTIFF linked from MapBiomas page | Downloaded mapbiomas_10m_collection2_integration_v1-classification_2020.tif; sha256 in provenance.json | Phase 2: deferred - Future temporal land-cover metric. Reason: GeoTIFF is available but needs raster zonal statistics and class dictionary before promotion. Limitation: Do not expose temporal trend until all years are processed consistently.
mapbiomas__cobertura_uso_solo_10m_tif__2021,Cobertura e Uso da Terra 10m - Colecao 2 beta 2021,MapBiomas,https://storage.googleapis.com/mapbiomas-public/initiatives/brasil/lulc_10m/collection_2/integration/mapbiomas_10m_collection2_integration_v1-classification_2021.tif,direct_download,public,Creative Commons CC-BY-SA per MapBiomas page,Brasil,10 m raster,2021,GeoTIFF,verify in file,Vegetation cover and green infrastructure;Impervious surface and land use;Temporal evidence,Vegetation deficit land cover and impervious/urban pressure signals,National raster about 5.41 GB; clipping and class interpretation belong to Phase 2,data/raw/mapbiomas/mapbiomas__cobertura_uso_solo_10m_tif__2021,downloaded,deferred,2026-05-17T18:53:28+00:00,Official Google Cloud Storage GeoTIFF linked from MapBiomas page | Downloaded mapbiomas_10m_collection2_integration_v1-classification_2021.tif; sha256 in provenance.json | Phase 2: deferred - Future temporal land-cover metric. Reason: GeoTIFF is available but needs raster zonal statistics and class dictionary before promotion. Limitation: Do not expose temporal trend until all years are processed consistently.
mapbiomas__cobertura_uso_solo_10m_tif__2022,Cobertura e Uso da Terra 10m - Colecao 2 beta 2022,MapBiomas,https://storage.googleapis.com/mapbiomas-public/initiatives/brasil/lulc_10m/collection_2/integration/mapbiomas_10m_collection2_integration_v1-classification_2022.tif,direct_download,public,Creative Commons CC-BY-SA per MapBiomas page,Brasil,10 m raster,2022,GeoTIFF,verify in file,Vegetation cover and green infrastructure;Impervious surface and land use;Temporal evidence,Vegetation deficit land cover and impervious/urban pressure signals,National raster about 5.46 GB; clipping and class interpretation belong to Phase 2,data/raw/mapbiomas/mapbiomas__cobertura_uso_solo_10m_tif__2022,downloaded,deferred,2026-05-17T18:50:01+00:00,Official Google Cloud Storage GeoTIFF linked from MapBiomas page | Downloaded mapbiomas_10m_collection2_integration_v1-classification_2022.tif; sha256 in provenance.json | Phase 2: deferred - Future temporal land-cover metric. Reason: GeoTIFF is available but needs raster zonal statistics and class dictionary before promotion. Limitation: Do not expose temporal trend until all years are processed consistently.
mapbiomas__cobertura_uso_solo_10m_tif__2023,Cobertura e Uso da Terra 10m - Colecao 2 beta 2023,MapBiomas,https://storage.googleapis.com/mapbiomas-public/initiatives/brasil/lulc_10m/collection_2/integration/mapbiomas_10m_collection2_integration_v1-classification_2023.tif,direct_download,public,Creative Commons CC-BY-SA per MapBiomas page,Brasil,10 m raster,2023,GeoTIFF,verify in file,Vegetation cover and green infrastructure;Impervious surface and land use;Temporal evidence,Vegetation deficit land cover and impervious/urban pressure signals,National raster about 5.50 GB; clipping and class interpretation belong to Phase 2,data/raw/mapbiomas/mapbiomas__cobertura_uso_solo_10m_tif__2023,downloaded,deferred,2026-05-17T18:46:28+00:00,Official Google Cloud Storage GeoTIFF linked from MapBiomas page | Downloaded mapbiomas_10m_collection2_integration_v1-classification_2023.tif; sha256 in provenance.json | Phase 2: deferred - Future temporal land-cover metric. Reason: GeoTIFF is available but needs raster zonal statistics and class dictionary before promotion. Limitation: Do not expose temporal trend until all years are processed consistently.
snis__serie_historica_rio_agregado_ae__1995_2022,SNIS Serie Historica Agua e Esgotos - Rio de Janeiro agregado,SNIS / Ministerio das Cidades,https://app4.cidades.gov.br/serieHistorica/,snis_ajax_export,public,Federal public information system; verify data product terms,Municipio do Rio de Janeiro,Provider aggregate records,1995-2022,JSON,not applicable,Sanitation and drainage,Water and sewage indicators for Rio de Janeiro providers across available SNIS years,Server-side export structure is app-specific and should be normalized in Phase 2,data/raw/snis/snis__serie_historica_rio_agregado_ae__1995_2022,downloaded,promoted,2026-05-17T19:12:56+00:00,"Automated public SNIS Serie Historica AJAX export | Downloaded SNIS AE Rio JSON export; 45 grid records; sha256_by_file in provenance.json | Phase 2: promoted - Municipal sanitation temporal context. Reason: Structured JSON export is readable and exposes Rio provider/year sanitation indicators. Limitation: Municipal/provider resolution is not neighborhood-discriminating, so it is not used in the neighborhood score."
ana__snirh_estacoes_hidrometeorologicas_rj__atual,Estacoes Hidrometeorologicas SNIRH - RJ,ANA / SNIRH,https://portal1.snirh.gov.br/server/rest/services/Esta%C3%A7%C3%B5es_Hidrometeorol%C3%B3gicas_SNIRH/FeatureServer/0/query?where=UF%3D%27RJ%27&outFields=*&returnGeometry=true&f=json,arcgis_feature_query,public,Public SNIRH ArcGIS service; verify terms,Estado do Rio de Janeiro,Monitoring station point,current service snapshot,ArcGIS JSON,EPSG:4326,"Flooding, inundation, and urban water risk;Temporal evidence;Supporting context",Station inventory for hydrological rainfall climate and water monitoring sources,Station inventory only; time-series values require separate API/export per station,data/raw/ana/ana__snirh_estacoes_hidrometeorologicas_rj__atual,downloaded,rejected,2026-05-17T19:14:56+00:00,Public ArcGIS service discovered from SNIRH services directory | Downloaded snirh_estacoes_hidrometeorologicas_rj.json; sha256 in provenance.json | Phase 2: rejected - None for this phase. Reason: Captured ArcGIS JSON contains zero features. Limitation: Retry source route if ANA station metadata becomes necessary.
data-rio__hidrografia__atual,Hidrografia municipal,Fundacao Rio-Aguas / Instituto Pereira Passos / Prefeitura do Rio de Janeiro,https://pgeo3.rio.rj.gov.br/arcgis/rest/services/Meio_Ambiente/Hidrografia/FeatureServer/0/query?where=1%3D1&outFields=*&returnGeometry=true&f=json,arcgis_feature_query_paginated,public,Public municipal portal; verify reuse terms,Municipio do Rio de Janeiro,Hydrography polyline,current portal snapshot,ArcGIS JSON,EPSG:31983,"Flooding, inundation, and urban water risk;Sanitation and drainage;Supporting context",Macrodrainage and watercourse context for AP3 and Rio,ArcGIS service snapshot can change without versioned release,data/raw/data-rio/data-rio__hidrografia__atual,downloaded,promoted,2026-05-17T19:23:39+00:00,"Layer discovered through municipal ArcGIS service | Downloaded hidrografia_arcgis_capture.json; 3663 objectIds; sha256 in provenance.json | Phase 2: promoted - Hydrography density and covered-watercourse proxy by neighborhood. Reason: Readable municipal polyline layer includes AP, neighborhood code, covered/open flag, and length. Limitation: Hydrography density is a pressure/context proxy, not a direct drainage-capacity measurement."
data-rio__sub_bacias_hidrograficas__atual,Sub-bacias hidrograficas,Prefeitura do Rio de Janeiro,https://pgeo3.rio.rj.gov.br/arcgis/rest/services/Meio_Ambiente/Sub_bacias_hidrograficas/FeatureServer/0/query?where=1%3D1&outFields=*&returnGeometry=true&f=json,arcgis_feature_query_paginated,public,Public municipal portal; verify reuse terms,Municipio do Rio de Janeiro,Hydrographic sub-basin polygon,current portal snapshot,ArcGIS JSON,EPSG:31983,"Flooding, inundation, and urban water risk;Supporting context",Drainage-basin context for grouping AP3 water-risk evidence,ArcGIS service snapshot can change without versioned release,data/raw/data-rio/data-rio__sub_bacias_hidrograficas__atual,downloaded,promoted,2026-05-17T19:23:46+00:00,"Layer discovered through municipal ArcGIS service | Downloaded sub_bacias_hidrograficas_arcgis_capture.json; 55 objectIds; sha256 in provenance.json | Phase 2: promoted - Hydrological context overlay. Reason: Readable official municipal polygon layer supports interpretation of drainage basins. Limitation: Used for context, not as a direct score component."
data-rio__pracas__atual,Pracas municipais,Prefeitura da Cidade do Rio de Janeiro,https://pgeo3.rio.rj.gov.br/arcgis/rest/services/Meio_Ambiente/Pra%C3%A7as/FeatureServer/0/query?where=1%3D1&outFields=*&returnGeometry=true&f=json,arcgis_feature_query_paginated,public,Public municipal portal; verify reuse terms,Municipio do Rio de Janeiro,Public square polygon,current portal snapshot,ArcGIS JSON,EPSG:31983,"Public facilities, public land, and intervention opportunity spaces;Vegetation cover and green infrastructure",Candidate public open-space context for nature-based solutions,Portal classification and ownership semantics require Phase 2 review,data/raw/data-rio/data-rio__pracas__atual,downloaded,promoted,2026-05-17T19:23:51+00:00,"Layer discovered through municipal ArcGIS service | Downloaded pracas_arcgis_capture.json; 4072 objectIds; sha256 in provenance.json | Phase 2: promoted - Public green-space and opportunity-space signal by neighborhood. Reason: Readable municipal polygon layer includes neighborhood code, AP, area, and status attributes. Limitation: Plaza area is not a complete vegetation-cover metric and does not replace MapBiomas."
data-rio__areas_protegidas__atual,Areas protegidas municipais e contextuais,SMAC / INEA / ICMBio / Prefeitura do Rio de Janeiro,https://pgeo3.rio.rj.gov.br/arcgis/rest/services/Meio_Ambiente/%C3%81reas_Protegidas/MapServer/0/query?where=1%3D1&outFields=*&returnGeometry=true&f=json,arcgis_feature_query_paginated,public,Public municipal portal; verify reuse terms,Municipio do Rio de Janeiro,Protected area polygon,current portal snapshot,ArcGIS JSON,EPSG:31983,Vegetation cover and green infrastructure;Supporting context,Environmental protection and constraint context for opportunity review,Includes multiple protection categories and institutions that need Phase 2 interpretation,data/raw/data-rio/data-rio__areas_protegidas__atual,downloaded,promoted,2026-05-17T19:23:53+00:00,Layer discovered through municipal ArcGIS service | Downloaded areas_protegidas_arcgis_capture.json; 94 objectIds; sha256 in provenance.json | Phase 2: promoted - Protected-area context overlay. Reason: Readable municipal polygon layer with management-category attributes. Limitation: Not assumed to be available intervention space; not used as a public-space deficit denominator.
data-rio__escolas_municipais__atual,Escolas municipais,Secretaria Municipal de Educacao / Prefeitura do Rio de Janeiro,https://pgeo3.rio.rj.gov.br/arcgis/rest/services/Educacao/SME/FeatureServer/1/query?where=1%3D1&outFields=*&returnGeometry=true&f=json,arcgis_feature_query_paginated,public,Public municipal portal; verify reuse terms,Municipio do Rio de Janeiro,Public school point,current portal snapshot,ArcGIS JSON,EPSG:31983,"Public facilities, public land, and intervention opportunity spaces;Vulnerability, demographics, and social conditions",Public equipment context and potential social co-benefit anchors,Facilities are not public land by themselves and must not be promoted without Phase 2 review,data/raw/data-rio/data-rio__escolas_municipais__atual,downloaded,promoted,2026-05-17T19:23:57+00:00,"Layer discovered through municipal ArcGIS service | Downloaded escolas_municipais_arcgis_capture.json; 1590 objectIds; sha256 in provenance.json | Phase 2: promoted - Public facility opportunity anchors. Reason: Readable municipal point layer; public schools can anchor green roofs, shade, and local SBN communication opportunities. Limitation: Facility presence is opportunity context, not proof of implementation feasibility."
data-rio__servicos_saude__atual,Servicos de saude municipais,Prefeitura do Rio de Janeiro,https://pgeo3.rio.rj.gov.br/arcgis/rest/services/Hosted/Servi%C3%A7os_de_Sa%C3%BAde/FeatureServer/0/query?where=1%3D1&outFields=*&returnGeometry=true&f=json,arcgis_feature_query_paginated,public,Public municipal portal; verify reuse terms,Municipio do Rio de Janeiro,Health service point,current portal snapshot,ArcGIS JSON,EPSG:31983,"Public facilities, public land, and intervention opportunity spaces;Vulnerability, demographics, and social conditions",Health-equipment context and potential vulnerability co-benefit anchors,Hosted layer provenance and update cadence need Phase 2 review,data/raw/data-rio/data-rio__servicos_saude__atual,downloaded,promoted,2026-05-17T19:23:58+00:00,Layer discovered through municipal ArcGIS service | Downloaded servicos_saude_arcgis_capture.json; 176 objectIds; sha256 in provenance.json | Phase 2: promoted - Public health facility opportunity anchors. Reason: Readable point layer supports local opportunity and vulnerability-context interpretation. Limitation: Collected service list appears concentrated in some areas; use with caution until source scope is confirmed.
data-rio__defesa_civil_sirenes__atual,Sirenes da Defesa Civil,Defesa Civil Municipal / Prefeitura do Rio de Janeiro,https://pgeo3.rio.rj.gov.br/arcgis/rest/services/Defesa_Civil/Defesa_Civil/FeatureServer/0/query?where=1%3D1&outFields=*&returnGeometry=true&f=json,arcgis_feature_query_paginated,public,Public municipal portal; verify reuse terms,Municipio do Rio de Janeiro,Emergency siren point,current portal snapshot,ArcGIS JSON,EPSG:31983,"Flooding, inundation, and urban water risk;Public facilities, public land, and intervention opportunity spaces",Community alert infrastructure context for risk interpretation,Emergency-support infrastructure is contextual and not direct environmental suitability evidence,data/raw/data-rio/data-rio__defesa_civil_sirenes__atual,downloaded,promoted,2026-05-17T19:24:01+00:00,"Layer discovered through municipal ArcGIS service | Downloaded defesa_civil_sirenes_arcgis_capture.json; 163 objectIds; sha256 in provenance.json | Phase 2: promoted - Civil-defense risk-context proxy. Reason: Readable municipal point layer for warning infrastructure in risk areas. Limitation: Sirens indicate recognized risk/response infrastructure, not measured flood probability."
data-rio__defesa_civil_pontos_apoio__atual,Pontos de apoio da Defesa Civil,Defesa Civil Municipal / Prefeitura do Rio de Janeiro,https://pgeo3.rio.rj.gov.br/arcgis/rest/services/Defesa_Civil/Defesa_Civil/FeatureServer/1/query?where=1%3D1&outFields=*&returnGeometry=true&f=json,arcgis_feature_query_paginated,public,Public municipal portal; verify reuse terms,Municipio do Rio de Janeiro,Emergency support point,current portal snapshot,ArcGIS JSON,EPSG:31983,"Flooding, inundation, and urban water risk;Public facilities, public land, and intervention opportunity spaces",Community support infrastructure context for risk interpretation,Emergency-support infrastructure is contextual and not direct environmental suitability evidence,data/raw/data-rio/data-rio__defesa_civil_pontos_apoio__atual,downloaded,promoted,2026-05-17T19:24:02+00:00,"Layer discovered through municipal ArcGIS service | Downloaded defesa_civil_pontos_apoio_arcgis_capture.json; 189 objectIds; sha256 in provenance.json | Phase 2: promoted - Civil-defense support context. Reason: Readable municipal point layer for support points related to risk communities. Limitation: Support points are response assets, not hazard measurements."
data-rio__defesa_civil_nupdec__atual,Nucleos de Protecao e Defesa Civil NUPDEC,Defesa Civil Municipal / Prefeitura do Rio de Janeiro,https://pgeo3.rio.rj.gov.br/arcgis/rest/services/Defesa_Civil/Defesa_Civil/FeatureServer/2/query?where=1%3D1&outFields=*&returnGeometry=true&f=json,arcgis_feature_query_paginated,public,Public municipal portal; verify reuse terms,Municipio do Rio de Janeiro,NUPDEC point,current portal snapshot,ArcGIS JSON,EPSG:31983,"Flooding, inundation, and urban water risk;Public facilities, public land, and intervention opportunity spaces",Local civil-defense organization context for risk interpretation,Emergency-support infrastructure is contextual and not direct environmental suitability evidence,data/raw/data-rio/data-rio__defesa_civil_nupdec__atual,downloaded,promoted,2026-05-17T19:24:02+00:00,"Layer discovered through municipal ArcGIS service | Downloaded defesa_civil_nupdec_arcgis_capture.json; 44 objectIds; sha256 in provenance.json | Phase 2: promoted - Civil-defense community organization context. Reason: Readable point layer contributes to risk-response context. Limitation: NUPDEC presence is institutional context, not risk intensity."
data-rio__defesa_civil_alojamentos__atual,Alojamentos provisorios da Defesa Civil,Defesa Civil Municipal / Prefeitura do Rio de Janeiro,https://pgeo3.rio.rj.gov.br/arcgis/rest/services/Defesa_Civil/Defesa_Civil/FeatureServer/3/query?where=1%3D1&outFields=*&returnGeometry=true&f=json,arcgis_feature_query_paginated,public,Public municipal portal; verify reuse terms,Municipio do Rio de Janeiro,Temporary shelter point,current portal snapshot,ArcGIS JSON,EPSG:31983,"Flooding, inundation, and urban water risk;Public facilities, public land, and intervention opportunity spaces",Emergency shelter context for risk interpretation,Emergency-support infrastructure is contextual and not direct environmental suitability evidence,data/raw/data-rio/data-rio__defesa_civil_alojamentos__atual,downloaded,promoted,2026-05-17T19:24:02+00:00,"Layer discovered through municipal ArcGIS service | Downloaded defesa_civil_alojamentos_arcgis_capture.json; 12 objectIds; sha256 in provenance.json | Phase 2: promoted - Civil-defense shelter context. Reason: Readable point layer contributes to response-infrastructure context. Limitation: Shelter presence is response context, not direct exposure."
