neighborhood_key,neighborhood_code,neighborhood_name,planning_area,source_neighborhood_names,sector_count,official_area_km2,ibge_sector_area_km2,v0001_population_total,v0002_private_households,v0003_permanent_private_households,v0004_collective_households_with_residents,v0007_occupied_private_households,v0005_avg_residents_private_households_weighted,v0006_avg_imputation_or_quality_flag_weighted,population_density_per_km2,occupied_household_density_per_km2
abolicao,70,Abolição,AP3,Abolição,19,0.616334,0.682894,9196,4780,4780,0,3842,2.403201,0.052069,14920.474629,6233.630222
acari,111,Acari,AP3,Acari,48,1.605529,1.586853,29673,11409,11409,0,10412,2.849097,0.106707,18481.763514,6485.091555
agua santa,67,Água Santa,AP3,Água Santa,15,2.426238,2.434412,6419,3199,3198,1,2617,2.433053,0.025977,2645.659287,1078.624451
alto da boa vista,34,Alto da Boa Vista,AP2,Alto da Boa Vista,25,31.49576,31.406457,8079,3640,3632,8,3069,2.619225,0.074616,256.51072,97.441688
anchieta,107,Anchieta,AP3,Anchieta,109,4.345739,4.361848,52569,22119,22117,2,19841,2.657038,0.028175,12096.677544,4565.621928
andarai,37,Andaraí,AP2,Andaraí,77,2.261306,2.266476,34576,17283,17277,6,14893,2.320741,0.082045,15290.275839,6586.015678
anil,116,Anil,AP4,Anil,63,3.50042,3.809098,31895,13976,13975,1,11971,2.670011,0.103423,9111.763753,3419.875337
argentino,166,Argentino,AP3,,0,0.031769,,,,,,,,,,
bancarios,97,Bancários,AP3,Bancários,21,0.978049,1.115299,11907,5483,5482,1,4745,2.507355,0.076504,12174.2344,4851.494266
bangu,141,Bangu,AP5,Bangu,423,35.966293,36.395608,209302,87387,87362,25,76507,2.731123,0.048402,5819.393146,2127.18613
barra da tijuca,128,Barra da Tijuca,AP4,Barra da Tijuca,448,46.271713,58.568057,151603,74235,74177,58,62963,2.407099,0.097454,3276.364528,1360.723335
barra de guaratiba,152,Barra de Guaratiba,AP5,Barra de Guaratiba,18,9.442055,29.549637,5091,3278,3277,1,1922,2.639646,0.013011,539.183457,203.557376
barra olimpica,165,Barra Olímpica,AP4,,0,10.973065,,,,,,,,,,
barros filho,112,Barros Filho,AP3,Barros Filho,42,1.723869,1.782381,20444,8630,8630,0,7827,2.60925,0.10298,11859.37,4540.368274
benfica,12,Benfica,AP1,Benfica,51,1.736417,1.815033,22661,9804,9801,3,8718,2.550195,0.052306,13050.43333,5020.682131
bento ribeiro,89,Bento Ribeiro,AP3,Bento Ribeiro,82,3.037855,3.137713,37306,17937,17933,4,14455,2.575054,0.100588,12280.376329,4758.291959
bonsucesso,40,Bonsucesso,AP3,Bonsucesso,39,2.199722,2.268685,16872,8271,8266,5,6787,2.459997,0.084136,7670.059839,3085.389766
botafogo,20,Botafogo,AP2,Botafogo,196,4.798969,4.653687,76728,42552,42508,44,35514,2.148108,0.050208,15988.435404,7400.340097
bras de pina,45,Brás de Pina,AP3,Brás de Pina,97,2.956169,3.505645,45048,22369,22367,2,17740,2.537029,0.038893,15238.641041,6001.009858
cachambi,65,Cachambi,AP3,Cachambi,82,2.250166,2.33323,39022,19799,19790,9,16356,2.379365,0.054905,17341.833113,7268.797663
cacuia,93,Cacuia,AP3,Cacuia,22,2.068692,3.455913,10765,4996,4996,0,4273,2.523964,0.045401,5203.772101,2065.556729
caju,4,Caju,AP1,Caju,48,5.347495,5.020429,24116,10772,10770,2,9784,2.452361,0.037722,4509.775265,1829.641781
camorim,129,Camorim,AP4,Camorim,43,7.352023,8.648244,7037,6038,6034,4,2755,2.553648,0.145174,957.151543,374.726801
campinho,78,Campinho,AP3,Campinho,20,0.984513,0.826086,8579,4163,4160,3,3406,2.518262,0.107757,8713.951883,3459.578053
campo dos afonsos,136,Campo dos Afonsos,AP5,Campo dos Afonsos,5,3.252302,3.187898,2106,761,755,6,651,3.224424,0.099873,647.541414,200.165936
campo grande,144,Campo Grande,AP5,Campo Grande,774,104.445427,104.205732,352356,161720,161666,54,129865,2.70883,0.04694,3373.58955,1243.376605
cascadura,82,Cascadura,AP3,Cascadura,67,2.838978,3.004584,26895,13843,13838,5,10415,2.574844,0.082288,9473.47845,3668.573269
catete,18,Catete,AP2,Catete,58,0.681029,0.664077,22295,12832,12815,17,10759,2.070295,0.023051,32737.247647,15798.16315
catumbi,6,Catumbi,AP1,Catumbi,26,0.53946,0.631371,12201,5303,5299,4,4722,2.583566,0.065868,22617.066006,8753.199384
cavalcanti,80,Cavalcanti,AP3,Cavalcanti,31,1.924154,1.842538,13799,6605,6605,0,5461,2.535818,0.018676,7171.461868,2838.129811
centro,5,Centro,AP1,Centro,97,5.424754,7.082285,23774,18190,18128,62,12996,1.831887,0.034857,4382.503107,2395.684798
cidade de deus,118,Cidade de Deus,AP4,Cidade de Deus,61,1.273028,1.430482,30576,13278,13277,1,11254,2.712955,0.100231,24018.321386,8840.338464
cidade nova,8,Cidade Nova,AP1,Cidade Nova,12,0.934855,0.95135,4745,2392,2391,1,1928,2.465923,0.14315,5075.651405,2062.351087
cidade universitaria,105,Cidade Universitária,AP3,Cidade Universitária,5,4.690719,4.925803,1303,622,570,52,434,2.960369,0.023045,277.782569,92.523127
cocota,96,Cocotá,AP3,Cocotá,9,0.490104,0.575237,5021,2329,2327,2,1991,2.504068,0.08588,10244.769839,4062.405248
coelho neto,110,Coelho Neto,AP3,Coelho Neto,61,2.511977,2.494656,26780,12671,12670,1,10725,2.503674,0.057251,10660.924999,4269.545206
colegio,77,Colégio,AP3,Colégio,52,2.261116,1.990474,26358,11819,11819,0,10127,2.58978,0.131924,11657.073771,4478.761138
complexo do alemao,156,Complexo do Alemão,AP3,Complexo do Alemão,113,2.960863,2.870397,54500,22841,22839,2,20004,2.725965,0.100529,18406.794811,6756.138044
copacabana,24,Copacabana,AP2,Copacabana,426,4.100861,4.1082,128919,84715,84630,85,64131,2.008724,0.077124,31437.056671,15638.423207
cordovil,46,Cordovil,AP3,Cordovil,83,3.675068,3.513986,34668,16721,16720,1,13721,2.523643,0.060487,9433.295068,3733.536449
cosme velho,19,Cosme Velho,AP2,Cosme Velho,16,0.892542,0.936623,6408,2735,2731,4,2475,2.591798,0.042411,7179.490295,2772.977291
cosmos,147,Cosmos,AP5,Cosmos,201,11.261349,11.852465,97570,41747,41741,6,35908,2.717347,0.023866,8664.148516,3188.605564
costa barros,113,Costa Barros,AP3,Costa Barros,57,1.814837,1.834949,26272,11010,11010,0,9812,2.688555,0.066857,14476.234601,5406.547423
curicica,119,Curicica,AP4,Curicica,66,3.339574,3.348996,29038,13639,13632,7,11139,2.605413,0.073252,8695.119918,3335.454947
del castilho,53,Del Castilho,AP3,Del Castilho,38,1.440918,1.383984,20597,9505,9505,0,8127,2.537812,0.036906,14294.356511,5640.153195
deodoro,134,Deodoro,AP5,Deodoro,23,4.640524,4.686482,10402,4265,4264,1,3787,2.740084,0.033541,2241.557384,816.071699
encantado,68,Encantado,AP3,Encantado,26,1.060149,1.014388,12405,6203,6202,1,5044,2.455531,0.053336,11701.185152,4757.821677
engenheiro leal,81,Engenheiro Leal,AP3,Engenheiro Leal,13,0.708276,0.668908,5200,2195,2195,0,1841,2.827865,0.027159,7341.768915,2599.268572
engenho da rainha,55,Engenho da Rainha,AP3,Engenho da Rainha,52,2.225651,2.303996,24188,11169,11169,0,9585,2.525456,0.047373,10867.831934,4306.605304
engenho de dentro,66,Engenho de Dentro,AP3,Engenho de Dentro,88,3.920451,3.730764,42826,21418,21418,0,17479,2.445529,0.06064,10923.7432,4458.415621
engenho novo,61,Engenho Novo,AP3,Engenho Novo,81,2.644854,2.678795,39424,18748,18745,3,15794,2.493004,0.052742,14905.925926,5971.595832
estacio,9,Estácio,AP1,Estácio,45,0.980403,0.898539,23260,8894,8862,32,8155,2.854703,0.036056,23724.930566,8318.005536
flamengo,15,Flamengo,AP2,Flamengo,116,1.646258,1.66364,43099,26160,26144,16,21667,1.976771,0.04047,26179.979656,13161.363818
freguesia (ilha),98,Freguesia (Ilha),AP3,Freguesia (Ilha do Governador),85,4.056414,68.286843,21360,10434,10412,22,8175,2.619242,0.114973,5265.735025,2015.326958
freguesia (jacarepagua),120,Freguesia (Jacarepaguá),AP4,Freguesia (Jacarepaguá),160,10.328434,10.1709,75912,34437,34428,9,29721,2.547929,0.109316,7349.807618,2877.590265
galeao,104,Galeão,AP3,Galeão,40,18.957473,38.130931,23498,9920,9910,10,8462,2.770539,0.050229,1239.51117,446.3675
gamboa,2,Gamboa,AP1,Gamboa,25,1.112906,1.115963,11416,5551,5525,26,4691,2.419399,0.035383,10257.832078,4215.092001
gardenia azul,117,Gardênia Azul,AP4,Gardênia Azul,39,1.236295,0.978989,20490,9860,9860,0,8302,2.469935,0.068536,16573.716807,6715.22679
gavea,29,Gávea,AP2,Gávea,34,2.579643,2.732324,14100,7416,7410,6,6475,2.173375,0.050969,5465.871724,2510.036838
gericino,160,Gericinó,AP5,Gericinó,28,2.534311,2.206959,23130,1128,1075,53,877,2.969327,0.176706,9126.74069,346.050652
gloria,16,Glória,AP2,Glória,24,1.140069,1.047232,7120,4970,4961,9,3823,1.85875,0.026691,6245.238544,3353.307157
grajau,38,Grajaú,AP2,Grajaú,62,5.73912,5.614912,32816,16258,16248,10,13858,2.357526,0.062849,5717.950017,2414.656001
grumari,133,Grumari,AP4,Grumari,6,9.598851,10.055714,184,85,85,0,68,2.720588,0.014663,19.16896,7.084181
guadalupe,106,Guadalupe,AP3,Guadalupe,81,3.820018,3.757674,40820,18450,18448,2,16094,2.534516,0.018828,10685.813574,4213.069173
guaratiba,151,Guaratiba,AP5,Guaratiba,388,131.786942,747.215725,160488,75032,75018,14,57562,2.786032,0.053661,1217.783781,436.780756
higienopolis,50,Higienópolis,AP3,Higienópolis,30,1.157476,1.166325,14227,7188,7187,1,5721,2.488761,0.06958,12291.400769,4942.651564
honorio gurgel,87,Honório Gurgel,AP3,Honório Gurgel,36,1.374851,1.203357,18213,8343,8343,0,6866,2.649796,0.094665,13247.256594,4993.996803
humaita,21,Humaitá,AP2,Humaitá,32,1.054478,1.057126,13044,7020,7014,6,6164,2.09781,0.04916,12370.100497,5845.545804
ilha de guaratiba,164,Ilha de Guaratiba,AP5,,0,7.714637,,,,,,,,,,
imperial de sao cristovao,10,Imperial de São Cristóvão,AP1,São Cristóvão,64,4.105655,3.854489,28016,12479,12474,5,10564,2.476335,0.084062,6823.759183,2573.036551
inhauma,54,Inhaúma,AP3,Inhaúma,71,3.485284,3.428989,37233,16844,16844,0,14559,2.556817,0.073838,10682.918135,4177.278359
inhoaiba,146,Inhoaíba,AP5,Inhoaíba,146,8.287905,8.257154,72141,28245,28239,6,25907,2.788262,0.012238,8704.370798,3125.880349
ipanema,25,Ipanema,AP2,Ipanema,122,3.084915,13.026678,37392,23296,23276,20,17867,2.087782,0.07293,12120.916105,5791.731067
iraja,76,Irajá,AP3,Irajá,174,7.481982,7.758297,86388,40777,40773,4,34105,2.531834,0.107759,11546.138882,4558.284328
itanhanga,127,Itanhangá,AP4,Itanhangá,140,13.197761,13.249225,68537,31074,31068,6,27097,2.520751,0.107392,5193.07778,2053.15127
jabour,163,Jabour,AP5,,0,0.327328,,,,,,,,,,
jacare,51,Jacaré,AP3,Jacaré,19,0.842568,0.929168,8088,3575,3574,1,3056,2.656446,0.048431,9599.226545,3627.007458
jacarepagua,115,Jacarepaguá,AP4,Jacarepaguá,478,68.21057,74.799917,217462,100465,100441,24,85455,2.540413,0.094202,3188.098282,1252.811704
jacarezinho,155,Jacarezinho,AP3,Jacarezinho,57,0.943877,0.985871,35458,14746,14745,1,13128,2.706604,0.033894,37566.350411,13908.597445
jardim america,49,Jardim América,AP3,Jardim América,51,1.973974,1.956247,20244,9787,9787,0,7797,2.598487,0.019107,10255.455457,3949.900523
jardim botanico,28,Jardim Botânico,AP2,Jardim Botânico,43,2.689211,2.807736,15871,7933,7927,6,6949,2.284113,0.04289,5901.731345,2584.029432
jardim carioca,100,Jardim Carioca,AP3,Jardim Carioca,39,1.621131,1.592355,20374,9736,9735,1,8168,2.493744,0.07065,12567.772339,5038.459039
jardim guanabara,99,Jardim Guanabara,AP3,Jardim Guanabara,53,3.205891,3.146367,27084,12650,12641,9,10543,2.564194,0.094564,8448.19821,3288.633648
jardim sulacap,137,Jardim Sulacap,AP5,Jardim Sulacap,32,7.869225,7.800987,14396,6389,6387,2,5481,2.629849,0.044694,1829.404984,696.510747
joa,126,Joá,AP4,Joá,3,1.689696,2.874843,1966,952,952,0,748,2.6,0.1096,1163.523051,442.683236
lagoa,27,Lagoa,AP2,Lagoa,50,5.109907,5.200972,18676,9526,9522,4,8195,2.28288,0.039902,3654.861156,1603.747439
lapa,161,Lapa,AP1,Lapa,29,0.298327,0.345672,8984,6677,6647,30,4957,1.793423,0.022397,30114.644111,16616.016346
laranjeiras,17,Laranjeiras,AP2,Laranjeiras,98,2.493514,2.483625,39982,21030,21022,8,18184,2.197102,0.042342,16034.399426,7292.519613
leblon,26,Leblon,AP2,Leblon,105,2.153102,2.009499,37709,22205,22201,4,18038,2.089666,0.058601,17513.803843,8377.681554
leme,23,Leme,AP2,Leme,44,0.977202,1.46418,12479,7391,7383,8,5953,2.094675,0.069548,12770.138174,6091.884971
lins de vasconcelos,62,Lins de Vasconcelos,AP3,Lins de Vasconcelos,68,2.669205,2.865827,30910,14130,14125,5,12144,2.537665,0.048416,11580.228337,4549.669781
madureira,83,Madureira,AP3,Madureira,94,3.787623,3.786483,39888,20050,20034,16,15787,2.529828,0.06322,10531.141961,4168.048991
magalhaes bastos,138,Magalhães Bastos,AP5,Magalhães Bastos,46,1.975955,1.886931,20636,9202,9198,4,7927,2.604895,0.030534,10443.559779,4011.731846
mangueira,11,Mangueira,AP1,Mangueira,38,0.798131,0.969049,18247,7123,7123,0,6729,2.716644,0.016793,22862.160278,8430.946266
manguinhos,39,Manguinhos,AP3,Manguinhos,55,2.618358,2.917078,28855,12130,12130,0,10710,2.695415,0.076101,11020.264313,4090.34936
maracana,35,Maracanã,AP2,Maracanã,51,1.667307,1.614948,22915,11693,11687,6,9918,2.301472,0.084787,13743.722406,5948.515768
mare,157,Maré,AP3,Maré,244,4.268773,4.290085,124832,54884,54883,1,47045,2.657398,0.034583,29243.065061,11020.73183
marechal hermes,90,Marechal Hermes,AP3,Marechal Hermes,86,3.886236,3.751844,41507,19311,19307,4,15773,2.630267,0.115634,10680.514426,4058.68297
maria da graca,52,Maria da Graça,AP3,Maria da Graça,16,0.824992,0.875001,7209,3576,3576,0,2994,2.410655,0.056113,8738.267246,3629.126388
meier,63,Méier,AP3,Méier,85,2.47094,2.376275,39700,21707,21701,6,17483,2.263439,0.054735,16066.761521,7075.445634
monero,102,Moneró,AP3,Moneró,14,0.520559,0.519729,5723,2568,2566,2,2245,2.51461,0.093523,10993.95331,4312.672581
olaria,42,Olaria,AP3,Olaria,99,3.689843,3.778765,51222,23715,23708,7,20275,2.526081,0.04853,13881.891057,5494.81358
osvaldo cruz,88,Osvaldo Cruz,AP3,Oswaldo Cruz,57,2.071132,2.111942,29819,14105,14099,6,11636,2.560287,0.065153,14397.438021,5618.182662
paciencia,148,Paciência,AP5,Paciência,215,27.418044,26.954793,105701,45050,45043,7,38003,2.775105,0.03139,3855.161926,1386.058019
padre miguel,140,Padre Miguel,AP5,Padre Miguel,124,4.865805,4.870356,60410,25770,25770,0,21929,2.755525,0.031964,12415.212075,4506.756921
paqueta,13,Paquetá,AP1,Paquetá,30,1.705689,5.133392,4185,3591,3586,5,1869,2.230712,0.020869,2453.55379,1095.744811
parada de lucas,47,Parada de Lucas,AP3,Parada de Lucas,49,2.064783,2.296589,22069,11233,11229,4,8598,2.559118,0.042097,10688.29192,4164.118625
parque anchieta,108,Parque Anchieta,AP3,Parque Anchieta,39,3.9058,3.925459,21552,9972,9972,0,8341,2.574344,0.00947,5517.946987,2135.541751
parque columbia,159,Parque Colúmbia,AP3,Parque Colúmbia,20,1.517139,1.521502,8222,3580,3580,0,2959,2.779892,0.118282,5419.412778,1950.382195
pavuna,114,Pavuna,AP3,Pavuna,183,8.311428,8.264921,95337,40928,40924,4,35677,2.674221,0.044289,11470.592015,4292.523483
pechincha,121,Pechincha,AP4,Pechincha,84,2.830923,3.04446,37487,17675,17620,55,15094,2.473049,0.12568,13241.970093,5331.82961
pedra de guaratiba,153,Pedra de Guaratiba,AP5,Pedra de Guaratiba,30,3.636922,3.474977,11950,6623,6621,2,4575,2.605005,0.054421,3285.74558,1257.931885
penha,43,Penha,AP3,Penha,138,5.811339,5.682255,58516,27541,27538,3,22619,2.586118,0.049914,10069.280385,3892.218419
penha circular,44,Penha Circular,AP3,Penha Circular,89,4.623394,4.722361,36725,18249,18238,11,14562,2.515568,0.037564,7943.298172,3149.633982
piedade,69,Piedade,AP3,Piedade,82,3.887111,3.966589,38181,19523,19516,7,15412,2.472917,0.038347,9822.462616,3964.89861
pilares,71,Pilares,AP3,Pilares,41,1.836425,1.732546,23518,10887,10886,1,9271,2.540201,0.040876,12806.404042,5048.395776
pitangueiras,94,Pitangueiras,AP3,Pitangueiras,20,0.604131,0.609766,10242,4481,4481,0,3935,2.598348,0.106475,16953.265608,6513.483711
portuguesa,103,Portuguesa,AP3,Portuguesa,41,1.186413,1.198232,19831,9061,9059,2,7993,2.480746,0.079071,16715.094873,6737.116299
praca da bandeira,32,Praça da Bandeira,AP2,Praça da Bandeira,19,0.719912,0.731191,7215,4193,4188,5,3252,2.217343,0.081488,10022.063402,4517.221093
praca seca,124,Praça Seca,AP4,Praça Seca,125,6.499995,6.536461,63158,30105,30095,10,24338,2.583376,0.092776,9716.623123,3744.310674
praia da bandeira,95,Praia da Bandeira,AP3,Praia da Bandeira,11,0.379407,0.326576,5153,2442,2441,1,2055,2.516594,0.065709,13581.723478,5416.348098
quintino bocaiuva,79,Quintino Bocaiúva,AP3,Quintino Bocaiúva,62,4.323806,4.337747,25271,12819,12815,4,9801,2.583359,0.100496,5844.618936,2266.752807
ramos,41,Ramos,AP3,Ramos,71,2.793541,2.803392,34453,16107,16101,6,13595,2.536499,0.067594,12333.094737,4866.584128
realengo,139,Realengo,AP5,Realengo,359,26.054268,26.115595,167919,73667,73651,16,64153,2.617898,0.016213,6444.97099,2462.283744
recreio dos bandeirantes,132,Recreio dos Bandeirantes,AP4,Recreio dos Bandeirantes,336,30.655705,30.623952,140437,67041,67029,12,56631,2.480406,0.06991,4581.104866,1847.323353
riachuelo,59,Riachuelo,AP3,Riachuelo,28,0.928111,1.002437,10514,5520,5515,5,4402,2.358791,0.057928,11328.386557,4742.967246
ribeira,91,Ribeira,AP3,Ribeira,11,0.861927,1.774171,5425,2647,2645,2,2246,2.432591,0.058771,6294.035359,2605.788648
ricardo de albuquerque,109,Ricardo de Albuquerque,AP3,Ricardo de Albuquerque,48,2.116875,2.312301,27779,11178,11176,2,9915,2.809904,0.035399,13122.642322,4683.789863
rio comprido,7,Rio Comprido,AP1,Rio Comprido,92,3.34252,3.301591,40269,18308,18301,7,16177,2.480268,0.045251,12047.498683,4839.762254
rocha,58,Rocha,AP3,Rocha,30,1.311629,1.144366,14627,6424,6419,5,5550,2.62018,0.072971,11151.780513,4231.379083
rocha miranda,86,Rocha Miranda,AP3,Rocha Miranda,74,2.886713,3.019432,36360,17188,17188,0,13949,2.601226,0.106167,12595.639421,4832.139007
rocinha,154,Rocinha,AP2,Rocinha,118,1.437199,1.491805,72154,32962,32961,1,30443,2.364005,0.073118,50204.614134,21182.180726
sampaio,60,Sampaio,AP3,Sampaio,18,0.884411,0.842238,8832,4158,4015,143,3289,2.681666,0.078437,9986.3091,3718.859899
santa cruz,149,Santa Cruz,AP5,Santa Cruz,513,125.044629,159.372254,249134,112839,112776,63,89389,2.785262,0.018136,1992.360663,714.856773
santa teresa,14,Santa Teresa,AP1,Santa Teresa,107,5.157142,5.139709,36176,19810,19783,27,16251,2.215267,0.048492,7014.737732,3151.163835
santissimo,143,Santíssimo,AP5,Santíssimo,102,8.319636,8.523282,48187,19641,19629,12,17883,2.686524,0.039592,5791.959896,2149.492992
santo cristo,3,Santo Cristo,AP1,Santo Cristo,27,1.684725,1.643932,9936,4988,4986,2,3955,2.510341,0.062449,5897.697818,2347.563896
sao conrado,31,São Conrado,AP2,São Conrado,28,6.488583,6.454577,9739,4645,4644,1,4043,2.411477,0.113032,1500.944047,623.094443
sao francisco xavier,57,São Francisco Xavier,AP3,São Francisco Xavier,18,0.648909,0.641659,6340,3237,3236,1,2638,2.40091,0.083388,9770.239869,4065.282772
saude,1,Saúde,AP1,Saúde,11,0.363819,0.3378,1876,1001,988,13,801,2.320724,0.061166,5156.41609,2201.646742
senador camara,142,Senador Camará,AP5,Senador Camará,208,16.90865,17.279224,107267,44667,44655,12,41503,2.576341,0.049732,6343.912674,2454.542476
senador vasconcelos,145,Senador Vasconcelos,AP5,Senador Vasconcelos,67,6.441786,6.388124,32296,13480,13479,1,12148,2.650148,0.035474,5013.516165,1885.81231
sepetiba,150,Sepetiba,AP5,Sepetiba,135,11.621331,11.781983,59584,29493,29449,44,21087,2.816465,0.076824,5127.123645,1814.508195
tanque,123,Tanque,AP4,Tanque,80,5.568005,5.782367,36217,17370,17363,7,14066,2.555844,0.068954,6504.484146,2526.219013
taquara,122,Taquara,AP4,Taquara,238,13.206665,13.219366,107809,50361,50341,20,41865,2.566879,0.105266,8163.226478,3169.990228
taua,101,Tauá,AP3,Tauá,53,1.67255,1.607737,26482,11648,11644,4,10135,2.612669,0.081401,15833.305788,6059.608571
tijuca,33,Tijuca,AP2,Tijuca,328,10.065585,9.939255,142909,71218,71167,51,61143,2.327092,0.045548,14197.783416,6074.460471
todos os santos,64,Todos os Santos,AP3,Todos os Santos,50,1.012639,1.079178,22593,11772,11768,4,9458,2.387259,0.042614,22311.01837,9339.955373
tomas coelho,56,Tomás Coelho,AP3,Tomás Coelho,44,1.747531,1.777019,20343,9989,9988,1,8092,2.513915,0.054131,11640.993919,4630.532507
turiacu,85,Turiaçú,AP3,Turiaçu,31,1.255813,1.311745,11613,5539,5539,0,4461,2.601188,0.058952,9247.395748,3552.280413
urca,22,Urca,AP2,Urca,18,2.319008,4.729368,5215,2627,2622,5,2146,2.424557,0.051724,2248.806402,925.395693
vargem grande,131,Vargem Grande,AP4,Vargem Grande,58,39.380487,38.265042,21350,9639,9632,7,7949,2.673682,0.046675,542.146674,201.851237
vargem pequena,130,Vargem Pequena,AP4,Vargem Pequena,72,14.438333,15.555834,31307,14196,14195,1,11781,2.658348,0.113831,2168.325121,815.952926
vasco da gama,158,Vasco da Gama,AP1,Vasco da Gama,39,0.863077,1.032566,14471,7138,7136,2,6052,2.388929,0.049905,16766.757518,7012.121933
vaz lobo,84,Vaz Lobo,AP3,Vaz Lobo,28,1.101224,1.051759,10995,5597,5597,0,4363,2.520445,0.031854,9984.345607,3961.955424
vicente de carvalho,73,Vicente de Carvalho,AP3,Vicente de Carvalho,48,1.835716,1.846441,21300,9996,9996,0,8362,2.544056,0.081564,11603.104285,4555.171738
vidigal,30,Vidigal,AP2,Vidigal,31,1.621382,1.618987,15112,6729,6722,7,6011,2.519913,0.046084,9320.443217,3707.330875
vigario geral,48,Vigário Geral,AP3,Vigário Geral,71,3.385317,3.412195,34645,15972,15964,8,13232,2.619974,0.03484,10233.900738,3908.644092
vila da penha,74,Vila da Penha,AP3,Vila da Penha,45,1.541675,1.45059,21950,10614,10613,1,8884,2.465173,0.087118,14237.758904,5762.562647
vila isabel,36,Vila Isabel,AP2,Vila Isabel,149,3.217135,3.35682,65790,33043,33018,25,28120,2.329957,0.055797,20449.875388,8740.697612
vila kennedy,162,Vila Kennedy,AP5,Vila Kennedy,41,1.473741,1.480841,21749,8752,8749,3,8158,2.664538,0.019979,14757.678288,5535.571266
vila kosmos,72,Vila Kosmos,AP3,Vila Kosmos,33,1.519258,1.47371,14878,6517,6516,1,5658,2.631336,0.117707,9792.937137,3724.185934
vila militar,135,Vila Militar,AP5,Vila Militar,28,10.756738,10.522479,12956,5387,5355,32,4699,2.75548,0.025327,1204.454325,436.842457
vila valqueire,125,Vila Valqueire,AP4,Vila Valqueire,72,4.232226,4.125061,34024,16033,16029,4,13104,2.596726,0.124242,8039.268055,3096.242905
vista alegre,75,Vista Alegre,AP3,Vista Alegre,15,1.254362,0.541716,7059,3239,3237,2,2763,2.551864,0.094099,5627.561423,2202.713162
zumbi,92,Zumbi,AP3,Zumbi,4,0.161118,0.182129,1817,855,854,1,738,2.46206,0.066371,11277.432327,4580.487098
