neighborhood_key,neighborhood_code,neighborhood_name,planning_area,official_area_km2,feature_count,inundacao_feature_count,inundacao_low_area_km2,inundacao_medium_area_km2,inundacao_high_area_km2,inundacao_total_area_km2,inundacao_area_share_of_neighborhood,inundacao_high_area_share_of_neighborhood,inundacao_weighted_area_index,enxurrada_area_km2,enxurrada_area_share_of_neighborhood,movimento_massa_weighted_area_index,corrida_massa_area_share_of_neighborhood
abolicao,70,Abolição,AP3,0.616334,4,4,0.040392,0.0,0.0,0.040392,0.065536,0.0,0.065536,0.0,0.0,0.0,0.0
acari,111,Acari,AP3,1.605529,2,2,0.248695,0.006152,0.0,0.254847,0.158731,0.0,0.162562,0.0,0.0,0.0,0.0
agua santa,67,Água Santa,AP3,2.426238,16,6,0.010662,0.0,0.0,0.010662,0.004394,0.0,0.004394,2.780915,1.146184,1.787078,0.0
alto da boa vista,34,Alto da Boa Vista,AP2,31.49576,175,1,2e-06,0.0,0.0,2e-06,0.0,0.0,0.0,8.714593,0.276691,5.590125,0.564107
anchieta,107,Anchieta,AP3,4.345739,40,32,0.304936,2.939212,0.840873,4.085022,0.940006,0.193494,2.003337,0.0,0.0,0.047035,0.0
andarai,37,Andaraí,AP2,2.261306,11,5,0.138271,0.0,0.0,0.138271,0.061147,0.0,0.061147,0.0,0.0,0.082899,0.376805
anil,116,Anil,AP4,3.50042,31,23,0.070827,0.856126,0.258756,1.185709,0.338733,0.073921,0.731154,0.0,0.0,0.291505,0.0
argentino,166,Argentino,AP3,0.031769,0,0,0.0,0.0,0.0,0.0,0.0,0.0,0.0,0.0,0.0,0.0,0.0
bancarios,97,Bancários,AP3,0.978049,15,9,0.004548,0.029742,0.0,0.03429,0.03506,0.0,0.06547,0.0,0.0,0.094999,0.0
bangu,141,Bangu,AP5,35.966293,221,140,0.48053,3.122158,3.239276,6.841965,0.190233,0.090064,0.457169,0.0,0.0,0.847049,0.260344
barra da tijuca,128,Barra da Tijuca,AP4,46.271713,88,70,24.161062,0.806975,60.571771,85.539809,1.848641,1.309045,4.484172,0.0,0.0,0.024072,0.0
barra de guaratiba,152,Barra de Guaratiba,AP5,9.442055,73,29,0.113344,0.317224,0.0,0.430568,0.045601,0.0,0.079198,2.254117,0.238732,0.955792,0.374937
barra olimpica,165,Barra Olímpica,AP4,10.973065,29,29,0.227522,0.743301,0.0,0.970823,0.088473,0.0,0.156212,0.0,0.0,0.0,0.0
barros filho,112,Barros Filho,AP3,1.723869,6,6,0.119098,0.003483,0.0,0.122581,0.071108,0.0,0.073128,0.0,0.0,0.0,0.0
benfica,12,Benfica,AP1,1.736417,6,5,0.122833,0.002281,0.0,0.125114,0.072053,0.0,0.073367,0.0,0.0,0.087287,0.0
bento ribeiro,89,Bento Ribeiro,AP3,3.037855,9,9,0.035196,0.184577,0.048521,0.268294,0.088317,0.015972,0.18102,0.0,0.0,0.0,0.0
bonsucesso,40,Bonsucesso,AP3,2.199722,10,10,0.359118,0.042345,0.0,0.401463,0.182506,0.0,0.201756,0.0,0.0,0.0,0.0
botafogo,20,Botafogo,AP2,4.798969,15,3,17.377151,0.0,6e-06,17.377158,3.621019,1e-06,3.621022,0.0,0.0,0.542274,0.0
bras de pina,45,Brás de Pina,AP3,2.956169,16,12,0.467837,0.233439,6.352884,7.054159,2.38625,2.149026,6.763269,0.0,0.0,0.034646,0.0
cachambi,65,Cachambi,AP3,2.250166,18,18,0.152747,11.543997,0.088063,11.784807,5.237306,0.039136,10.445866,0.0,0.0,0.0,0.0
cacuia,93,Cacuia,AP3,2.068692,21,17,0.094811,0.269476,0.624707,0.988994,0.478077,0.301982,1.212304,0.0,0.0,0.370986,0.0
caju,4,Caju,AP1,5.347495,18,18,0.342338,0.011588,0.486497,0.840423,0.157162,0.090977,0.341282,0.0,0.0,0.0,0.0
camorim,129,Camorim,AP4,7.352023,56,13,0.174331,0.612547,0.148612,0.93549,0.127243,0.020214,0.250987,5.48332,0.745825,2.091423,0.0
campinho,78,Campinho,AP3,0.984513,8,7,0.0,0.036096,0.082938,0.119034,0.120907,0.084243,0.326056,0.0,0.0,0.280493,0.0
campo dos afonsos,136,Campo dos Afonsos,AP5,3.252302,2,2,0.000211,0.0,0.037299,0.03751,0.011534,0.011469,0.034471,0.0,0.0,0.0,0.0
campo grande,144,Campo Grande,AP5,104.445427,626,395,2.104375,16.580256,8.600201,27.284832,0.261235,0.082342,0.584664,9.523931,0.091186,0.804916,0.116265
cascadura,82,Cascadura,AP3,2.838978,24,16,0.270778,0.247906,0.0,0.518684,0.182701,0.0,0.270023,0.0,0.0,0.10836,0.0
catete,18,Catete,AP2,0.681029,2,0,0.0,0.0,0.0,0.0,0.0,0.0,0.0,0.0,0.0,0.046123,0.0
catumbi,6,Catumbi,AP1,0.53946,4,2,0.000702,2.158883,0.0,2.159585,4.003235,0.0,8.005169,0.0,0.0,0.115377,0.0
cavalcanti,80,Cavalcanti,AP3,1.924154,21,13,0.095184,0.0,0.0,0.095184,0.049468,0.0,0.049468,0.0,0.0,2.199436,0.0
centro,5,Centro,AP1,5.424754,24,14,0.592118,0.100819,0.046424,0.739362,0.136294,0.008558,0.171995,0.0,0.0,0.032504,0.0
cidade de deus,118,Cidade de Deus,AP4,1.273028,10,10,0.003172,0.280898,0.186025,0.470095,0.369273,0.146128,0.882183,0.0,0.0,0.0,0.0
cidade nova,8,Cidade Nova,AP1,0.934855,0,0,0.0,0.0,0.0,0.0,0.0,0.0,0.0,0.0,0.0,0.0,0.0
cidade universitaria,105,Cidade Universitária,AP3,4.690719,26,26,1.753498,1.307137,0.592853,3.653489,0.778876,0.126389,1.310318,0.0,0.0,0.0,0.0
cocota,96,Cocotá,AP3,0.490104,9,7,0.019144,0.197298,0.173864,0.390306,0.796375,0.35475,1.908438,0.0,0.0,0.160731,0.0
coelho neto,110,Coelho Neto,AP3,2.511977,11,11,0.387393,0.100233,0.086274,0.573901,0.228466,0.034345,0.337058,0.0,0.0,0.0,0.0
colegio,77,Colégio,AP3,2.261116,10,10,0.183867,0.0,10.568194,10.752061,4.7552,4.673883,14.102966,0.0,0.0,0.0,0.0
complexo do alemao,156,Complexo do Alemão,AP3,2.960863,19,5,0.032312,0.0,0.0,0.032312,0.010913,0.0,0.010913,0.0,0.0,0.771875,0.0
copacabana,24,Copacabana,AP2,4.100861,19,1,0.0,0.0,0.0,0.0,0.0,0.0,0.0,0.0,0.0,1.984838,0.0
cordovil,46,Cordovil,AP3,3.675068,27,25,0.447465,0.024058,0.108728,0.58025,0.157888,0.029585,0.223605,0.0,0.0,0.004479,0.0
cosme velho,19,Cosme Velho,AP2,0.892542,8,0,0.0,0.0,0.0,0.0,0.0,0.0,0.0,0.0,0.0,0.12854,3.64055
cosmos,147,Cosmos,AP5,11.261349,34,23,0.029354,1.070657,2.119121,3.219133,0.285857,0.188177,0.757283,0.0,0.0,0.100374,0.0
costa barros,113,Costa Barros,AP3,1.814837,14,13,0.08592,0.406923,0.208049,0.700891,0.386201,0.114638,0.839696,0.0,0.0,0.165066,0.0
curicica,119,Curicica,AP4,3.339574,28,24,0.000748,0.454176,0.398945,0.85387,0.255682,0.11946,0.6306,0.0,0.0,0.073223,0.0
del castilho,53,Del Castilho,AP3,1.440918,4,4,0.033567,0.005322,0.0,0.038889,0.026989,0.0,0.030683,0.0,0.0,0.0,0.0
deodoro,134,Deodoro,AP5,4.640524,32,32,0.634292,4.537974,0.290465,5.462731,1.17718,0.062593,2.280267,0.0,0.0,0.0,0.0
encantado,68,Encantado,AP3,1.060149,9,9,0.093234,0.005904,0.069992,0.169131,0.159535,0.066021,0.297146,0.0,0.0,0.0,0.0
engenheiro leal,81,Engenheiro Leal,AP3,0.708276,7,4,0.016411,0.0,0.0,0.016411,0.023171,0.0,0.023171,0.0,0.0,0.757091,0.0
engenho da rainha,55,Engenho da Rainha,AP3,2.225651,17,13,0.129003,0.0,0.119042,0.248045,0.111448,0.053486,0.218421,0.0,0.0,1.509913,0.0
engenho de dentro,66,Engenho de Dentro,AP3,3.920451,16,9,0.052586,0.0,0.146557,0.199142,0.050796,0.037383,0.125561,2.25301,0.574681,0.051455,0.0
engenho novo,61,Engenho Novo,AP3,2.644854,20,14,0.183823,0.042071,0.0,0.225894,0.085409,0.0,0.101316,0.0,0.0,0.495151,0.0
estacio,9,Estácio,AP1,0.980403,8,6,0.022642,0.020382,0.0,0.043024,0.043884,0.0,0.064673,0.0,0.0,0.382601,0.0
flamengo,15,Flamengo,AP2,1.646258,5,1,0.0,0.0,2.3e-05,2.3e-05,1.4e-05,1.4e-05,4.2e-05,0.0,0.0,0.092724,0.0
freguesia (ilha),98,Freguesia (Ilha),AP3,4.056414,80,63,0.132973,0.438518,0.321221,0.892712,0.220074,0.079188,0.486556,0.0,0.0,0.211122,0.0
freguesia (jacarepagua),120,Freguesia (Jacarepaguá),AP4,10.328434,64,20,0.03628,0.149647,0.20325,0.389177,0.03768,0.019679,0.091526,4.599443,0.445319,0.337592,0.0
galeao,104,Galeão,AP3,18.957473,14,11,14.884195,0.06437,0.253151,15.201716,0.801885,0.013354,0.831988,0.0,0.0,0.000924,0.0
gamboa,2,Gamboa,AP1,1.112906,11,5,0.830747,0.0,0.0,0.830747,0.746467,0.0,0.746467,0.0,0.0,0.43321,0.0
gardenia azul,117,Gardênia Azul,AP4,1.236295,2,2,0.004985,0.000672,0.0,0.005657,0.004576,0.0,0.005119,0.0,0.0,0.0,0.0
gavea,29,Gávea,AP2,2.579643,17,2,7.1e-05,0.0,0.0,7.1e-05,2.8e-05,0.0,2.8e-05,0.0,0.0,0.509942,1.269447
gericino,160,Gericinó,AP5,2.534311,21,20,0.065356,0.790863,0.219295,1.075514,0.424381,0.08653,0.909504,0.0,0.0,1.178149,0.0
gloria,16,Glória,AP2,1.140069,5,1,0.0,0.0,4.2e-05,4.2e-05,3.7e-05,3.7e-05,0.000112,0.0,0.0,0.057365,0.0
grajau,38,Grajaú,AP2,5.73912,27,5,0.067394,0.0,0.0,0.067394,0.011743,0.0,0.011743,0.882612,0.153789,0.336204,0.505974
grumari,133,Grumari,AP4,9.598851,64,35,0.377192,1.591414,0.538324,2.50693,0.26117,0.056082,0.539126,5.70647,0.594495,1.803956,0.0
guadalupe,106,Guadalupe,AP3,3.820018,31,28,0.247975,0.02787,0.441253,0.717098,0.187721,0.115511,0.426038,0.0,0.0,0.100005,0.0
guaratiba,151,Guaratiba,AP5,131.786942,627,441,5.565106,22.299148,65.711208,93.575461,0.710051,0.498617,1.876491,18.189277,0.13802,0.355455,0.030919
higienopolis,50,Higienópolis,AP3,1.157476,2,2,0.436006,0.0,0.0,0.436006,0.376686,0.0,0.376686,0.0,0.0,0.0,0.0
honorio gurgel,87,Honório Gurgel,AP3,1.374851,8,7,0.009548,0.013071,0.0,0.022619,0.016452,0.0,0.025959,0.0,0.0,0.005336,0.0
humaita,21,Humaitá,AP2,1.054478,2,0,0.0,0.0,0.0,0.0,0.0,0.0,0.0,0.0,0.0,0.005742,1.949443
ilha de guaratiba,164,Ilha de Guaratiba,AP5,7.714637,29,27,0.266304,6.217462,0.130346,6.614112,0.857346,0.016896,1.697068,0.0,0.0,0.001368,0.0
imperial de sao cristovao,10,Imperial de São Cristóvão,AP1,4.105655,25,23,0.217631,0.0,0.895012,1.112642,0.271002,0.217995,0.706992,0.0,0.0,0.013084,0.0
inhauma,54,Inhaúma,AP3,3.485284,27,25,0.268499,0.005772,0.047791,0.322062,0.092406,0.013712,0.121487,0.0,0.0,0.103892,0.0
inhoaiba,146,Inhoaíba,AP5,8.287905,57,51,0.085535,1.163186,0.213184,1.461904,0.17639,0.025722,0.368182,0.0,0.0,0.141307,0.0
ipanema,25,Ipanema,AP2,3.084915,18,3,0.001933,0.000771,0.0,0.002704,0.000877,0.0,0.001126,0.0,0.0,6.254023,0.0
iraja,76,Irajá,AP3,7.481982,36,34,0.698221,0.057426,0.965191,1.720838,0.229998,0.129002,0.495677,0.0,0.0,0.008816,0.0
itanhanga,127,Itanhangá,AP4,13.197761,104,48,0.195934,1.505512,0.245745,1.94719,0.147539,0.01862,0.298853,1.078085,0.081687,0.323067,0.390365
jabour,163,Jabour,AP5,0.327328,0,0,0.0,0.0,0.0,0.0,0.0,0.0,0.0,0.0,0.0,0.0,0.0
jacare,51,Jacaré,AP3,0.842568,3,3,0.002489,0.070999,0.0,0.073489,0.08722,0.0,0.171485,0.0,0.0,0.0,0.0
jacarepagua,115,Jacarepaguá,AP4,68.21057,378,90,0.136636,2.243313,0.906378,3.286328,0.048179,0.013288,0.107643,13.878352,0.203463,21.349662,0.390247
jacarezinho,155,Jacarezinho,AP3,0.943877,5,4,0.140758,0.0,0.0,0.140758,0.149128,0.0,0.149128,0.0,0.0,0.014587,0.0
jardim america,49,Jardim América,AP3,1.973974,3,3,0.001117,0.088224,0.0,0.089341,0.04526,0.0,0.089953,0.0,0.0,0.0,0.0
jardim botanico,28,Jardim Botânico,AP2,2.689211,2,0,0.0,0.0,0.0,0.0,0.0,0.0,0.0,0.0,0.0,0.224305,0.0
jardim carioca,100,Jardim Carioca,AP3,1.621131,8,3,0.007506,0.0,0.0,0.007506,0.00463,0.0,0.00463,0.0,0.0,0.337542,0.0
jardim guanabara,99,Jardim Guanabara,AP3,3.205891,25,18,0.031209,0.14767,0.056516,0.235395,0.073426,0.017629,0.154745,0.0,0.0,0.104382,0.0
jardim sulacap,137,Jardim Sulacap,AP5,7.869225,53,5,0.023313,0.000802,0.077157,0.101272,0.012869,0.009805,0.032581,2.101009,0.266991,1.053353,0.0
joa,126,Joá,AP4,1.689696,13,3,0.013991,0.0,0.0,0.013991,0.00828,0.0,0.00828,0.0,0.0,0.242623,0.0
lagoa,27,Lagoa,AP2,5.109907,6,1,0.0,0.0,2.973341,2.973341,0.581878,0.581878,1.745633,0.0,0.0,0.026741,0.0
lapa,161,Lapa,AP1,0.298327,1,1,0.0,0.002494,0.0,0.002494,0.008361,0.0,0.016722,0.0,0.0,0.0,0.0
laranjeiras,17,Laranjeiras,AP2,2.493514,18,4,0.00073,0.295382,0.0,0.296111,0.118753,0.0,0.237213,0.0,0.0,0.559434,0.0
leblon,26,Leblon,AP2,2.153102,3,0,0.0,0.0,0.0,0.0,0.0,0.0,0.0,0.0,0.0,0.171774,0.0
leme,23,Leme,AP2,0.977202,9,0,0.0,0.0,0.0,0.0,0.0,0.0,0.0,0.0,0.0,0.971643,0.0
lins de vasconcelos,62,Lins de Vasconcelos,AP3,2.669205,18,7,0.389054,0.002013,0.0,0.391067,0.146511,0.0,0.147265,1.095529,0.410433,0.103334,0.0
madureira,83,Madureira,AP3,3.787623,19,17,0.215969,0.104208,0.111218,0.431395,0.113896,0.029364,0.200136,0.0,0.0,0.007547,0.0
magalhaes bastos,138,Magalhães Bastos,AP5,1.975955,12,12,0.028699,0.195623,0.101819,0.326141,0.165055,0.051529,0.367115,0.0,0.0,0.0,0.0
mangueira,11,Mangueira,AP1,0.798131,5,3,0.095346,0.0,0.0,0.095346,0.119461,0.0,0.119461,0.0,0.0,1.211549,0.0
manguinhos,39,Manguinhos,AP3,2.618358,8,8,0.104033,0.321587,9.982107,10.407727,3.974906,3.812353,11.722432,0.0,0.0,0.0,0.0
maracana,35,Maracanã,AP2,1.667307,3,3,0.044169,0.006648,7.789491,7.840309,4.70238,4.671901,14.050168,0.0,0.0,0.0,0.0
mare,157,Maré,AP3,4.268773,27,26,0.118856,0.727226,0.439433,1.285516,0.301144,0.102941,0.677386,0.0,0.0,0.007162,0.0
marechal hermes,90,Marechal Hermes,AP3,3.886236,28,28,0.000626,0.314505,0.245434,0.560565,0.144244,0.063155,0.351481,0.0,0.0,0.0,0.0
maria da graca,52,Maria da Graça,AP3,0.824992,5,5,0.152324,0.0,0.0,0.152324,0.184637,0.0,0.184637,0.0,0.0,0.0,0.0
meier,63,Méier,AP3,2.47094,6,6,0.16006,0.0,0.0,0.16006,0.064777,0.0,0.064777,0.0,0.0,0.0,0.0
monero,102,Moneró,AP3,0.520559,5,5,0.007134,1.250242,0.0,1.257376,2.415435,0.0,4.817165,0.0,0.0,0.0,0.0
olaria,42,Olaria,AP3,3.689843,26,23,0.070485,0.004545,0.673938,0.748968,0.202981,0.182647,0.569506,0.0,0.0,0.023825,0.0
osvaldo cruz,88,Osvaldo Cruz,AP3,2.071132,11,11,0.188338,0.32743,0.157527,0.673295,0.325086,0.076058,0.635294,0.0,0.0,0.0,0.0
paciencia,148,Paciência,AP5,27.418044,129,104,0.574184,3.343493,2.224172,6.141849,0.224008,0.081121,0.508194,0.0,0.0,0.268481,0.0
padre miguel,140,Padre Miguel,AP5,4.865805,5,4,0.007836,0.198727,0.0,0.206563,0.042452,0.0,0.083294,0.0,0.0,0.0,0.245886
paqueta,13,Paquetá,AP1,1.705689,0,0,0.0,0.0,0.0,0.0,0.0,0.0,0.0,0.0,0.0,0.0,0.0
parada de lucas,47,Parada de Lucas,AP3,2.064783,3,3,0.159425,1.064486,0.0,1.22391,0.592755,0.0,1.108299,0.0,0.0,0.0,0.0
parque anchieta,108,Parque Anchieta,AP3,3.9058,29,26,0.089536,0.459414,0.188931,0.73788,0.188919,0.048372,0.403286,0.0,0.0,0.018642,0.0
parque columbia,159,Parque Colúmbia,AP3,1.517139,6,5,0.024901,0.0849,0.0,0.109801,0.072374,0.0,0.128334,0.0,0.0,0.005685,0.0
pavuna,114,Pavuna,AP3,8.311428,46,38,0.32144,1.194623,0.746413,2.262477,0.272213,0.089806,0.595557,0.0,0.0,0.073191,0.0
pechincha,121,Pechincha,AP4,2.830923,5,0,0.0,0.0,0.0,0.0,0.0,0.0,0.0,0.0,0.0,0.069581,0.0
pedra de guaratiba,153,Pedra de Guaratiba,AP5,3.636922,28,25,0.218608,1.61307,0.04742,1.879098,0.516673,0.013038,0.986276,0.0,0.0,0.08359,0.0
penha,43,Penha,AP3,5.811339,24,17,0.225292,0.085242,0.04298,0.353514,0.060832,0.007396,0.090292,0.0,0.0,0.424478,0.0
penha circular,44,Penha Circular,AP3,4.623394,12,11,0.377002,0.0,0.0,0.377002,0.081542,0.0,0.081542,0.0,0.0,0.001826,0.0
piedade,69,Piedade,AP3,3.887111,39,32,0.214069,0.002832,0.412443,0.629344,0.161905,0.106105,0.374845,0.0,0.0,0.220833,0.0
pilares,71,Pilares,AP3,1.836425,16,14,0.298723,0.000712,0.036239,0.335674,0.182787,0.019733,0.222641,0.0,0.0,0.017561,0.0
pitangueiras,94,Pitangueiras,AP3,0.604131,16,10,0.010223,0.092554,0.0,0.102777,0.170124,0.0,0.323326,0.0,0.0,0.391653,0.0
portuguesa,103,Portuguesa,AP3,1.186413,6,6,0.07096,0.029845,0.347898,0.448703,0.378201,0.293235,0.989828,0.0,0.0,0.0,0.0
praca da bandeira,32,Praça da Bandeira,AP2,0.719912,0,0,0.0,0.0,0.0,0.0,0.0,0.0,0.0,0.0,0.0,0.0,0.0
praca seca,124,Praça Seca,AP4,6.499995,40,11,0.054267,0.110691,0.0,0.164958,0.025378,0.0,0.042408,1.993657,0.306717,0.519478,0.0
praia da bandeira,95,Praia da Bandeira,AP3,0.379407,6,2,0.003775,0.0,0.0,0.003775,0.00995,0.0,0.00995,0.0,0.0,0.447806,0.0
quintino bocaiuva,79,Quintino Bocaiúva,AP3,4.323806,35,19,0.340106,0.00455,0.0,0.344656,0.079711,0.0,0.080763,3.262056,0.754441,0.648324,0.0
ramos,41,Ramos,AP3,2.793541,15,12,0.191488,0.0,0.153319,0.344808,0.12343,0.054884,0.233197,0.0,0.0,0.011206,0.0
realengo,139,Realengo,AP5,26.054268,133,81,0.18934,3.717395,2.804358,6.711094,0.257581,0.107635,0.615531,3.529871,0.135481,0.34039,0.169395
recreio dos bandeirantes,132,Recreio dos Bandeirantes,AP4,30.655705,125,79,1.125947,0.993859,0.259309,2.379115,0.077608,0.008459,0.126945,0.0,0.0,0.171836,0.060925
riachuelo,59,Riachuelo,AP3,0.928111,8,5,0.169579,0.0,0.0,0.169579,0.182714,0.0,0.182714,0.0,0.0,2.814137,0.0
ribeira,91,Ribeira,AP3,0.861927,19,19,0.019669,0.075707,0.192918,0.288294,0.334477,0.223822,0.869955,0.0,0.0,0.0,0.0
ricardo de albuquerque,109,Ricardo de Albuquerque,AP3,2.116875,18,13,0.32702,0.000531,0.153399,0.480949,0.227198,0.072465,0.372378,0.0,0.0,0.052163,0.0
rio comprido,7,Rio Comprido,AP1,3.34252,18,3,0.023909,0.0269,0.0,0.05081,0.015201,0.0,0.023249,4.301388,1.28687,1.078073,0.0
rocha,58,Rocha,AP3,1.311629,3,2,0.101524,0.0,0.0,0.101524,0.077403,0.0,0.077403,0.0,0.0,0.008775,0.0
rocha miranda,86,Rocha Miranda,AP3,2.886713,17,15,0.036607,0.067822,0.0,0.104428,0.036175,0.0,0.05967,0.0,0.0,0.022967,0.0
rocinha,154,Rocinha,AP2,1.437199,13,5,0.004144,0.046894,0.0,0.051038,0.035512,0.0,0.06814,0.0,0.0,0.806417,2.215861
sampaio,60,Sampaio,AP3,0.884411,5,4,0.158172,0.0,0.0,0.158172,0.178844,0.0,0.178844,0.0,0.0,0.269992,0.0
santa cruz,149,Santa Cruz,AP5,125.044629,281,264,5.108818,22.535429,80.893998,108.538244,0.867996,0.646921,2.342057,0.0,0.0,0.015068,0.0
santa teresa,14,Santa Teresa,AP1,5.157142,40,7,0.043168,0.000924,0.0,0.044092,0.00855,0.0,0.008729,0.0,0.0,0.412149,0.0
santissimo,143,Santíssimo,AP5,8.319636,57,35,0.23047,0.476349,0.248071,0.95489,0.114775,0.029818,0.231666,0.0,0.0,0.107595,0.0
santo cristo,3,Santo Cristo,AP1,1.684725,10,9,0.069218,0.674623,0.0,0.743842,0.441521,0.0,0.841956,0.0,0.0,0.178799,0.0
sao conrado,31,São Conrado,AP2,6.488583,56,19,0.072936,0.846756,0.206468,1.12616,0.17356,0.03182,0.3677,0.0,0.0,3.40102,0.401491
sao francisco xavier,57,São Francisco Xavier,AP3,0.648909,4,2,0.03979,0.0,0.0,0.03979,0.061319,0.0,0.061319,0.0,0.0,0.022492,0.0
saude,1,Saúde,AP1,0.363819,0,0,0.0,0.0,0.0,0.0,0.0,0.0,0.0,0.0,0.0,0.0,0.0
senador camara,142,Senador Camará,AP5,16.90865,94,37,0.075609,1.192028,0.501374,1.769011,0.104622,0.029652,0.234424,1.139733,0.067405,0.284568,0.604226
senador vasconcelos,145,Senador Vasconcelos,AP5,6.441786,56,36,0.285511,0.00756,0.516842,0.809913,0.125728,0.080233,0.287367,1.905522,0.295806,0.195557,0.0
sepetiba,150,Sepetiba,AP5,11.621331,70,66,0.799043,2.553848,0.225423,3.578314,0.307909,0.019397,0.566459,0.0,0.0,0.009686,0.0
tanque,123,Tanque,AP4,5.568005,44,12,0.068726,0.0,0.0,0.068726,0.012343,0.0,0.012343,1.40938,0.253121,0.359159,0.0
taquara,122,Taquara,AP4,13.206665,110,75,0.118046,2.527152,1.799675,4.444873,0.336563,0.13627,0.800458,1.165262,0.088233,0.178769,0.0
taua,101,Tauá,AP3,1.67255,18,12,0.031556,0.051028,0.855022,0.937606,0.560585,0.511209,1.613511,0.0,0.0,0.172332,0.0
tijuca,33,Tijuca,AP2,10.065585,27,7,0.165254,5.111294,0.0,5.276549,0.524217,0.0,1.032016,0.0,0.0,0.105084,0.431212
todos os santos,64,Todos os Santos,AP3,1.012639,10,10,0.12178,0.043233,0.0,0.165013,0.162953,0.0,0.205647,0.0,0.0,0.0,0.0
tomas coelho,56,Tomás Coelho,AP3,1.747531,15,9,0.120959,0.0,0.0,0.120959,0.069217,0.0,0.069217,0.0,0.0,0.376465,0.0
turiacu,85,Turiaçú,AP3,1.255813,11,7,0.097812,0.000665,0.054966,0.153443,0.122186,0.04377,0.210255,0.0,0.0,0.858054,0.0
urca,22,Urca,AP2,2.319008,8,3,0.000351,0.0,0.021988,0.022339,0.009633,0.009482,0.028597,0.0,0.0,0.069815,0.0
vargem grande,131,Vargem Grande,AP4,39.380487,225,71,0.491371,5.492403,1.396805,7.380579,0.187417,0.035469,0.397826,3.469577,0.088104,5.198229,0.476063
vargem pequena,130,Vargem Pequena,AP4,14.438333,67,34,0.349398,2.115093,0.050845,2.515335,0.174212,0.003522,0.327747,2.142195,0.148369,0.617766,0.068149
vasco da gama,158,Vasco da Gama,AP1,0.863077,4,3,0.228283,5.758239,0.0,5.986522,6.936256,0.0,13.608014,0.0,0.0,0.015544,0.0
vaz lobo,84,Vaz Lobo,AP3,1.101224,7,4,0.096706,0.0,0.0,0.096706,0.087817,0.0,0.087817,0.0,0.0,0.570259,0.0
vicente de carvalho,73,Vicente de Carvalho,AP3,1.835716,12,9,0.05687,0.0,0.10983,0.1667,0.090809,0.059829,0.210468,0.0,0.0,0.183612,0.0
vidigal,30,Vidigal,AP2,1.621382,13,0,0.0,0.0,0.0,0.0,0.0,0.0,0.0,0.0,0.0,1.140129,0.0
vigario geral,48,Vigário Geral,AP3,3.385317,27,26,0.2091,0.034577,0.333799,0.577475,0.170582,0.098602,0.378,0.0,0.0,0.007651,0.0
vila da penha,74,Vila da Penha,AP3,1.541675,3,3,0.33302,0.0,0.0,0.33302,0.216012,0.0,0.216012,0.0,0.0,0.0,0.0
vila isabel,36,Vila Isabel,AP2,3.217135,15,12,0.189183,0.099843,0.0,0.289025,0.089839,0.0,0.120874,0.0,0.0,0.167942,0.0
vila kennedy,162,Vila Kennedy,AP5,1.473741,7,7,6.3e-05,0.21948,0.037713,0.257257,0.17456,0.02559,0.374668,0.0,0.0,0.0,0.0
vila kosmos,72,Vila Kosmos,AP3,1.519258,10,6,0.06779,32.773222,0.041726,32.882738,21.643943,0.027465,43.27073,0.0,0.0,0.170727,0.0
vila militar,135,Vila Militar,AP5,10.756738,57,51,0.224732,1.638549,0.422565,2.285845,0.212504,0.039284,0.443399,0.0,0.0,0.030002,0.0
vila valqueire,125,Vila Valqueire,AP4,4.232226,21,13,0.109765,0.694425,0.0,0.804189,0.190016,0.0,0.354096,1.341377,0.316944,0.192512,0.0
vista alegre,75,Vista Alegre,AP3,1.254362,7,5,0.052757,0.0,0.0,0.052757,0.042059,0.0,0.042059,0.0,0.0,0.054614,0.0
zumbi,92,Zumbi,AP3,0.161118,1,1,0.0,0.000281,0.0,0.000281,0.001746,0.0,0.003492,0.0,0.0,0.0,0.0
