CD_BAIRRO,NM_BAIRRO,V05200,V05201,V05202,V05203,V05204,V05205,V05206,V05207,V05208,V05209,V05210,V05211,V05212,V05213,V05214,V05215,V05216,V05217,V05218,V05219,V05220,V05221,V05222,V05223,V05224,V05225,V05226,V05227,V05228,V05229,V05230,V05231,V05232,V05233,V05234
3305109001,Vila Tiradentes,15725,14037,1451,237,0,0,15619,106,0,11280,4445,0,15587,138,0,539,15186,0,0,15725,0,15190,535,0,13683,1507,535,6392,8798,535,6891,4169,2490,2175,0
3305109002,Vilar dos Teles,86106,69717,13195,3194,0,0,84541,1565,0,59752,26354,0,85036,1070,0,2420,83686,0,191,85915,0,74266,11840,0,66106,8160,11840,1510,72756,11840,43966,23497,9244,9399,0
3305109003,Jardim Meriti,26153,23856,1828,469,0,0,25940,213,0,18913,7240,0,26005,148,0,1694,24459,0,52,26101,0,23964,2189,0,21951,2013,2189,3181,20783,2189,11186,6013,4748,4206,0
3305109004,Éden,56115,49907,5321,527,0,360,55530,225,360,38672,17083,360,55570,185,360,1947,53808,360,397,55358,360,53236,2519,360,43734,9502,2879,5257,47979,2879,28773,17530,5193,4259,360
3305109005,Engenheiro Belford,11383,7704,3247,432,0,0,11289,94,0,7922,3461,0,10147,1236,0,285,11098,0,168,11215,0,10492,891,0,8585,1907,891,299,10193,891,7321,2503,890,669,0
3305109006,Agostinho Porto,11958,10904,1054,0,0,0,11940,18,0,9216,2742,0,11958,0,0,871,11087,0,60,11898,0,11864,94,0,10108,1756,94,2382,9482,94,5597,3775,1409,1177,0
3305109007,Vila Rosali,21713,20485,704,524,0,0,21576,137,0,18550,3163,0,21671,42,0,1661,20052,0,3,21710,0,21292,421,0,19905,1387,421,3520,17772,421,8973,6406,2875,3459,0
3305109008,Venda Velha,27635,20762,4758,2107,0,8,26274,1353,8,18602,9025,8,25912,1715,8,1787,25840,8,249,27378,8,22469,5158,8,21399,1070,5166,1095,21374,5166,13644,5441,3838,4704,8
3305109009,Parque Araruama,30467,24477,5092,898,0,0,30001,466,0,23835,6632,0,28920,1547,0,1839,28628,0,105,30362,0,27645,2822,0,26894,751,2822,890,26755,2822,12876,8338,5734,3519,0
3305109010,Jardim Sumaré,34746,23403,9620,1723,0,0,32565,2181,0,22542,12204,0,34051,695,0,2192,32554,0,1068,33678,0,28959,5787,0,27348,1611,5787,1457,27502,5787,13854,8972,5256,6664,0
3305109011,Jardim Metrópole,21141,17915,2895,331,0,0,19666,1475,0,17629,3512,0,20933,208,0,1932,19209,0,0,21141,0,19365,1776,0,18908,457,1776,816,18549,1776,9545,6004,2459,3133,0
3305109012,Jardim Paraíso,7975,6780,1152,43,0,0,7319,656,0,6589,1386,0,7975,0,0,1401,6574,0,10,7965,0,7083,892,0,6952,131,892,199,6884,892,3688,2361,625,1301,0
3305109013,Coelho da Rocha,36943,36117,689,137,0,0,36534,409,0,27624,9319,0,36803,140,0,2801,34142,0,69,36874,0,35408,1535,0,22543,12865,1535,987,34421,1535,18401,12229,3991,2322,0
3305109014,Tomazinho,11736,11237,396,103,0,0,11735,1,0,5690,6046,0,11660,76,0,1610,10126,0,263,11473,0,11255,481,0,10314,941,481,265,10990,481,7429,3010,557,740,0
3305109015,São Matheus,16316,12428,3066,822,0,0,16142,174,0,10376,5940,0,16166,150,0,76,16240,0,185,16131,0,15043,1273,0,14873,170,1273,173,14870,1273,12548,2401,743,624,0
3305109016,Centro,24462,18283,3227,2952,0,0,24462,0,0,17270,7192,0,24248,214,0,2293,22169,0,210,24252,0,23737,725,0,19474,4263,725,1286,22451,725,16021,6402,1105,934,0
