CD_BAIRRO,NM_BAIRRO,V05000,V05001,V05002,V05003,V05004,V05005,V05006,V05007,V05008,V05009,V05010,V05011,V05012,V05013,V05014,V05015,V05016,V05017,V05018,V05019,V05020,V05021,V05022,V05023,V05024,V05025,V05026,V05027,V05028,V05029,V05030,V05031,V05032,V05033,V05034
3305109001,Vila Tiradentes,5985,5400,502,83,0,0,5940,45,0,4347,1638,0,5941,44,0,204,5781,0,0,5985,0,5783,202,0,5176,607,202,2478,3305,202,2611,1582,949,843,0
3305109002,Vilar dos Teles,32479,26345,4930,1204,0,0,31943,536,0,22651,9828,0,32090,389,0,940,31539,0,64,32415,0,28154,4325,0,25085,3069,4325,615,27539,4325,16499,8882,3548,3550,0
3305109003,Jardim Meriti,10259,9396,685,178,0,0,10177,82,0,7474,2785,0,10201,58,0,692,9567,0,22,10237,0,9452,807,0,8694,758,807,1206,8246,807,4350,2394,1846,1669,0
3305109004,Éden,21436,19140,1971,201,0,124,21226,86,124,14930,6382,124,21237,75,124,753,20559,124,148,21164,124,20371,941,124,16672,3699,1065,2082,18289,1065,10927,6696,2026,1663,124
3305109005,Engenheiro Belford,4374,2908,1297,169,0,0,4339,35,0,3057,1317,0,3865,509,0,106,4268,0,65,4309,0,4029,345,0,3284,745,345,113,3916,345,2813,951,361,249,0
3305109006,Agostinho Porto,4708,4308,400,0,0,0,4700,8,0,3654,1054,0,4708,0,0,357,4351,0,29,4679,0,4672,36,0,3982,690,36,948,3724,36,2215,1492,553,448,0
3305109007,Vila Rosali,8687,8213,273,201,0,0,8629,58,0,7415,1272,0,8669,18,0,654,8033,0,1,8686,0,8525,162,0,7965,560,162,1443,7082,162,3592,2579,1121,1395,0
3305109008,Venda Velha,10542,7987,1776,773,0,6,10002,534,6,7104,3432,6,9884,652,6,628,9908,6,94,10442,6,8618,1918,6,8209,409,1924,415,8203,1924,5159,2130,1485,1762,6
3305109009,Parque Araruama,11585,9424,1846,315,0,0,11433,152,0,9172,2413,0,11034,551,0,739,10846,0,34,11551,0,10557,1028,0,10267,290,1028,361,10196,1028,4885,3225,2165,1310,0
3305109010,Jardim Sumaré,13156,8939,3568,649,0,0,12378,778,0,8688,4468,0,12906,250,0,862,12294,0,414,12742,0,11032,2124,0,10442,590,2124,524,10508,2124,5253,3364,2002,2537,0
3305109011,Jardim Metrópole,8121,6948,1060,113,0,0,7622,499,0,6843,1278,0,8043,78,0,753,7368,0,0,8121,0,7517,604,0,7320,197,604,328,7189,604,3686,2288,938,1209,0
3305109012,Jardim Paraíso,2948,2549,385,14,0,0,2732,216,0,2453,495,0,2948,0,0,498,2450,0,4,2944,0,2646,302,0,2595,51,302,86,2560,302,1339,912,221,476,0
3305109013,Coelho da Rocha,14115,13799,264,52,0,0,13956,159,0,10571,3544,0,14052,63,0,1088,13027,0,25,14090,0,13543,572,0,8728,4815,572,377,13166,572,7000,4662,1549,904,0
3305109014,Tomazinho,4436,4257,143,36,0,0,4435,1,0,2163,2273,0,4412,24,0,609,3827,0,108,4328,0,4250,186,0,3888,362,186,97,4153,186,2787,1168,212,269,0
3305109015,São Matheus,6008,4616,1107,285,0,0,5947,61,0,3857,2151,0,5952,56,0,28,5980,0,78,5930,0,5551,457,0,5476,75,457,74,5477,457,4600,909,257,242,0
3305109016,Centro,9876,7454,1266,1156,0,0,9876,0,0,7051,2825,0,9787,89,0,1028,8848,0,78,9798,0,9594,282,0,7793,1801,282,575,9019,282,6496,2544,439,397,0
