CD_BAIRRO,NM_BAIRRO,V05400,V05401,V05402,V05403,V05404,V05405,V05406,V05407,V05408,V05409,V05410,V05411,V05412,V05413,V05414,V05415,V05416,V05417,V05418,V05419,V05420,V05421,V05422,V05423,V05424,V05425,V05426,V05427,V05428,V05429,V05430,V05431,V05432,V05433,V05434
3305109001,Vila Tiradentes,342,284,47,11,0,0,336,6,0,220,122,0,336,6,0,9,333,0,0,342,0,319,23,0,267,52,23,119,200,23,176,89,44,33,0
3305109002,Vilar dos Teles,2175,1614,378,181,0,2,2107,66,2,1455,718,2,2098,75,2,89,2084,2,9,2164,2,1747,426,2,1501,246,428,58,1689,428,1370,507,161,135,2
3305109003,Jardim Meriti,574,516,44,14,0,0,567,7,0,385,189,0,570,4,0,39,535,0,3,571,0,516,58,0,442,74,58,83,433,58,291,137,72,74,0
3305109004,Éden,1329,1110,151,25,0,43,1279,7,43,876,410,43,1272,14,43,52,1234,43,14,1272,43,1187,99,43,829,358,142,108,1079,142,806,317,93,70,43
3305109005,Engenheiro Belford,234,150,67,17,0,0,231,3,0,156,78,0,208,26,0,9,225,0,5,229,0,201,33,0,157,44,33,7,194,33,165,43,15,11,0
3305109006,Agostinho Porto,244,216,26,2,0,0,242,2,0,162,82,0,244,0,0,21,223,0,1,243,0,238,6,0,204,34,6,44,194,6,138,64,27,15,0
3305109007,Vila Rosali,312,286,15,11,0,0,310,2,0,254,58,0,310,2,0,20,292,0,1,311,0,302,10,0,269,33,10,55,247,10,154,94,30,34,0
3305109008,Venda Velha,665,404,113,146,0,2,603,60,2,333,330,2,560,103,2,31,632,2,6,657,2,405,258,2,359,46,260,22,383,260,444,105,59,55,2
3305109009,Parque Araruama,617,444,122,51,0,0,590,27,0,444,173,0,552,65,0,48,569,0,6,611,0,490,127,0,453,37,127,23,467,127,348,157,60,52,0
3305109010,Jardim Sumaré,698,404,190,104,0,0,622,76,0,395,303,0,676,22,0,50,648,0,14,684,0,490,208,0,444,46,208,19,471,208,362,163,80,93,0
3305109011,Jardim Metrópole,397,333,47,16,0,1,383,13,1,326,70,1,387,9,1,26,370,1,0,396,1,370,26,1,353,17,27,13,357,27,213,100,36,47,1
3305109012,Jardim Paraíso,199,178,13,8,0,0,197,2,0,172,27,0,199,0,0,17,182,0,1,198,0,189,10,0,181,8,10,5,184,10,99,60,18,22,0
3305109013,Coelho da Rocha,790,745,33,10,0,2,779,9,2,532,256,2,779,9,2,45,743,2,1,787,2,723,65,2,393,330,67,33,690,67,480,209,57,42,2
3305109014,Tomazinho,203,186,16,1,0,0,201,2,0,104,99,0,200,3,0,24,179,0,13,190,0,183,20,0,153,30,20,5,178,20,136,46,8,13,0
3305109015,São Matheus,357,231,92,34,0,0,347,10,0,223,134,0,349,8,0,3,354,0,11,346,0,299,58,0,285,14,58,9,290,58,292,43,11,11,0
3305109016,Centro,547,389,89,69,0,0,547,0,0,391,156,0,534,13,0,74,473,0,10,537,0,513,34,0,365,148,34,58,455,34,393,107,24,23,0
