CD_setor,V05000,V05001,V05002,V05003,V05004,V05005,V05006,V05007,V05008,V05009,V05010,V05011,V05012,V05013,V05014,V05015,V05016,V05017,V05018,V05019,V05020,V05021,V05022,V05023,V05024,V05025,V05026,V05027,V05028,V05029,V05030,V05031,V05032,V05033,V05034
330510905000001,219,138,34,47,0,0,219,0,0,202,17,0,205,14,0,2,217,0,0,219,0,201,18,0,0,201,18,126,75,18,174,0,16,29,0
330510905000002,194,194,0,0,0,0,194,0,0,169,25,0,145,49,0,1,193,0,0,194,0,194,0,0,139,55,0,0,194,0,56,76,62,0,0
330510905000003,237,188,49,0,0,0,237,0,0,237,0,0,237,0,0,0,237,0,36,201,0,237,0,0,122,115,0,18,219,0,201,12,0,24,0
330510905000005,182,150,32,0,0,0,182,0,0,150,32,0,182,0,0,5,177,0,0,182,0,182,0,0,177,5,0,0,182,0,87,32,0,63,0
330510905000006,264,230,14,20,0,0,264,0,0,190,74,0,264,0,0,83,181,0,0,264,0,264,0,0,222,42,0,28,236,0,202,43,19,0,0
330510905000007,120,84,0,36,0,0,120,0,0,36,84,0,120,0,0,0,120,0,0,120,0,120,0,0,91,29,0,0,120,0,120,0,0,0,0
330510905000008,286,286,0,0,0,0,286,0,0,158,128,0,286,0,0,0,286,0,0,286,0,270,16,0,221,49,16,0,270,16,164,89,33,0,0
330510905000009,265,265,0,0,0,0,265,0,0,223,42,0,265,0,0,0,265,0,0,265,0,248,17,0,220,28,17,0,248,17,154,111,0,0,0
330510905000010,266,258,8,0,0,0,266,0,0,141,125,0,266,0,0,0,266,0,0,266,0,258,8,0,258,0,8,0,258,8,136,118,0,12,0
330510905000011,173,173,0,0,0,0,173,0,0,73,100,0,173,0,0,13,160,0,0,173,0,173,0,0,108,65,0,0,173,0,83,90,0,0,0
330510905000012,329,304,25,0,0,0,329,0,0,253,76,0,329,0,0,0,329,0,0,329,0,304,25,0,304,0,25,0,304,25,175,117,37,0,0
330510905000013,219,208,0,11,0,0,219,0,0,24,195,0,219,0,0,12,207,0,0,219,0,219,0,0,195,24,0,0,219,0,195,24,0,0,0
330510905000014,230,199,31,0,0,0,230,0,0,118,112,0,230,0,0,4,226,0,0,230,0,230,0,0,226,4,0,0,230,0,136,83,11,0,0
330510905000015,240,113,127,0,0,0,240,0,0,211,29,0,240,0,0,0,240,0,0,240,0,240,0,0,240,0,0,0,240,0,79,92,69,0,0
330510905000016,248,156,92,0,0,0,248,0,0,221,27,0,248,0,0,49,199,0,0,248,0,248,0,0,242,6,0,0,248,0,124,88,13,23,0
330510905000018,106,98,8,0,0,0,106,0,0,102,4,0,106,0,0,37,69,0,0,106,0,104,2,0,35,69,2,14,90,2,103,2,0,1,0
330510905000019,141,134,7,0,0,0,141,0,0,108,33,0,141,0,0,44,97,0,0,141,0,141,0,0,57,84,0,17,124,0,134,7,0,0,0
330510905000020,243,101,113,29,0,0,243,0,0,104,139,0,243,0,0,6,237,0,0,243,0,243,0,0,148,95,0,0,243,0,201,36,6,0,0
330510905000021,226,225,0,1,0,0,226,0,0,185,41,0,185,41,0,39,187,0,6,220,0,226,0,0,59,167,0,1,225,0,185,0,41,0,0
330510905000022,200,167,0,33,0,0,200,0,0,200,0,0,200,0,0,0,200,0,0,200,0,200,0,0,44,156,0,56,144,0,101,97,0,2,0
330510905000023,107,61,46,0,0,0,107,0,0,37,70,0,107,0,0,0,107,0,0,107,0,94,13,0,46,48,13,0,94,13,50,0,34,23,0
330510905000024,119,10,106,3,0,0,119,0,0,113,6,0,119,0,0,11,108,0,0,119,0,102,17,0,89,13,17,0,102,17,102,6,5,6,0
330510905000025,294,157,127,10,0,0,294,0,0,294,0,0,74,220,0,0,294,0,0,294,0,294,0,0,135,159,0,0,294,0,82,63,149,0,0
330510905000026,315,206,81,28,0,0,315,0,0,268,47,0,247,68,0,7,308,0,3,312,0,287,28,0,127,160,28,4,283,28,262,53,0,0,0
330510905000027,308,52,225,31,0,0,308,0,0,170,138,0,292,16,0,50,258,0,0,308,0,215,93,0,213,2,93,0,215,93,263,7,18,20,0
330510905000028,336,137,199,0,0,0,336,0,0,265,71,0,307,29,0,0,336,0,26,310,0,262,74,0,251,11,74,0,262,74,192,144,0,0,0
330510905000029,221,214,7,0,0,0,221,0,0,211,10,0,221,0,0,48,173,0,0,221,0,221,0,0,138,83,0,91,130,0,68,36,0,117,0
330510905000030,202,110,92,0,0,0,202,0,0,181,21,0,143,59,0,0,202,0,0,202,0,202,0,0,195,7,0,0,202,0,69,76,0,57,0
330510905000031,228,228,0,0,0,0,228,0,0,138,90,0,228,0,0,35,193,0,0,228,0,228,0,0,228,0,0,0,228,0,166,24,0,38,0
330510905000032,348,322,26,0,0,0,348,0,0,298,50,0,348,0,0,15,333,0,0,348,0,348,0,0,305,43,0,0,348,0,269,31,0,48,0
330510905000033,413,413,0,0,0,0,413,0,0,296,117,0,413,0,0,0,413,0,0,413,0,413,0,0,413,0,0,0,413,0,257,17,61,78,0
330510905000034,279,246,33,0,0,0,279,0,0,157,122,0,279,0,0,0,279,0,0,279,0,279,0,0,279,0,0,0,279,0,162,38,18,61,0
330510905000035,223,223,0,0,0,0,223,0,0,223,0,0,223,0,0,0,223,0,0,223,0,223,0,0,223,0,0,0,223,0,73,150,0,0,0
330510905000036,336,336,0,0,0,0,336,0,0,301,35,0,336,0,0,16,320,0,0,336,0,336,0,0,320,16,0,0,336,0,188,148,0,0,0
330510905000037,144,144,0,0,0,0,144,0,0,69,75,0,144,0,0,0,144,0,0,144,0,144,0,0,143,1,0,0,144,0,62,82,0,0,0
330510905000038,328,326,0,2,0,0,328,0,0,328,0,0,328,0,0,0,328,0,0,328,0,328,0,0,272,56,0,0,328,0,133,126,69,0,0
330510905000039,234,234,0,0,0,0,234,0,0,222,12,0,234,0,0,0,234,0,0,234,0,234,0,0,214,20,0,0,234,0,122,112,0,0,0
330510905000040,341,330,0,11,0,0,341,0,0,257,84,0,341,0,0,0,341,0,0,341,0,341,0,0,341,0,0,0,341,0,140,68,72,61,0
330510905000041,227,227,0,0,0,0,227,0,0,182,45,0,227,0,0,52,175,0,0,227,0,227,0,0,204,23,0,28,199,0,104,0,78,45,0
330510905000042,387,359,16,12,0,0,387,0,0,151,236,0,387,0,0,0,387,0,0,387,0,375,12,0,375,0,12,0,375,12,181,172,22,12,0
330510905000043,189,189,0,0,0,0,189,0,0,166,23,0,189,0,0,0,189,0,0,189,0,189,0,0,148,41,0,0,189,0,177,0,0,12,0
330510905000044,189,189,0,0,0,0,189,0,0,189,0,0,189,0,0,0,189,0,0,189,0,189,0,0,184,5,0,45,144,0,50,139,0,0,0
330510905000045,290,277,13,0,0,0,290,0,0,251,39,0,290,0,0,85,205,0,0,290,0,259,31,0,259,0,31,0,259,31,185,81,24,0,0
330510905000046,181,90,0,91,0,0,181,0,0,131,50,0,181,0,0,0,181,0,0,181,0,181,0,0,181,0,0,0,181,0,96,85,0,0,0
330510905000047,352,127,0,225,0,0,352,0,0,63,289,0,352,0,0,0,352,0,0,352,0,352,0,0,352,0,0,37,315,0,227,125,0,0,0
330510905000048,321,161,96,64,0,0,321,0,0,63,258,0,321,0,0,0,321,0,0,321,0,321,0,0,321,0,0,0,321,0,177,105,0,39,0
330510905000049,169,169,0,0,0,0,169,0,0,116,53,0,169,0,0,0,169,0,0,169,0,169,0,0,169,0,0,0,169,0,111,34,14,10,0
330510905000050,158,56,86,16,0,0,158,0,0,95,63,0,150,8,0,0,158,0,0,158,0,158,0,0,150,8,0,0,158,0,116,42,0,0,0
330510905000051,396,143,59,194,0,0,396,0,0,288,108,0,396,0,0,131,265,0,0,396,0,396,0,0,396,0,0,0,396,0,365,31,0,0,0
330510905000052,68,68,0,0,0,0,68,0,0,68,0,0,68,0,0,0,68,0,0,68,0,68,0,0,68,0,0,0,68,0,35,19,0,14,0
330510905000053,244,244,0,0,0,0,244,0,0,179,65,0,244,0,0,0,244,0,0,244,0,244,0,0,244,0,0,0,244,0,123,0,0,121,0
330510905000054,311,242,69,0,0,0,311,0,0,176,135,0,311,0,0,0,311,0,0,311,0,311,0,0,311,0,0,0,311,0,103,126,82,0,0
330510905000055,307,237,70,0,0,0,307,0,0,307,0,0,307,0,0,0,307,0,0,307,0,233,74,0,233,0,74,0,233,74,179,55,73,0,0
330510905000056,250,208,0,42,0,0,208,42,0,250,0,0,250,0,0,118,132,0,0,250,0,208,42,0,112,96,42,83,125,42,235,15,0,0,0
330510905000057,216,216,0,0,0,0,216,0,0,216,0,0,216,0,0,27,189,0,0,216,0,216,0,0,124,92,0,0,216,0,146,43,0,27,0
330510905000058,281,281,0,0,0,0,281,0,0,281,0,0,281,0,0,51,230,0,0,281,0,281,0,0,236,45,0,64,217,0,22,150,51,58,0
330510905000059,320,311,9,0,0,0,320,0,0,271,49,0,320,0,0,0,320,0,0,320,0,319,1,0,319,0,1,0,319,1,117,64,139,0,0
330510905000060,287,207,58,22,0,0,287,0,0,160,127,0,277,10,0,64,223,0,0,287,0,287,0,0,287,0,0,0,287,0,147,137,3,0,0
330510905000061,197,132,55,10,0,0,197,0,0,101,96,0,197,0,0,0,197,0,0,197,0,197,0,0,197,0,0,0,197,0,150,47,0,0,0
330510905000062,192,172,8,12,0,0,192,0,0,28,164,0,192,0,0,7,185,0,0,192,0,192,0,0,192,0,0,0,192,0,184,0,8,0,0
330510905000063,205,112,2,91,0,0,205,0,0,205,0,0,205,0,0,112,93,0,0,205,0,205,0,0,205,0,0,0,205,0,93,0,0,112,0
330510905000065,337,314,23,0,0,0,337,0,0,314,23,0,337,0,0,0,337,0,0,337,0,337,0,0,337,0,0,62,275,0,32,110,142,53,0
330510905000066,208,208,0,0,0,0,208,0,0,208,0,0,208,0,0,26,182,0,0,208,0,208,0,0,110,98,0,193,15,0,11,33,26,138,0
330510905000067,333,333,0,0,0,0,333,0,0,331,2,0,333,0,0,0,333,0,0,333,0,333,0,0,317,16,0,116,217,0,26,26,0,281,0
330510905000068,292,268,24,0,0,0,292,0,0,292,0,0,292,0,0,0,292,0,0,292,0,292,0,0,291,1,0,0,292,0,166,71,55,0,0
330510905000069,256,256,0,0,0,0,256,0,0,252,4,0,256,0,0,0,256,0,0,256,0,256,0,0,256,0,0,12,244,0,110,133,13,0,0
330510905000070,299,299,0,0,0,0,299,0,0,195,104,0,299,0,0,41,258,0,0,299,0,299,0,0,299,0,0,10,289,0,130,94,64,11,0
330510905000071,263,236,27,0,0,0,263,0,0,75,188,0,263,0,0,0,263,0,0,263,0,263,0,0,218,45,0,219,44,0,167,62,34,0,0
330510905000072,247,247,0,0,0,0,184,63,0,79,168,0,247,0,0,0,247,0,0,247,0,179,68,0,151,28,68,97,82,68,135,31,15,66,0
330510905000073,77,77,0,0,0,0,77,0,0,49,28,0,77,0,0,0,77,0,22,55,0,77,0,0,63,14,0,1,76,0,70,7,0,0,0
330510905000074,253,176,51,26,0,0,253,0,0,102,151,0,253,0,0,26,227,0,0,253,0,253,0,0,253,0,0,0,253,0,184,0,69,0,0
330510905000075,271,158,113,0,0,0,271,0,0,179,92,0,271,0,0,0,271,0,0,271,0,271,0,0,271,0,0,0,271,0,196,45,30,0,0
330510905000077,214,122,0,92,0,0,214,0,0,104,110,0,198,16,0,0,214,0,0,214,0,169,45,0,169,0,45,0,169,45,151,45,0,18,0
330510905000078,290,136,105,49,0,0,290,0,0,278,12,0,290,0,0,0,290,0,52,238,0,271,19,0,271,0,19,0,271,19,121,99,70,0,0
330510905000079,365,289,76,0,0,0,365,0,0,349,16,0,365,0,0,38,327,0,0,365,0,365,0,0,365,0,0,0,365,0,240,125,0,0,0
330510905000080,323,323,0,0,0,0,323,0,0,270,53,0,323,0,0,11,312,0,0,323,0,323,0,0,323,0,0,0,323,0,91,163,0,69,0
330510905000081,360,231,129,0,0,0,360,0,0,322,38,0,360,0,0,0,360,0,0,360,0,360,0,0,325,35,0,139,221,0,131,113,71,45,0
330510905000082,288,286,2,0,0,0,288,0,0,288,0,0,288,0,0,65,223,0,0,288,0,288,0,0,270,18,0,25,263,0,126,117,45,0,0
330510905000083,326,249,77,0,0,0,326,0,0,231,95,0,326,0,0,0,326,0,0,326,0,326,0,0,326,0,0,93,233,0,18,146,36,126,0
330510905000084,173,150,23,0,0,0,173,0,0,88,85,0,173,0,0,0,173,0,0,173,0,173,0,0,173,0,0,0,173,0,17,59,68,29,0
330510905000085,292,292,0,0,0,0,292,0,0,292,0,0,292,0,0,0,292,0,0,292,0,292,0,0,292,0,0,120,172,0,45,181,0,66,0
330510905000086,236,227,0,9,0,0,236,0,0,221,15,0,236,0,0,0,236,0,0,236,0,236,0,0,236,0,0,9,227,0,82,54,60,40,0
330510905000087,399,379,4,16,0,0,399,0,0,375,24,0,383,16,0,0,399,0,0,399,0,383,16,0,346,37,16,0,383,16,189,136,67,7,0
330510905000088,349,238,111,0,0,0,349,0,0,238,111,0,349,0,0,15,334,0,0,349,0,349,0,0,346,3,0,0,349,0,193,156,0,0,0
330510905000089,272,265,7,0,0,0,272,0,0,272,0,0,272,0,0,41,231,0,0,272,0,272,0,0,272,0,0,0,272,0,145,85,42,0,0
330510905000090,166,166,0,0,0,0,158,8,0,48,118,0,166,0,0,5,161,0,0,166,0,136,30,0,129,7,30,93,43,30,121,28,17,0,0
330510905000091,186,186,0,0,0,0,175,11,0,30,156,0,186,0,0,0,186,0,0,186,0,181,5,0,112,69,5,13,168,5,153,14,19,0,0
330510905000092,268,268,0,0,0,0,268,0,0,262,6,0,268,0,0,0,268,0,0,268,0,268,0,0,203,65,0,108,160,0,214,54,0,0,0
330510905000094,271,225,46,0,0,0,271,0,0,153,118,0,253,18,0,0,271,0,31,240,0,266,5,0,266,0,5,0,266,5,121,80,60,10,0
330510905000095,338,200,138,0,0,0,338,0,0,177,161,0,338,0,0,5,333,0,0,338,0,338,0,0,283,55,0,82,256,0,102,98,0,138,0
330510905000096,99,99,0,0,0,0,80,19,0,67,32,0,99,0,0,2,97,0,0,99,0,80,19,0,49,31,19,20,60,19,78,0,9,12,0
330510905000097,201,201,0,0,0,0,192,9,0,166,35,0,201,0,0,0,201,0,20,181,0,166,35,0,166,0,35,0,166,35,79,23,0,99,0
330510905000098,250,105,75,70,0,0,250,0,0,123,127,0,250,0,0,0,250,0,0,250,0,175,75,0,82,93,75,23,152,75,23,75,0,152,0
330510905000099,273,249,24,0,0,0,273,0,0,159,114,0,273,0,0,0,273,0,0,273,0,249,24,0,249,0,24,0,249,24,174,99,0,0,0
330510905000100,313,144,159,10,0,0,312,1,0,128,185,0,303,10,0,0,313,0,0,313,0,237,76,0,237,0,76,0,237,76,162,84,0,67,0
330510905000101,145,0,121,24,0,0,111,34,0,0,145,0,121,24,0,0,145,0,0,145,0,0,145,0,0,0,145,0,0,145,145,0,0,0,0
330510905000103,321,228,70,23,0,0,239,82,0,249,72,0,282,39,0,0,321,0,0,321,0,210,111,0,184,26,111,0,210,111,168,100,53,0,0
330510905000104,206,84,76,46,0,0,134,72,0,104,102,0,164,42,0,0,206,0,0,206,0,58,148,0,42,16,148,58,0,148,6,30,0,170,0
330510905000105,285,213,54,18,0,0,267,18,0,226,59,0,259,26,0,0,285,0,0,285,0,244,41,0,241,3,41,0,244,41,176,55,0,54,0
330510905000106,206,196,10,0,0,0,206,0,0,98,108,0,206,0,0,0,206,0,0,206,0,163,43,0,140,23,43,15,148,43,100,66,13,27,0
330510905000107,200,169,31,0,0,0,200,0,0,131,69,0,165,35,0,44,156,0,0,200,0,200,0,0,200,0,0,0,200,0,72,55,41,32,0
330510905000108,241,190,47,4,0,0,241,0,0,199,42,0,224,17,0,0,241,0,0,241,0,148,93,0,101,47,93,23,125,93,229,12,0,0,0
330510905000109,288,275,13,0,0,0,288,0,0,237,51,0,288,0,0,0,288,0,0,288,0,244,44,0,233,11,44,124,120,44,162,74,41,11,0
330510905000112,314,247,54,13,0,0,287,27,0,278,36,0,311,3,0,1,313,0,0,314,0,259,55,0,258,1,55,0,259,55,37,105,88,84,0
330510905000113,232,209,23,0,0,0,232,0,0,212,20,0,232,0,0,24,208,0,0,232,0,212,20,0,212,0,20,0,212,20,88,104,37,3,0
330510905000114,280,269,11,0,0,0,280,0,0,116,164,0,280,0,0,0,280,0,0,280,0,269,11,0,269,0,11,0,269,11,115,147,18,0,0
330510905000115,205,205,0,0,0,0,205,0,0,205,0,0,205,0,0,2,203,0,0,205,0,205,0,0,205,0,0,0,205,0,150,0,42,13,0
330510905000116,314,314,0,0,0,0,314,0,0,314,0,0,314,0,0,8,306,0,0,314,0,314,0,0,314,0,0,0,314,0,150,132,0,32,0
330510905000117,227,130,97,0,0,0,227,0,0,194,33,0,227,0,0,0,227,0,0,227,0,197,30,0,197,0,30,0,197,30,139,8,80,0,0
330510905000118,111,111,0,0,0,0,111,0,0,100,11,0,111,0,0,0,111,0,0,111,0,111,0,0,111,0,0,0,111,0,80,0,31,0,0
330510905000119,276,276,0,0,0,0,276,0,0,211,65,0,276,0,0,0,276,0,0,276,0,276,0,0,276,0,0,0,276,0,64,14,198,0,0
330510905000120,209,162,47,0,0,0,209,0,0,62,147,0,171,38,0,0,209,0,0,209,0,209,0,0,209,0,0,1,208,0,56,71,82,0,0
330510905000122,216,216,0,0,0,0,216,0,0,136,80,0,216,0,0,0,216,0,0,216,0,216,0,0,216,0,0,16,200,0,78,138,0,0,0
330510905000123,261,261,0,0,0,0,261,0,0,72,189,0,261,0,0,0,261,0,0,261,0,261,0,0,231,30,0,0,261,0,53,116,29,63,0
330510905000124,147,53,94,0,0,0,147,0,0,115,32,0,147,0,0,0,147,0,0,147,0,147,0,0,147,0,0,0,147,0,34,99,14,0,0
330510905000125,137,130,7,0,0,0,137,0,0,84,53,0,137,0,0,0,137,0,0,137,0,129,8,0,129,0,8,0,129,8,31,41,45,20,0
330510905000126,365,281,72,12,0,0,365,0,0,208,157,0,343,22,0,7,358,0,0,365,0,304,61,0,304,0,61,0,304,61,142,159,25,39,0
330510905000127,145,107,31,1,0,6,139,0,6,107,32,6,135,4,6,14,125,6,0,139,6,73,66,6,73,0,72,0,73,72,108,0,0,31,6
330510905000128,270,169,101,0,0,0,270,0,0,245,25,0,270,0,0,0,270,0,0,270,0,226,44,0,130,96,44,0,226,44,188,14,0,68,0
330510905000129,91,77,14,0,0,0,83,8,0,53,38,0,83,8,0,0,91,0,0,91,0,83,8,0,83,0,8,0,83,8,31,32,28,0,0
330510905000130,164,38,126,0,0,0,164,0,0,47,117,0,164,0,0,23,141,0,0,164,0,164,0,0,164,0,0,0,164,0,57,83,0,24,0
330510905000131,248,204,20,24,0,0,248,0,0,67,181,0,248,0,0,0,248,0,0,248,0,234,14,0,233,1,14,0,234,14,76,56,24,92,0
330510905000132,212,192,16,4,0,0,212,0,0,131,81,0,212,0,0,18,194,0,0,212,0,186,26,0,186,0,26,0,186,26,69,73,16,54,0
330510905000133,272,272,0,0,0,0,272,0,0,257,15,0,272,0,0,70,202,0,0,272,0,272,0,0,246,26,0,44,228,0,162,95,15,0,0
330510905000134,207,207,0,0,0,0,207,0,0,124,83,0,207,0,0,0,207,0,0,207,0,207,0,0,207,0,0,0,207,0,93,80,34,0,0
330510905000135,282,276,6,0,0,0,282,0,0,276,6,0,276,6,0,26,256,0,0,282,0,276,6,0,272,4,6,0,276,6,144,98,40,0,0
330510905000136,201,201,0,0,0,0,201,0,0,197,4,0,201,0,0,0,201,0,0,201,0,201,0,0,201,0,0,0,201,0,110,0,91,0,0
330510905000137,269,176,63,30,0,0,269,0,0,187,82,0,183,86,0,0,269,0,0,269,0,216,53,0,216,0,53,0,216,53,143,86,40,0,0
330510905000138,104,15,47,42,0,0,104,0,0,104,0,0,104,0,0,0,104,0,0,104,0,62,42,0,62,0,42,0,62,42,0,104,0,0,0
330510905000139,198,58,112,28,0,0,116,82,0,25,173,0,198,0,0,0,198,0,0,198,0,58,140,0,58,0,140,0,58,140,198,0,0,0,0
330510905000140,255,1,74,180,0,0,253,2,0,63,192,0,186,69,0,0,255,0,0,255,0,1,254,0,1,0,254,0,1,254,254,1,0,0,0
330510905000141,192,192,0,0,0,0,192,0,0,151,41,0,192,0,0,0,192,0,0,192,0,192,0,0,192,0,0,0,192,0,57,54,61,20,0
330510905000142,270,101,152,17,0,0,270,0,0,60,210,0,269,1,0,0,270,0,0,270,0,211,59,0,211,0,59,0,211,59,133,76,61,0,0
330510905000143,186,95,0,91,0,0,186,0,0,186,0,0,186,0,0,11,175,0,0,186,0,186,0,0,186,0,0,0,186,0,2,74,0,110,0
330510905000144,145,145,0,0,0,0,145,0,0,92,53,0,145,0,0,0,145,0,0,145,0,145,0,0,145,0,0,0,145,0,93,4,48,0,0
330510905000145,276,276,0,0,0,0,276,0,0,269,7,0,276,0,0,15,261,0,11,265,0,276,0,0,276,0,0,0,276,0,171,0,105,0,0
330510905000146,76,76,0,0,0,0,76,0,0,76,0,0,76,0,0,38,38,0,0,76,0,76,0,0,76,0,0,0,76,0,13,38,25,0,0
330510905000147,182,182,0,0,0,0,182,0,0,120,62,0,182,0,0,0,182,0,0,182,0,182,0,0,182,0,0,0,182,0,37,120,0,25,0
330510905000148,96,74,0,22,0,0,96,0,0,53,43,0,95,1,0,0,96,0,0,96,0,75,21,0,75,0,21,0,75,21,11,85,0,0,0
330510905000150,265,265,0,0,0,0,265,0,0,265,0,0,265,0,0,57,208,0,0,265,0,265,0,0,254,11,0,57,208,0,0,145,80,40,0
330510905000151,262,262,0,0,0,0,262,0,0,262,0,0,262,0,0,0,262,0,0,262,0,262,0,0,262,0,0,0,262,0,0,0,262,0,0
330510905000152,204,204,0,0,0,0,204,0,0,204,0,0,204,0,0,0,204,0,0,204,0,204,0,0,204,0,0,0,204,0,108,49,47,0,0
330510905000153,130,130,0,0,0,0,130,0,0,130,0,0,130,0,0,0,130,0,0,130,0,118,12,0,118,0,12,0,118,12,75,0,0,55,0
330510905000154,193,154,39,0,0,0,193,0,0,166,27,0,177,16,0,24,169,0,0,193,0,132,61,0,132,0,61,0,132,61,8,78,107,0,0
330510905000155,220,220,0,0,0,0,220,0,0,220,0,0,163,57,0,60,160,0,0,220,0,220,0,0,212,8,0,8,212,0,8,61,52,99,0
330510905000156,302,211,73,18,0,0,302,0,0,173,129,0,302,0,0,10,292,0,0,302,0,267,35,0,267,0,35,21,246,35,115,143,44,0,0
330510905000157,276,227,31,18,0,0,276,0,0,95,181,0,276,0,0,0,276,0,0,276,0,107,169,0,59,48,169,0,107,169,201,75,0,0,0
330510905000159,251,229,22,0,0,0,251,0,0,185,66,0,251,0,0,0,251,0,0,251,0,240,11,0,240,0,11,0,240,11,107,69,42,33,0
330510905000160,137,137,0,0,0,0,137,0,0,131,6,0,137,0,0,0,137,0,0,137,0,137,0,0,134,3,0,0,137,0,101,36,0,0,0
330510905000161,189,44,0,145,0,0,189,0,0,128,61,0,158,31,0,0,189,0,0,189,0,44,145,0,44,0,145,0,44,145,189,0,0,0,0
330510905000162,258,222,36,0,0,0,258,0,0,248,10,0,258,0,0,25,233,0,0,258,0,222,36,0,214,8,36,0,222,36,113,101,34,10,0
330510905000163,265,265,0,0,0,0,265,0,0,265,0,0,265,0,0,0,265,0,0,265,0,265,0,0,265,0,0,0,265,0,135,61,69,0,0
330510905000164,249,236,0,13,0,0,249,0,0,240,9,0,240,9,0,0,249,0,0,249,0,236,13,0,205,31,13,0,236,13,189,23,37,0,0
330510905000165,80,35,13,32,0,0,70,10,0,34,46,0,80,0,0,0,80,0,0,80,0,34,46,0,34,0,46,0,34,46,64,16,0,0,0
330510905000166,208,0,186,22,0,0,208,0,0,133,75,0,208,0,0,17,191,0,0,208,0,184,24,0,184,0,24,0,184,24,3,21,109,75,0
330510905000167,148,0,148,0,0,0,148,0,0,131,17,0,148,0,0,0,148,0,0,148,0,110,38,0,110,0,38,0,110,38,63,55,30,0,0
330510905000168,225,49,176,0,0,0,225,0,0,225,0,0,225,0,0,38,187,0,2,223,0,225,0,0,225,0,0,0,225,0,165,48,12,0,0
330510905000169,168,139,29,0,0,0,168,0,0,110,58,0,168,0,0,0,168,0,0,168,0,165,3,0,165,0,3,0,165,3,66,89,0,13,0
330510905000170,158,158,0,0,0,0,158,0,0,103,55,0,158,0,0,0,158,0,0,158,0,158,0,0,158,0,0,0,158,0,3,7,0,148,0
330510905000171,44,32,8,4,0,0,44,0,0,0,44,0,40,4,0,0,44,0,0,44,0,44,0,0,44,0,0,0,44,0,39,5,0,0,0
330510905000173,300,252,32,16,0,0,300,0,0,300,0,0,299,1,0,0,300,0,0,300,0,272,28,0,272,0,28,0,272,28,71,220,0,9,0
330510905000174,194,194,0,0,0,0,194,0,0,194,0,0,194,0,0,7,187,0,4,190,0,194,0,0,194,0,0,0,194,0,4,106,84,0,0
330510905000175,229,229,0,0,0,0,229,0,0,229,0,0,229,0,0,0,229,0,7,222,0,229,0,0,159,70,0,86,143,0,146,43,40,0,0
330510905000176,279,279,0,0,0,0,279,0,0,137,142,0,232,47,0,0,279,0,0,279,0,247,32,0,247,0,32,0,247,32,81,109,89,0,0
330510905000177,225,225,0,0,0,0,225,0,0,225,0,0,225,0,0,5,220,0,0,225,0,225,0,0,217,8,0,0,225,0,114,84,0,27,0
330510905000179,213,186,27,0,0,0,213,0,0,183,30,0,213,0,0,0,213,0,0,213,0,213,0,0,194,19,0,17,196,0,125,88,0,0,0
330510905000180,232,184,48,0,0,0,232,0,0,171,61,0,232,0,0,0,232,0,0,232,0,157,75,0,44,113,75,0,157,75,170,58,4,0,0
330510905000181,193,193,0,0,0,0,193,0,0,176,17,0,193,0,0,21,172,0,0,193,0,193,0,0,150,43,0,0,193,0,78,58,57,0,0
330510905000182,245,241,0,4,0,0,241,4,0,245,0,0,245,0,0,0,245,0,0,245,0,241,4,0,159,82,4,0,241,4,66,179,0,0,0
330510905000183,298,280,18,0,0,0,298,0,0,298,0,0,252,46,0,0,298,0,0,298,0,298,0,0,298,0,0,0,298,0,123,70,0,105,0
330510905000184,215,154,61,0,0,0,215,0,0,215,0,0,215,0,0,0,215,0,0,215,0,209,6,0,209,0,6,0,209,6,121,49,9,36,0
330510905000185,320,236,84,0,0,0,320,0,0,309,11,0,320,0,0,21,299,0,0,320,0,310,10,0,289,21,10,30,280,10,199,111,10,0,0
330510905000186,262,202,46,14,0,0,262,0,0,183,79,0,262,0,0,0,262,0,0,262,0,262,0,0,262,0,0,0,262,0,115,94,37,16,0
330510905000187,144,64,75,5,0,0,144,0,0,86,58,0,144,0,0,7,137,0,0,144,0,139,5,0,139,0,5,0,139,5,103,30,0,11,0
330510905000188,69,0,60,9,0,0,69,0,0,49,20,0,69,0,0,0,69,0,0,69,0,69,0,0,41,28,0,0,69,0,43,26,0,0,0
330510905000189,153,129,0,24,0,0,129,24,0,134,19,0,134,19,0,0,153,0,0,153,0,67,86,0,67,0,86,0,67,86,153,0,0,0,0
330510905000190,285,84,127,74,0,0,285,0,0,195,90,0,269,16,0,0,285,0,0,285,0,216,69,0,216,0,69,0,216,69,221,54,10,0,0
330510905000191,316,222,11,83,0,0,307,9,0,163,153,0,301,15,0,0,316,0,0,316,0,134,182,0,134,0,182,0,134,182,244,51,21,0,0
330510905000192,181,102,32,47,0,0,179,2,0,148,33,0,181,0,0,0,181,0,0,181,0,104,77,0,98,6,77,0,104,77,90,66,0,25,0
330510905000193,316,251,65,0,0,0,316,0,0,252,64,0,316,0,0,0,316,0,0,316,0,251,65,0,247,4,65,0,251,65,74,31,49,162,0
330510905000194,168,168,0,0,0,0,168,0,0,168,0,0,168,0,0,15,153,0,0,168,0,168,0,0,153,15,0,0,168,0,5,93,70,0,0
330510905000195,164,83,20,61,0,0,115,49,0,0,164,0,164,0,0,0,164,0,0,164,0,95,69,0,65,30,69,0,95,69,46,98,0,20,0
330510905000196,199,199,0,0,0,0,199,0,0,124,75,0,199,0,0,0,199,0,0,199,0,199,0,0,199,0,0,0,199,0,46,0,78,75,0
330510905000197,238,238,0,0,0,0,238,0,0,238,0,0,238,0,0,47,191,0,0,238,0,238,0,0,238,0,0,0,238,0,128,63,47,0,0
330510905000198,124,124,0,0,0,0,124,0,0,74,50,0,124,0,0,0,124,0,0,124,0,124,0,0,124,0,0,0,124,0,20,27,46,31,0
330510905000199,260,260,0,0,0,0,260,0,0,248,12,0,260,0,0,55,205,0,0,260,0,260,0,0,260,0,0,0,260,0,13,8,143,96,0
330510905000200,250,250,0,0,0,0,250,0,0,250,0,0,250,0,0,4,246,0,45,205,0,250,0,0,188,62,0,139,111,0,4,0,49,197,0
330510905000201,188,188,0,0,0,0,188,0,0,188,0,0,188,0,0,31,157,0,0,188,0,188,0,0,84,104,0,119,69,0,91,97,0,0,0
330510905000202,134,134,0,0,0,0,134,0,0,134,0,0,134,0,0,36,98,0,47,87,0,134,0,0,87,47,0,10,124,0,85,49,0,0,0
330510905000203,333,333,0,0,0,0,333,0,0,326,7,0,326,7,0,3,330,0,0,333,0,333,0,0,330,3,0,0,333,0,13,103,38,179,0
330510905000204,268,155,113,0,0,0,268,0,0,214,54,0,268,0,0,0,268,0,0,268,0,214,54,0,214,0,54,0,214,54,18,106,73,71,0
330510905000205,214,214,0,0,0,0,214,0,0,0,214,0,214,0,0,0,214,0,0,214,0,214,0,0,214,0,0,0,214,0,79,81,47,7,0
330510905000206,207,195,12,0,0,0,207,0,0,86,121,0,182,25,0,0,207,0,0,207,0,157,50,0,134,23,50,0,157,50,27,132,48,0,0
330510905000207,210,210,0,0,0,0,210,0,0,210,0,0,210,0,0,12,198,0,0,210,0,186,24,0,168,18,24,0,186,24,198,12,0,0,0
330510905000208,289,270,19,0,0,0,271,18,0,289,0,0,289,0,0,0,289,0,0,289,0,204,85,0,139,65,85,0,204,85,179,110,0,0,0
330510905000209,267,244,23,0,0,0,267,0,0,267,0,0,267,0,0,0,267,0,0,267,0,267,0,0,181,86,0,0,267,0,183,84,0,0,0
330510905000210,253,102,151,0,0,0,253,0,0,79,174,0,253,0,0,0,253,0,0,253,0,249,4,0,249,0,4,0,249,4,103,124,26,0,0
330510905000211,216,216,0,0,0,0,216,0,0,92,124,0,216,0,0,0,216,0,0,216,0,213,3,0,213,0,3,0,213,3,73,79,64,0,0
330510905000212,213,149,60,4,0,0,213,0,0,111,102,0,213,0,0,23,190,0,0,213,0,213,0,0,213,0,0,0,213,0,82,31,100,0,0
330510905000213,217,115,71,31,0,0,217,0,0,56,161,0,217,0,0,0,217,0,0,217,0,79,138,0,79,0,138,0,79,138,164,11,11,31,0
330510905000214,388,313,52,23,0,0,348,40,0,338,50,0,388,0,0,34,354,0,0,388,0,338,50,0,338,0,50,0,338,50,209,0,14,165,0
330510905000215,275,28,246,1,0,0,274,1,0,105,170,0,274,1,0,15,260,0,71,204,0,182,93,0,157,25,93,0,182,93,91,92,92,0,0
330510905000216,316,122,187,7,0,0,230,86,0,114,202,0,309,7,0,49,267,0,30,286,0,223,93,0,223,0,93,0,223,93,162,86,0,68,0
330510905000217,178,79,99,0,0,0,178,0,0,178,0,0,178,0,0,79,99,0,0,178,0,150,28,0,150,0,28,0,150,28,0,178,0,0,0
330510905000218,181,23,158,0,0,0,168,13,0,101,80,0,168,13,0,0,181,0,0,181,0,130,51,0,130,0,51,0,130,51,165,3,0,13,0
330510905000219,151,4,60,87,0,0,126,25,0,39,112,0,126,25,0,10,141,0,0,151,0,54,97,0,54,0,97,0,54,97,100,26,25,0,0
330510905000221,209,209,0,0,0,0,209,0,0,0,209,0,209,0,0,0,209,0,0,209,0,209,0,0,209,0,0,0,209,0,81,128,0,0,0
330510905000222,289,289,0,0,0,0,289,0,0,289,0,0,289,0,0,28,261,0,104,185,0,289,0,0,247,42,0,0,289,0,36,186,67,0,0
330510905000223,236,236,0,0,0,0,236,0,0,226,10,0,226,10,0,48,188,0,0,236,0,236,0,0,231,5,0,0,236,0,49,149,0,38,0
330510905000224,302,302,0,0,0,0,302,0,0,302,0,0,302,0,0,15,287,0,12,290,0,302,0,0,271,31,0,19,283,0,51,206,42,3,0
330510905000225,241,241,0,0,0,0,241,0,0,238,3,0,241,0,0,6,235,0,0,241,0,238,3,0,232,6,3,0,238,3,9,0,126,106,0
330510905000226,398,351,47,0,0,0,398,0,0,231,167,0,385,13,0,0,398,0,0,398,0,342,56,0,336,6,56,0,342,56,201,50,31,116,0
330510905000228,228,177,4,47,0,0,162,66,0,160,68,0,228,0,0,0,228,0,0,228,0,162,66,0,162,0,66,0,162,66,228,0,0,0,0
330510905000229,141,120,18,3,0,0,133,8,0,133,8,0,141,0,0,0,141,0,0,141,0,138,3,0,138,0,3,0,138,3,74,64,3,0,0
330510905000230,196,189,7,0,0,0,196,0,0,151,45,0,196,0,0,0,196,0,0,196,0,196,0,0,190,6,0,0,196,0,110,78,4,4,0
330510905000231,175,131,35,9,0,0,175,0,0,48,127,0,175,0,0,0,175,0,0,175,0,171,4,0,157,14,4,0,171,4,128,43,4,0,0
330510905000232,308,123,182,3,0,0,308,0,0,296,12,0,304,4,0,64,244,0,0,308,0,237,71,0,104,133,71,0,237,71,255,49,4,0,0
330510905000233,290,160,59,71,0,0,290,0,0,120,170,0,290,0,0,0,290,0,0,290,0,290,0,0,276,14,0,0,290,0,258,32,0,0,0
330510905000234,184,134,50,0,0,0,184,0,0,182,2,0,184,0,0,0,184,0,0,184,0,145,39,0,63,82,39,0,145,39,106,47,17,14,0
330510905000235,238,193,28,17,0,0,213,25,0,217,21,0,228,10,0,0,238,0,0,238,0,182,56,0,182,0,56,0,182,56,135,16,87,0,0
330510905000236,157,74,63,20,0,0,157,0,0,141,16,0,157,0,0,74,83,0,0,157,0,153,4,0,153,0,4,0,153,4,63,4,90,0,0
330510905000237,293,98,185,10,0,0,293,0,0,211,82,0,293,0,0,33,260,0,0,293,0,264,29,0,218,46,29,0,264,29,241,26,26,0,0
330510905000238,321,165,153,3,0,0,321,0,0,246,75,0,321,0,0,96,225,0,0,321,0,249,72,0,249,0,72,0,249,72,253,50,10,8,0
330510905000239,338,256,82,0,0,0,338,0,0,113,225,0,338,0,0,12,326,0,0,338,0,303,35,0,303,0,35,0,303,35,254,84,0,0,0
330510905000240,211,86,125,0,0,0,211,0,0,211,0,0,211,0,0,70,141,0,0,211,0,176,35,0,176,0,35,0,176,35,131,64,16,0,0
330510905000241,312,293,0,19,0,0,312,0,0,135,177,0,312,0,0,0,312,0,0,312,0,293,19,0,293,0,19,0,293,19,175,117,0,20,0
330510905000242,348,341,7,0,0,0,348,0,0,140,208,0,341,7,0,0,348,0,0,348,0,341,7,0,341,0,7,0,341,7,86,145,117,0,0
330510905000243,185,7,178,0,0,0,185,0,0,178,7,0,185,0,0,0,185,0,0,185,0,185,0,0,7,178,0,0,185,0,7,0,178,0,0
330510905000244,151,0,151,0,0,0,151,0,0,151,0,0,151,0,0,0,151,0,0,151,0,151,0,0,151,0,0,0,151,0,151,0,0,0,0
330510905000245,210,210,0,0,0,0,210,0,0,172,38,0,210,0,0,0,210,0,0,210,0,210,0,0,210,0,0,26,184,0,109,53,48,0,0
330510905000246,229,225,4,0,0,0,229,0,0,229,0,0,229,0,0,0,229,0,0,229,0,229,0,0,229,0,0,0,229,0,149,51,29,0,0
330510905000247,200,160,31,9,0,0,200,0,0,191,9,0,200,0,0,0,200,0,0,200,0,200,0,0,192,8,0,0,200,0,136,31,0,33,0
330510905000248,278,189,86,3,0,0,278,0,0,247,31,0,278,0,0,0,278,0,0,278,0,278,0,0,270,8,0,9,269,0,171,72,35,0,0
330510905000249,155,132,9,14,0,0,155,0,0,141,14,0,155,0,0,0,155,0,0,155,0,141,14,0,122,19,14,0,141,14,89,0,23,43,0
330510905000250,247,141,71,35,0,0,215,32,0,187,60,0,244,3,0,0,247,0,0,247,0,165,82,0,102,63,82,7,158,82,140,100,7,0,0
330510905000251,244,83,146,15,0,0,236,8,0,63,181,0,244,0,0,0,244,0,0,244,0,215,29,0,211,4,29,0,215,29,122,77,45,0,0
330510905000252,433,364,25,44,0,0,412,21,0,283,150,0,411,22,0,0,433,0,0,433,0,378,55,0,378,0,55,0,378,55,71,110,42,210,0
330510905000253,336,328,8,0,0,0,336,0,0,302,34,0,336,0,0,10,326,0,0,336,0,336,0,0,336,0,0,0,336,0,59,79,58,140,0
330510905000255,285,27,258,0,0,0,285,0,0,259,26,0,285,0,0,0,285,0,0,285,0,285,0,0,285,0,0,0,285,0,143,142,0,0,0
330510905000256,223,37,175,11,0,0,223,0,0,188,35,0,223,0,0,22,201,0,0,223,0,212,11,0,186,26,11,0,212,11,183,23,10,7,0
330510905000257,350,220,92,38,0,0,312,38,0,220,130,0,350,0,0,29,321,0,0,350,0,220,130,0,220,0,130,0,220,130,193,62,0,95,0
330510905000258,277,139,138,0,0,0,275,2,0,277,0,0,277,0,0,101,176,0,0,277,0,275,2,0,275,0,2,0,275,2,171,0,64,42,0
330510905000259,200,200,0,0,0,0,200,0,0,106,94,0,200,0,0,0,200,0,0,200,0,200,0,0,200,0,0,0,200,0,88,60,8,44,0
330510905000260,269,249,20,0,0,0,269,0,0,254,15,0,269,0,0,10,259,0,0,269,0,250,19,0,250,0,19,0,250,19,98,81,65,25,0
330510905000261,290,290,0,0,0,0,290,0,0,250,40,0,290,0,0,67,223,0,0,290,0,290,0,0,290,0,0,0,290,0,105,106,2,77,0
330510905000262,211,148,58,5,0,0,211,0,0,206,5,0,211,0,0,0,211,0,0,211,0,206,5,0,206,0,5,0,206,5,45,40,0,126,0
330510905000263,249,249,0,0,0,0,249,0,0,249,0,0,249,0,0,20,229,0,0,249,0,249,0,0,249,0,0,0,249,0,58,86,50,55,0
330510905000264,385,328,51,6,0,0,384,1,0,305,80,0,384,1,0,29,356,0,0,385,0,345,40,0,345,0,40,0,345,40,71,169,29,116,0
330510905000265,170,124,46,0,0,0,170,0,0,170,0,0,170,0,0,43,127,0,0,170,0,170,0,0,170,0,0,0,170,0,46,48,0,76,0
330510905000266,180,132,48,0,0,0,180,0,0,127,53,0,180,0,0,54,126,0,0,180,0,180,0,0,180,0,0,0,180,0,58,122,0,0,0
330510905000267,274,131,133,10,0,0,274,0,0,274,0,0,274,0,0,2,272,0,0,274,0,274,0,0,274,0,0,54,220,0,115,100,0,59,0
330510905000268,253,213,0,40,0,0,253,0,0,131,122,0,223,30,0,0,253,0,0,253,0,213,40,0,212,1,40,0,213,40,22,57,82,92,0
330510905000269,317,317,0,0,0,0,317,0,0,317,0,0,317,0,0,39,278,0,0,317,0,311,6,0,285,26,6,0,311,6,130,110,8,69,0
330510905000270,178,178,0,0,0,0,178,0,0,178,0,0,178,0,0,30,148,0,0,178,0,178,0,0,178,0,0,0,178,0,59,119,0,0,0
330510905000271,364,364,0,0,0,0,364,0,0,364,0,0,364,0,0,0,364,0,0,364,0,364,0,0,357,7,0,39,325,0,32,108,128,96,0
330510905000272,390,381,9,0,0,0,390,0,0,360,30,0,390,0,0,51,339,0,0,390,0,390,0,0,390,0,0,0,390,0,241,77,21,51,0
330510905000273,312,287,20,5,0,0,306,6,0,264,48,0,307,5,0,7,305,0,0,312,0,299,13,0,299,0,13,0,299,13,88,140,44,40,0
330510905000274,228,222,6,0,0,0,228,0,0,140,88,0,228,0,0,88,140,0,0,228,0,228,0,0,228,0,0,0,228,0,6,83,0,139,0
330510905000275,236,215,21,0,0,0,236,0,0,234,2,0,236,0,0,79,157,0,0,236,0,236,0,0,136,100,0,112,124,0,133,0,0,103,0
330510905000276,187,187,0,0,0,0,187,0,0,187,0,0,187,0,0,0,187,0,0,187,0,187,0,0,187,0,0,0,187,0,13,122,52,0,0
330510905000277,231,231,0,0,0,0,231,0,0,231,0,0,231,0,0,61,170,0,0,231,0,231,0,0,215,16,0,87,144,0,52,51,128,0,0
330510905000278,268,261,0,7,0,0,224,44,0,175,93,0,268,0,0,7,261,0,0,268,0,224,44,0,224,0,44,0,224,44,112,62,50,44,0
330510905000279,225,215,0,10,0,0,225,0,0,59,166,0,225,0,0,0,225,0,0,225,0,225,0,0,225,0,0,0,225,0,119,5,30,71,0
330510905000280,212,0,212,0,0,0,0,212,0,0,212,0,212,0,0,0,212,0,0,212,0,0,212,0,0,0,212,0,0,212,212,0,0,0,0
330510905000281,205,0,205,0,0,0,0,205,0,0,205,0,205,0,0,0,205,0,0,205,0,0,205,0,0,0,205,0,0,205,205,0,0,0,0
330510905000282,160,160,0,0,0,0,160,0,0,160,0,0,160,0,0,74,86,0,0,160,0,160,0,0,160,0,0,0,160,0,82,40,38,0,0
330510905000283,210,210,0,0,0,0,210,0,0,210,0,0,210,0,0,0,210,0,0,210,0,210,0,0,210,0,0,0,210,0,134,0,50,26,0
330510905000284,253,194,59,0,0,0,253,0,0,215,38,0,253,0,0,8,245,0,0,253,0,251,2,0,243,8,2,6,245,2,58,117,64,14,0
330510905000285,259,192,66,1,0,0,259,0,0,259,0,0,259,0,0,95,164,0,0,259,0,259,0,0,259,0,0,0,259,0,233,25,0,1,0
330510905000286,190,190,0,0,0,0,190,0,0,163,27,0,190,0,0,0,190,0,0,190,0,190,0,0,154,36,0,0,190,0,121,58,2,9,0
330510905000287,327,320,7,0,0,0,327,0,0,327,0,0,327,0,0,0,327,0,0,327,0,327,0,0,320,7,0,0,327,0,244,83,0,0,0
330510905000288,173,173,0,0,0,0,173,0,0,173,0,0,173,0,0,13,160,0,0,173,0,173,0,0,173,0,0,0,173,0,90,66,17,0,0
330510905000289,355,355,0,0,0,0,355,0,0,355,0,0,355,0,0,0,355,0,0,355,0,355,0,0,355,0,0,0,355,0,201,139,15,0,0
330510905000290,278,278,0,0,0,0,278,0,0,270,8,0,278,0,0,0,278,0,0,278,0,278,0,0,277,1,0,0,278,0,120,109,0,49,0
330510905000291,273,273,0,0,0,0,273,0,0,273,0,0,273,0,0,0,273,0,0,273,0,273,0,0,273,0,0,0,273,0,78,91,104,0,0
330510905000293,224,224,0,0,0,0,224,0,0,224,0,0,195,29,0,23,201,0,0,224,0,202,22,0,183,19,22,23,179,22,123,46,18,37,0
330510905000294,212,158,0,54,0,0,158,54,0,53,159,0,158,54,0,8,204,0,0,212,0,158,54,0,158,0,54,0,158,54,111,10,0,91,0
330510905000295,137,137,0,0,0,0,137,0,0,54,83,0,137,0,0,0,137,0,0,137,0,137,0,0,137,0,0,0,137,0,38,18,0,81,0
330510905000296,270,270,0,0,0,0,270,0,0,256,14,0,270,0,0,0,270,0,0,270,0,270,0,0,270,0,0,0,270,0,6,24,100,140,0
330510905000298,196,134,39,23,0,0,196,0,0,141,55,0,196,0,0,0,196,0,0,196,0,176,20,0,169,7,20,0,176,20,129,19,27,21,0
330510905000299,90,63,19,8,0,0,84,6,0,32,58,0,88,2,0,0,90,0,0,90,0,69,21,0,69,0,21,0,69,21,32,4,9,45,0
330510905000300,186,101,85,0,0,0,186,0,0,101,85,0,186,0,0,0,186,0,0,186,0,186,0,0,182,4,0,0,186,0,6,94,0,86,0
330510905000301,162,17,145,0,0,0,162,0,0,4,158,0,162,0,0,0,162,0,0,162,0,162,0,0,162,0,0,0,162,0,4,68,90,0,0
330510905000302,326,279,13,34,0,0,313,13,0,0,326,0,313,13,0,0,326,0,0,326,0,207,119,0,207,0,119,0,207,119,211,87,9,19,0
330510905000303,227,30,130,67,0,0,142,85,0,71,156,0,227,0,0,0,227,0,0,227,0,92,135,0,15,77,135,0,92,135,220,0,3,4,0
330510905000304,86,51,3,32,0,0,83,3,0,51,35,0,57,29,0,0,86,0,0,86,0,54,32,0,54,0,32,0,54,32,54,0,0,32,0
330510905000306,98,83,5,10,0,0,98,0,0,58,40,0,98,0,0,0,98,0,0,98,0,88,10,0,88,0,10,0,88,10,4,94,0,0,0
330510905000307,319,27,260,32,0,0,175,144,0,27,292,0,319,0,0,27,292,0,0,319,0,54,265,0,54,0,265,0,54,265,124,150,45,0,0
330510905000308,151,151,0,0,0,0,151,0,0,151,0,0,151,0,0,5,146,0,0,151,0,151,0,0,151,0,0,21,130,0,56,78,17,0,0
330510905000309,128,0,87,41,0,0,94,34,0,94,34,0,128,0,0,0,128,0,0,128,0,87,41,0,87,0,41,0,87,41,128,0,0,0,0
330510905000310,101,95,6,0,0,0,95,6,0,62,39,0,90,11,0,0,101,0,0,101,0,95,6,0,95,0,6,0,95,6,50,12,33,6,0
330510905000311,349,349,0,0,0,0,349,0,0,342,7,0,349,0,0,0,349,0,0,349,0,349,0,0,339,10,0,0,349,0,246,50,53,0,0
330510905000312,91,91,0,0,0,0,91,0,0,91,0,0,91,0,0,0,91,0,0,91,0,91,0,0,90,1,0,0,91,0,1,0,90,0,0
330510905000313,144,40,97,7,0,0,144,0,0,137,7,0,144,0,0,0,144,0,0,144,0,139,5,0,139,0,5,0,139,5,112,32,0,0,0
330510905000314,158,64,94,0,0,0,158,0,0,140,18,0,158,0,0,0,158,0,0,158,0,140,18,0,73,67,18,0,140,18,99,33,18,8,0
330510905000315,297,297,0,0,0,0,297,0,0,236,61,0,297,0,0,0,297,0,0,297,0,297,0,0,297,0,0,0,297,0,164,98,35,0,0
330510905000316,222,119,64,39,0,0,222,0,0,83,139,0,222,0,0,0,222,0,0,222,0,222,0,0,222,0,0,0,222,0,137,85,0,0,0
330510905000317,211,155,0,56,0,0,211,0,0,187,24,0,211,0,0,0,211,0,0,211,0,211,0,0,211,0,0,0,211,0,189,0,0,22,0
330510905000318,140,125,15,0,0,0,140,0,0,95,45,0,140,0,0,0,140,0,0,140,0,140,0,0,70,70,0,0,140,0,51,71,18,0,0
330510905000319,113,107,6,0,0,0,113,0,0,107,6,0,113,0,0,26,87,0,0,113,0,107,6,0,107,0,6,0,107,6,26,87,0,0,0
330510905000320,114,114,0,0,0,0,114,0,0,53,61,0,114,0,0,0,114,0,0,114,0,114,0,0,114,0,0,48,66,0,58,48,8,0,0
330510905000321,208,192,16,0,0,0,208,0,0,199,9,0,160,48,0,0,208,0,0,208,0,208,0,0,2,206,0,29,179,0,36,93,0,79,0
330510905000322,258,258,0,0,0,0,258,0,0,230,28,0,258,0,0,0,258,0,25,233,0,205,53,0,205,0,53,0,205,53,97,53,22,86,0
330510905000323,232,113,119,0,0,0,232,0,0,232,0,0,232,0,0,0,232,0,0,232,0,232,0,0,223,9,0,0,232,0,128,3,101,0,0
330510905000324,264,222,42,0,0,0,264,0,0,191,73,0,226,38,0,37,227,0,0,264,0,264,0,0,264,0,0,0,264,0,134,10,80,40,0
330510905000325,237,237,0,0,0,0,237,0,0,150,87,0,237,0,0,0,237,0,0,237,0,237,0,0,237,0,0,0,237,0,237,0,0,0,0
330510905000326,280,81,178,21,0,0,280,0,0,136,144,0,280,0,0,14,266,0,0,280,0,190,90,0,190,0,90,0,190,90,71,132,0,77,0
330510905000327,207,207,0,0,0,0,207,0,0,207,0,0,207,0,0,0,207,0,0,207,0,197,10,0,197,0,10,0,197,10,119,5,25,58,0
330510905000328,246,246,0,0,0,0,246,0,0,246,0,0,246,0,0,0,246,0,47,199,0,246,0,0,212,34,0,26,220,0,189,57,0,0,0
330510905000329,258,224,34,0,0,0,258,0,0,258,0,0,258,0,0,0,258,0,0,258,0,246,12,0,140,106,12,0,246,12,93,151,14,0,0
330510905000330,271,66,205,0,0,0,271,0,0,225,46,0,271,0,0,0,271,0,0,271,0,175,96,0,175,0,96,0,175,96,123,102,46,0,0
330510905000331,171,168,0,3,0,0,168,3,0,66,105,0,168,3,0,0,171,0,0,171,0,165,6,0,165,0,6,0,165,6,168,3,0,0,0
330510905000332,86,67,0,19,0,0,73,13,0,48,38,0,76,10,0,0,86,0,0,86,0,67,19,0,64,3,19,0,67,19,22,0,0,64,0
330510905000333,287,227,60,0,0,0,287,0,0,286,1,0,287,0,0,6,281,0,6,281,0,212,75,0,82,130,75,0,212,75,187,84,16,0,0
330510905000334,147,103,20,24,0,0,147,0,0,129,18,0,147,0,0,0,147,0,0,147,0,123,24,0,117,6,24,0,123,24,50,79,0,18,0
330510905000335,239,190,16,33,0,0,236,3,0,174,65,0,239,0,0,0,239,0,0,239,0,196,43,0,196,0,43,0,196,43,123,9,29,78,0
330510905000336,140,140,0,0,0,0,140,0,0,140,0,0,140,0,0,17,123,0,0,140,0,140,0,0,140,0,0,0,140,0,54,39,47,0,0
330510905000337,167,91,71,5,0,0,167,0,0,118,49,0,167,0,0,0,167,0,0,167,0,133,34,0,118,15,34,0,133,34,125,42,0,0,0
330510905000338,168,130,38,0,0,0,168,0,0,168,0,0,168,0,0,0,168,0,0,168,0,130,38,0,113,17,38,0,130,38,131,10,21,6,0
330510905000340,182,182,0,0,0,0,182,0,0,30,152,0,182,0,0,0,182,0,0,182,0,182,0,0,182,0,0,0,182,0,69,84,0,29,0
330510905000341,220,220,0,0,0,0,220,0,0,220,0,0,220,0,0,93,127,0,0,220,0,220,0,0,220,0,0,13,207,0,120,77,23,0,0
330510905000342,229,229,0,0,0,0,229,0,0,215,14,0,229,0,0,0,229,0,0,229,0,229,0,0,229,0,0,29,200,0,83,41,0,105,0
330510905000343,218,218,0,0,0,0,218,0,0,176,42,0,218,0,0,127,91,0,0,218,0,218,0,0,218,0,0,0,218,0,147,0,0,71,0
330510905000344,185,185,0,0,0,0,185,0,0,95,90,0,185,0,0,0,185,0,0,185,0,185,0,0,185,0,0,0,185,0,168,0,17,0,0
330510905000345,123,123,0,0,0,0,123,0,0,123,0,0,123,0,0,0,123,0,0,123,0,123,0,0,123,0,0,0,123,0,52,0,56,15,0
330510905000346,301,222,79,0,0,0,266,35,0,264,37,0,299,2,0,0,301,0,0,301,0,266,35,0,266,0,35,0,266,35,84,102,27,88,0
330510905000347,218,218,0,0,0,0,218,0,0,208,10,0,218,0,0,0,218,0,0,218,0,218,0,0,218,0,0,0,218,0,116,0,94,8,0
330510905000348,146,146,0,0,0,0,146,0,0,146,0,0,146,0,0,0,146,0,0,146,0,146,0,0,146,0,0,69,77,0,41,105,0,0,0
330510905000349,168,40,128,0,0,0,168,0,0,146,22,0,166,2,0,0,168,0,0,168,0,145,23,0,113,32,23,0,145,23,131,17,20,0,0
330510905000350,113,39,74,0,0,0,113,0,0,94,19,0,113,0,0,39,74,0,0,113,0,101,12,0,74,27,12,0,101,12,66,47,0,0,0
330510905000351,92,92,0,0,0,0,92,0,0,56,36,0,57,35,0,0,92,0,0,92,0,92,0,0,92,0,0,0,92,0,92,0,0,0,0
330510905000353,81,81,0,0,0,0,81,0,0,65,16,0,71,10,0,0,81,0,0,81,0,74,7,0,42,32,7,45,29,7,45,16,16,4,0
330510905000354,94,94,0,0,0,0,94,0,0,94,0,0,94,0,0,0,94,0,0,94,0,74,20,0,52,22,20,0,74,20,94,0,0,0,0
330510905000355,157,131,23,3,0,0,155,2,0,157,0,0,157,0,0,0,157,0,0,157,0,145,12,0,115,30,12,0,145,12,89,66,2,0,0
330510905000356,57,57,0,0,0,0,57,0,0,53,4,0,57,0,0,0,57,0,0,57,0,57,0,0,53,4,0,0,57,0,31,26,0,0,0
330510905000357,111,111,0,0,0,0,111,0,0,111,0,0,111,0,0,35,76,0,0,111,0,111,0,0,111,0,0,0,111,0,59,24,0,28,0
330510905000358,134,0,134,0,0,0,0,134,0,0,134,0,134,0,0,134,0,0,0,134,0,0,134,0,0,0,134,0,0,134,134,0,0,0,0
330510905000359,138,0,138,0,0,0,56,82,0,0,138,0,138,0,0,138,0,0,0,138,0,0,138,0,0,0,138,0,0,138,138,0,0,0,0
330510905000360,52,9,0,43,0,0,25,27,0,0,52,0,52,0,0,0,52,0,0,52,0,25,27,0,9,16,27,0,25,27,9,43,0,0,0
330510905000361,168,168,0,0,0,0,168,0,0,25,143,0,168,0,0,0,168,0,0,168,0,168,0,0,168,0,0,12,156,0,34,43,0,91,0
330510905000363,226,226,0,0,0,0,226,0,0,226,0,0,226,0,0,0,226,0,0,226,0,226,0,0,226,0,0,0,226,0,82,80,0,64,0
330510905000364,106,0,49,57,0,0,75,31,0,0,106,0,66,40,0,0,106,0,0,106,0,0,106,0,0,0,106,0,0,106,106,0,0,0,0
330510905000365,71,71,0,0,0,0,71,0,0,71,0,0,71,0,0,37,34,0,0,71,0,71,0,0,71,0,0,0,71,0,42,0,29,0,0
330510905000366,197,124,62,11,0,0,197,0,0,137,60,0,197,0,0,0,197,0,0,197,0,193,4,0,186,7,4,0,193,4,91,85,21,0,0
330510905000367,95,0,95,0,0,0,95,0,0,0,95,0,19,76,0,0,95,0,0,95,0,19,76,0,0,19,76,0,19,76,95,0,0,0,0
330510905000368,258,258,0,0,0,0,258,0,0,222,36,0,258,0,0,0,258,0,0,258,0,258,0,0,258,0,0,0,258,0,81,121,0,56,0
330510905000369,177,177,0,0,0,0,177,0,0,153,24,0,177,0,0,12,165,0,0,177,0,177,0,0,177,0,0,0,177,0,125,52,0,0,0
330510905000370,171,112,54,5,0,0,148,23,0,22,149,0,171,0,0,0,171,0,0,171,0,139,32,0,139,0,32,0,139,32,17,115,0,39,0
330510905000371,200,78,86,36,0,0,200,0,0,105,95,0,200,0,0,0,200,0,0,200,0,114,86,0,114,0,86,0,114,86,58,85,27,30,0
330510905000372,137,137,0,0,0,0,137,0,0,137,0,0,137,0,0,0,137,0,0,137,0,137,0,0,137,0,0,0,137,0,31,80,2,24,0
330510905000373,129,0,80,49,0,0,128,1,0,39,90,0,128,1,0,0,129,0,0,129,0,60,69,0,60,0,69,0,60,69,103,25,0,1,0
330510905000374,56,56,0,0,0,0,56,0,0,56,0,0,56,0,0,32,24,0,20,36,0,56,0,0,0,56,0,32,24,0,24,12,20,0,0
330510905000375,236,236,0,0,0,0,236,0,0,177,59,0,226,10,0,5,231,0,0,236,0,166,70,0,166,0,70,0,166,70,37,48,0,151,0
330510905000376,65,50,12,3,0,0,65,0,0,65,0,0,65,0,0,18,47,0,0,65,0,65,0,0,14,51,0,8,57,0,51,11,3,0,0
330510905000377,268,268,0,0,0,0,268,0,0,268,0,0,268,0,0,39,229,0,0,268,0,268,0,0,246,22,0,0,268,0,190,0,22,56,0
330510905000378,202,202,0,0,0,0,202,0,0,202,0,0,202,0,0,33,169,0,0,202,0,202,0,0,133,69,0,127,75,0,159,43,0,0,0
330510905000379,226,182,42,2,0,0,224,2,0,109,117,0,224,2,0,0,226,0,0,226,0,221,5,0,221,0,5,0,221,5,72,0,117,37,0
330510905000380,172,164,8,0,0,0,172,0,0,52,120,0,172,0,0,0,172,0,0,172,0,150,22,0,97,53,22,0,150,22,162,8,2,0,0
330510905000381,213,97,105,11,0,0,213,0,0,116,97,0,107,106,0,0,213,0,0,213,0,95,118,0,95,0,118,0,95,118,11,105,97,0,0
330510905000382,196,196,0,0,0,0,196,0,0,196,0,0,196,0,0,1,195,0,0,196,0,196,0,0,196,0,0,0,196,0,5,58,133,0,0
330510905000383,199,199,0,0,0,0,199,0,0,199,0,0,199,0,0,74,125,0,0,199,0,199,0,0,195,4,0,23,176,0,113,61,25,0,0
330510905000384,131,131,0,0,0,0,131,0,0,131,0,0,131,0,0,31,100,0,0,131,0,131,0,0,131,0,0,0,131,0,43,20,31,37,0
330510905000385,185,142,42,1,0,0,185,0,0,185,0,0,185,0,0,0,185,0,0,185,0,144,41,0,82,62,41,0,144,41,169,0,16,0,0
330510905000386,95,67,28,0,0,0,95,0,0,95,0,0,95,0,0,46,49,0,0,95,0,49,46,0,0,49,46,0,49,46,67,28,0,0,0
330510905000387,149,86,47,16,0,0,136,13,0,136,13,0,136,13,0,40,109,0,0,149,0,127,22,0,127,0,22,0,127,22,84,65,0,0,0
330510905000388,167,161,0,6,0,0,167,0,0,167,0,0,167,0,0,0,167,0,0,167,0,167,0,0,167,0,0,0,167,0,69,63,0,35,0
330510905000390,237,237,0,0,0,0,237,0,0,237,0,0,237,0,0,0,237,0,68,169,0,237,0,0,237,0,0,101,136,0,63,32,95,47,0
330510905000391,185,87,98,0,0,0,185,0,0,184,1,0,185,0,0,6,179,0,0,185,0,184,1,0,74,110,1,0,184,1,152,33,0,0,0
330510905000392,203,203,0,0,0,0,203,0,0,192,11,0,203,0,0,0,203,0,0,203,0,203,0,0,186,17,0,53,150,0,85,101,17,0,0
330510905000393,140,140,0,0,0,0,140,0,0,140,0,0,140,0,0,18,122,0,4,136,0,140,0,0,140,0,0,0,140,0,70,66,4,0,0
330510905000394,139,139,0,0,0,0,139,0,0,139,0,0,139,0,0,16,123,0,0,139,0,139,0,0,119,20,0,117,22,0,57,62,0,20,0
330510905000395,202,165,0,37,0,0,202,0,0,202,0,0,202,0,0,69,133,0,0,202,0,165,37,0,31,134,37,60,105,37,177,9,0,16,0
330510905000396,239,133,95,11,0,0,149,90,0,82,157,0,229,10,0,0,239,0,0,239,0,137,102,0,137,0,102,0,137,102,196,19,24,0,0
330510905000397,146,146,0,0,0,0,146,0,0,117,29,0,146,0,0,0,146,0,0,146,0,146,0,0,146,0,0,0,146,0,104,42,0,0,0
330510905000398,151,107,19,25,0,0,107,44,0,62,89,0,126,25,0,0,151,0,0,151,0,74,77,0,74,0,77,0,74,77,151,0,0,0,0
330510905000399,433,403,9,21,0,0,433,0,0,412,21,0,413,20,0,0,433,0,0,433,0,403,30,0,403,0,30,0,403,30,433,0,0,0,0
330510905000400,378,378,0,0,0,0,378,0,0,378,0,0,378,0,0,378,0,0,0,378,0,378,0,0,378,0,0,0,378,0,0,0,0,378,0
330510905000401,X,X,X,X,X,X,X,X,X,X,X,X,X,X,X,X,X,X,X,X,X,X,X,X,X,X,X,X,X,X,X,X,X,X,X
330510905000402,64,64,0,0,0,0,52,12,0,52,12,0,64,0,0,52,12,0,0,64,0,52,12,0,52,0,12,0,52,12,0,0,12,52,0
330510905000403,114,114,0,0,0,0,114,0,0,48,66,0,114,0,0,55,59,0,0,114,0,114,0,0,59,55,0,0,114,0,66,0,48,0,0
330510905000404,154,154,0,0,0,0,154,0,0,120,34,0,154,0,0,0,154,0,0,154,0,154,0,0,115,39,0,12,142,0,143,11,0,0,0
330510905000405,223,191,30,2,0,0,223,0,0,93,130,0,223,0,0,0,223,0,0,223,0,223,0,0,223,0,0,128,95,0,38,25,37,123,0
330510905000406,180,180,0,0,0,0,180,0,0,180,0,0,180,0,0,60,120,0,0,180,0,180,0,0,180,0,0,163,17,0,18,102,60,0,0
330510905000407,146,137,0,9,0,0,146,0,0,127,19,0,144,2,0,0,146,0,0,146,0,146,0,0,146,0,0,0,146,0,88,58,0,0,0
330510905000408,109,97,0,12,0,0,103,6,0,53,56,0,109,0,0,0,109,0,0,109,0,79,30,0,79,0,30,0,79,30,70,18,21,0,0
330510905000409,151,151,0,0,0,0,151,0,0,147,4,0,151,0,0,45,106,0,0,151,0,151,0,0,144,7,0,0,151,0,80,0,71,0,0
330510905000410,61,61,0,0,0,0,61,0,0,61,0,0,32,29,0,0,61,0,0,61,0,61,0,0,61,0,0,0,61,0,20,12,29,0,0
330510905000411,140,0,122,18,0,0,75,65,0,12,128,0,120,20,0,0,140,0,0,140,0,70,70,0,70,0,70,0,70,70,34,74,0,32,0
330510905000412,123,60,56,7,0,0,123,0,0,51,72,0,78,45,0,0,123,0,0,123,0,116,7,0,116,0,7,0,116,7,117,6,0,0,0
330510905000413,188,188,0,0,0,0,188,0,0,188,0,0,179,9,0,5,183,0,0,188,0,188,0,0,188,0,0,0,188,0,69,89,30,0,0
330510905000414,78,72,0,6,0,0,72,6,0,72,6,0,34,44,0,0,78,0,0,78,0,69,9,0,69,0,9,0,69,9,78,0,0,0,0
330510905000416,344,134,207,3,0,0,344,0,0,312,32,0,308,36,0,0,344,0,0,344,0,288,56,0,270,18,56,18,270,56,279,0,65,0,0
330510905000417,117,44,0,73,0,0,117,0,0,117,0,0,117,0,0,28,89,0,0,117,0,117,0,0,117,0,0,0,117,0,31,73,0,13,0
330510905000418,243,243,0,0,0,0,205,38,0,0,243,0,243,0,0,0,243,0,0,243,0,218,25,0,218,0,25,0,218,25,243,0,0,0,0
330510905000419,181,0,178,3,0,0,141,40,0,0,181,0,173,8,0,0,181,0,0,181,0,0,181,0,0,0,181,0,0,181,152,29,0,0,0
330510905000420,220,82,133,5,0,0,220,0,0,20,200,0,220,0,0,0,220,0,0,220,0,198,22,0,198,0,22,0,198,22,199,5,7,9,0
330510905000421,19,19,0,0,0,0,19,0,0,0,19,0,19,0,0,0,19,0,0,19,0,19,0,0,19,0,0,0,19,0,9,10,0,0,0
330510905000422,93,87,6,0,0,0,87,6,0,87,6,0,93,0,0,6,87,0,0,93,0,87,6,0,87,0,6,0,87,6,12,0,81,0,0
330510905000423,66,15,44,7,0,0,17,49,0,20,46,0,56,10,0,0,66,0,0,66,0,15,51,0,15,0,51,0,15,51,21,45,0,0,0
330510905000424,122,14,71,37,0,0,61,61,0,0,122,0,118,4,0,0,122,0,0,122,0,0,122,0,0,0,122,0,0,122,122,0,0,0,0
330510905000425,173,0,173,0,0,0,103,70,0,23,150,0,173,0,0,0,173,0,0,173,0,0,173,0,0,0,173,0,0,173,161,12,0,0,0
330510905000426,76,10,36,30,0,0,76,0,0,0,76,0,76,0,0,0,76,0,0,76,0,46,30,0,46,0,30,0,46,30,53,23,0,0,0
330510905000427,148,26,105,17,0,0,148,0,0,131,17,0,148,0,0,0,148,0,0,148,0,118,30,0,118,0,30,5,113,30,102,46,0,0,0
330510905000428,73,0,73,0,0,0,29,44,0,44,29,0,73,0,0,0,73,0,0,73,0,29,44,0,0,29,44,0,29,44,0,0,0,73,0
330510905000429,49,27,22,0,0,0,49,0,0,18,31,0,49,0,0,0,49,0,18,31,0,27,22,0,15,12,22,0,27,22,28,18,0,3,0
330510905000430,96,96,0,0,0,0,96,0,0,74,22,0,96,0,0,0,96,0,0,96,0,96,0,0,96,0,0,0,96,0,96,0,0,0,0
330510905000431,127,124,3,0,0,0,127,0,0,42,85,0,97,30,0,0,127,0,0,127,0,127,0,0,127,0,0,0,127,0,82,42,3,0,0
330510905000432,128,13,20,95,0,0,122,6,0,76,52,0,128,0,0,0,128,0,0,128,0,109,19,0,106,3,19,0,109,19,110,18,0,0,0
330510905000433,108,108,0,0,0,0,108,0,0,82,26,0,108,0,0,0,108,0,0,108,0,108,0,0,108,0,0,0,108,0,26,0,0,82,0
330510905000434,135,135,0,0,0,0,135,0,0,130,5,0,135,0,0,5,130,0,0,135,0,135,0,0,130,5,0,0,135,0,135,0,0,0,0
330510905000436,255,255,0,0,0,0,255,0,0,254,1,0,253,2,0,14,241,0,0,255,0,255,0,0,255,0,0,0,255,0,101,7,18,129,0
330510905000437,133,124,0,9,0,0,133,0,0,111,22,0,133,0,0,27,106,0,0,133,0,124,9,0,14,110,9,53,71,9,126,0,7,0,0
330510905000438,179,173,0,6,0,0,179,0,0,173,6,0,179,0,0,111,68,0,0,179,0,173,6,0,0,173,6,86,87,6,179,0,0,0,0
330510905000439,198,45,153,0,0,0,198,0,0,165,33,0,198,0,0,21,177,0,0,198,0,165,33,0,165,0,33,0,165,33,157,41,0,0,0
330510905000440,179,23,145,11,0,0,71,108,0,4,175,0,173,6,0,0,179,0,0,179,0,0,179,0,0,0,179,0,0,179,35,93,13,38,0
330510905000441,23,23,0,0,0,0,23,0,0,8,15,0,23,0,0,3,20,0,0,23,0,20,3,0,20,0,3,0,20,3,20,0,0,3,0
330510905000442,320,320,0,0,0,0,311,9,0,63,257,0,268,52,0,2,318,0,0,320,0,293,27,0,244,49,27,0,293,27,300,20,0,0,0
330510905000443,155,72,34,49,0,0,155,0,0,44,111,0,106,49,0,11,144,0,0,155,0,95,60,0,95,0,60,0,95,60,100,31,0,24,0
330510905000444,42,20,0,22,0,0,42,0,0,20,22,0,20,22,0,0,42,0,0,42,0,20,22,0,20,0,22,0,20,22,0,42,0,0,0
330510910000001,270,270,0,0,0,0,270,0,0,270,0,0,270,0,0,0,270,0,0,270,0,270,0,0,260,10,0,0,270,0,47,18,195,10,0
330510910000002,255,255,0,0,0,0,255,0,0,255,0,0,255,0,0,0,255,0,0,255,0,208,47,0,192,16,47,0,208,47,159,57,25,14,0
330510910000003,241,237,0,4,0,0,241,0,0,241,0,0,237,4,0,0,241,0,0,241,0,226,15,0,193,33,15,0,226,15,132,109,0,0,0
330510910000004,136,136,0,0,0,0,136,0,0,135,1,0,136,0,0,68,68,0,0,136,0,136,0,0,63,73,0,0,136,0,97,24,15,0,0
330510910000005,228,228,0,0,0,0,228,0,0,225,3,0,228,0,0,0,228,0,0,228,0,228,0,0,68,160,0,0,228,0,71,57,30,70,0
330510910000006,188,161,0,27,0,0,188,0,0,188,0,0,188,0,0,65,123,0,0,188,0,188,0,0,161,27,0,0,188,0,161,14,0,13,0
330510910000007,198,198,0,0,0,0,198,0,0,198,0,0,198,0,0,60,138,0,0,198,0,198,0,0,198,0,0,0,198,0,142,56,0,0,0
330510910000008,231,231,0,0,0,0,231,0,0,231,0,0,231,0,0,7,224,0,0,231,0,231,0,0,209,22,0,89,142,0,98,126,0,7,0
330510910000009,233,233,0,0,0,0,233,0,0,233,0,0,233,0,0,0,233,0,0,233,0,233,0,0,166,67,0,17,216,0,106,127,0,0,0
330510910000010,282,282,0,0,0,0,282,0,0,282,0,0,282,0,0,43,239,0,0,282,0,278,4,0,278,0,4,0,278,4,86,120,0,76,0
330510910000011,303,303,0,0,0,0,303,0,0,303,0,0,303,0,0,113,190,0,0,303,0,303,0,0,303,0,0,0,303,0,6,142,34,121,0
330510910000012,361,361,0,0,0,0,361,0,0,354,7,0,361,0,0,0,361,0,0,361,0,361,0,0,361,0,0,0,361,0,3,168,174,16,0
330510910000013,196,148,48,0,0,0,180,16,0,125,71,0,196,0,0,0,196,0,0,196,0,91,105,0,79,12,105,0,91,105,141,55,0,0,0
330510910000014,226,222,0,4,0,0,226,0,0,186,40,0,222,4,0,12,214,0,0,226,0,218,8,0,40,178,8,0,218,8,226,0,0,0,0
330510910000015,350,346,0,4,0,0,350,0,0,8,342,0,350,0,0,0,350,0,0,350,0,346,4,0,294,52,4,0,346,4,191,159,0,0,0
330510910000016,176,176,0,0,0,0,176,0,0,152,24,0,176,0,0,0,176,0,0,176,0,176,0,0,145,31,0,0,176,0,128,48,0,0,0
330510910000017,241,241,0,0,0,0,241,0,0,81,160,0,241,0,0,78,163,0,0,241,0,241,0,0,159,82,0,41,200,0,200,0,0,41,0
330510910000018,190,190,0,0,0,0,190,0,0,181,9,0,190,0,0,34,156,0,0,190,0,190,0,0,112,78,0,0,190,0,156,34,0,0,0
330510910000019,166,166,0,0,0,0,166,0,0,124,42,0,166,0,0,33,133,0,0,166,0,166,0,0,29,137,0,16,150,0,105,44,17,0,0
330510910000020,189,189,0,0,0,0,189,0,0,68,121,0,189,0,0,0,189,0,0,189,0,189,0,0,0,189,0,0,189,0,146,27,0,16,0
330510910000021,245,245,0,0,0,0,245,0,0,37,208,0,245,0,0,0,245,0,0,245,0,245,0,0,53,192,0,0,245,0,150,68,27,0,0
330510910000022,250,250,0,0,0,0,250,0,0,42,208,0,250,0,0,22,228,0,0,250,0,250,0,0,21,229,0,0,250,0,178,72,0,0,0
330510910000023,347,347,0,0,0,0,347,0,0,110,237,0,347,0,0,0,347,0,0,347,0,347,0,0,109,238,0,0,347,0,174,141,30,2,0
330510910000024,256,256,0,0,0,0,256,0,0,98,158,0,256,0,0,0,256,0,0,256,0,256,0,0,23,233,0,0,256,0,243,13,0,0,0
330510910000025,203,203,0,0,0,0,203,0,0,162,41,0,203,0,0,0,203,0,0,203,0,203,0,0,0,203,0,0,203,0,91,105,7,0,0
330510910000026,234,234,0,0,0,0,234,0,0,234,0,0,234,0,0,28,206,0,0,234,0,219,15,0,219,0,15,0,219,15,44,131,38,21,0
330510910000027,250,250,0,0,0,0,250,0,0,250,0,0,250,0,0,19,231,0,0,250,0,224,26,0,220,4,26,0,224,26,46,126,52,26,0
330510910000028,190,190,0,0,0,0,190,0,0,190,0,0,190,0,0,29,161,0,0,190,0,190,0,0,179,11,0,0,190,0,36,103,19,32,0
330510910000030,186,186,0,0,0,0,186,0,0,0,186,0,186,0,0,0,186,0,0,186,0,186,0,0,186,0,0,0,186,0,0,186,0,0,0
330510910000031,307,276,31,0,0,0,307,0,0,93,214,0,307,0,0,34,273,0,0,307,0,285,22,0,209,76,22,0,285,22,173,72,0,62,0
330510910000032,299,299,0,0,0,0,299,0,0,190,109,0,299,0,0,12,287,0,0,299,0,299,0,0,244,55,0,38,261,0,141,56,10,92,0
330510910000033,279,279,0,0,0,0,279,0,0,260,19,0,279,0,0,18,261,0,0,279,0,261,18,0,36,225,18,23,238,18,165,114,0,0,0
330510910000034,272,272,0,0,0,0,272,0,0,128,144,0,272,0,0,0,272,0,0,272,0,272,0,0,75,197,0,0,272,0,151,121,0,0,0
330510910000035,307,307,0,0,0,0,307,0,0,242,65,0,305,2,0,0,307,0,0,307,0,307,0,0,307,0,0,2,305,0,219,86,2,0,0
330510910000036,141,88,53,0,0,0,88,53,0,141,0,0,141,0,0,0,141,0,0,141,0,42,99,0,42,0,99,0,42,99,0,95,46,0,0
330510910000037,336,298,38,0,0,0,298,38,0,336,0,0,336,0,0,0,336,0,0,336,0,298,38,0,275,23,38,0,298,38,161,137,38,0,0
330510910000038,205,205,0,0,0,0,205,0,0,205,0,0,205,0,0,107,98,0,0,205,0,205,0,0,113,92,0,0,205,0,205,0,0,0,0
330510910000039,92,92,0,0,0,0,92,0,0,89,3,0,92,0,0,36,56,0,0,92,0,92,0,0,92,0,0,0,92,0,87,2,0,3,0
330510910000040,230,230,0,0,0,0,230,0,0,224,6,0,230,0,0,0,230,0,0,230,0,230,0,0,230,0,0,0,230,0,80,41,106,3,0
330510910000041,255,255,0,0,0,0,255,0,0,14,241,0,255,0,0,0,255,0,0,255,0,252,3,0,252,0,3,0,252,3,118,137,0,0,0
330510910000042,228,205,23,0,0,0,211,17,0,139,89,0,228,0,0,2,226,0,0,228,0,228,0,0,205,23,0,7,221,0,132,63,13,20,0
330510910000043,313,313,0,0,0,0,313,0,0,187,126,0,313,0,0,59,254,0,0,313,0,313,0,0,21,292,0,21,292,0,93,186,0,34,0
330510910000044,226,226,0,0,0,0,226,0,0,122,104,0,226,0,0,0,226,0,0,226,0,226,0,0,0,226,0,3,223,0,100,117,9,0,0
330510910000045,316,316,0,0,0,0,316,0,0,316,0,0,316,0,0,0,316,0,25,291,0,316,0,0,0,316,0,0,316,0,55,14,247,0,0
330510910000046,220,220,0,0,0,0,220,0,0,157,63,0,220,0,0,0,220,0,0,220,0,195,25,0,21,174,25,0,195,25,71,98,51,0,0
330510910000047,175,175,0,0,0,0,175,0,0,128,47,0,175,0,0,0,175,0,0,175,0,175,0,0,0,175,0,0,175,0,88,59,28,0,0
330510910000048,171,171,0,0,0,0,171,0,0,171,0,0,171,0,0,12,159,0,0,171,0,171,0,0,160,11,0,0,171,0,171,0,0,0,0
330510910000049,183,183,0,0,0,0,183,0,0,169,14,0,183,0,0,0,183,0,0,183,0,183,0,0,183,0,0,0,183,0,22,71,76,14,0
330510910000050,258,258,0,0,0,0,258,0,0,246,12,0,258,0,0,0,258,0,0,258,0,258,0,0,258,0,0,0,258,0,92,66,14,86,0
330510910000051,210,210,0,0,0,0,210,0,0,209,1,0,210,0,0,29,181,0,0,210,0,210,0,0,182,28,0,4,206,0,75,105,30,0,0
330510910000052,228,228,0,0,0,0,228,0,0,200,28,0,228,0,0,64,164,0,0,228,0,228,0,0,128,100,0,102,126,0,70,64,35,59,0
330510910000054,248,220,28,0,0,0,248,0,0,248,0,0,248,0,0,0,248,0,0,248,0,220,28,0,208,12,28,0,220,28,160,88,0,0,0
330510910000055,294,276,18,0,0,0,272,22,0,256,38,0,294,0,0,107,187,0,0,294,0,174,120,0,174,0,120,0,174,120,213,43,38,0,0
330510910000056,212,212,0,0,0,0,212,0,0,212,0,0,212,0,0,0,212,0,0,212,0,212,0,0,212,0,0,0,212,0,88,124,0,0,0
330510910000057,130,130,0,0,0,0,130,0,0,130,0,0,130,0,0,48,82,0,0,130,0,130,0,0,130,0,0,0,130,0,66,48,16,0,0
330510910000058,321,321,0,0,0,0,321,0,0,321,0,0,321,0,0,0,321,0,0,321,0,321,0,0,237,84,0,0,321,0,191,85,0,45,0
330510910000059,187,176,11,0,0,0,187,0,0,131,56,0,187,0,0,0,187,0,0,187,0,187,0,0,151,36,0,187,0,0,112,75,0,0,0
330510910000060,156,156,0,0,0,0,156,0,0,124,32,0,156,0,0,0,156,0,0,156,0,156,0,0,133,23,0,91,65,0,156,0,0,0,0
330510910000061,276,276,0,0,0,0,276,0,0,276,0,0,276,0,0,0,276,0,0,276,0,276,0,0,126,150,0,0,276,0,110,133,17,16,0
330510910000062,217,178,39,0,0,0,217,0,0,217,0,0,217,0,0,0,217,0,0,217,0,183,34,0,135,48,34,0,183,34,69,73,75,0,0
330510910000063,202,142,60,0,0,0,202,0,0,161,41,0,202,0,0,0,202,0,0,202,0,202,0,0,24,178,0,4,198,0,99,45,58,0,0
330510910000064,223,223,0,0,0,0,223,0,0,223,0,0,223,0,0,10,213,0,0,223,0,223,0,0,201,22,0,3,220,0,128,38,20,37,0
330510910000065,242,242,0,0,0,0,242,0,0,242,0,0,242,0,0,25,217,0,0,242,0,242,0,0,157,85,0,0,242,0,101,57,56,28,0
330510910000066,275,275,0,0,0,0,275,0,0,275,0,0,275,0,0,0,275,0,0,275,0,234,41,0,216,18,41,0,234,41,92,99,52,32,0
330510910000067,253,253,0,0,0,0,253,0,0,200,53,0,253,0,0,0,253,0,0,253,0,253,0,0,253,0,0,0,253,0,83,155,0,15,0
330510910000068,215,215,0,0,0,0,215,0,0,189,26,0,215,0,0,0,215,0,0,215,0,215,0,0,215,0,0,9,206,0,72,143,0,0,0
330510910000069,265,265,0,0,0,0,265,0,0,265,0,0,265,0,0,0,265,0,0,265,0,265,0,0,5,260,0,0,265,0,5,255,5,0,0
330510910000070,265,256,0,9,0,0,265,0,0,254,11,0,265,0,0,0,265,0,0,265,0,265,0,0,194,71,0,256,9,0,140,66,0,59,0
330510910000071,245,241,0,4,0,0,245,0,0,166,79,0,245,0,0,0,245,0,0,245,0,245,0,0,166,79,0,241,4,0,192,53,0,0,0
330510910000072,201,201,0,0,0,0,201,0,0,40,161,0,201,0,0,0,201,0,0,201,0,201,0,0,136,65,0,201,0,0,32,46,45,78,0
330510910000073,212,212,0,0,0,0,212,0,0,143,69,0,212,0,0,0,212,0,0,212,0,212,0,0,142,70,0,212,0,0,47,33,81,51,0
330510910000074,136,136,0,0,0,0,136,0,0,136,0,0,136,0,0,0,136,0,0,136,0,110,26,0,68,42,26,110,0,26,92,15,0,29,0
330510910000075,193,193,0,0,0,0,193,0,0,122,71,0,193,0,0,0,193,0,0,193,0,193,0,0,193,0,0,193,0,0,0,11,111,71,0
330510910000076,242,242,0,0,0,0,242,0,0,242,0,0,242,0,0,0,242,0,0,242,0,242,0,0,227,15,0,0,242,0,41,53,66,82,0
330510910000077,271,271,0,0,0,0,271,0,0,271,0,0,271,0,0,0,271,0,0,271,0,271,0,0,198,73,0,0,271,0,70,75,91,35,0
330510910000078,238,183,55,0,0,0,238,0,0,207,31,0,238,0,0,0,238,0,0,238,0,238,0,0,117,121,0,9,229,0,49,101,51,37,0
330510910000079,187,175,12,0,0,0,187,0,0,187,0,0,187,0,0,0,187,0,0,187,0,185,2,0,80,105,2,0,185,2,69,94,24,0,0
330510910000080,225,214,11,0,0,0,225,0,0,186,39,0,225,0,0,0,225,0,0,225,0,225,0,0,81,144,0,0,225,0,175,40,0,10,0
330510910000081,235,235,0,0,0,0,235,0,0,233,2,0,235,0,0,0,235,0,0,235,0,235,0,0,102,133,0,14,221,0,36,13,89,97,0
330510910000082,264,227,37,0,0,0,264,0,0,263,1,0,261,3,0,0,264,0,0,264,0,264,0,0,51,213,0,0,264,0,89,96,36,43,0
330510910000083,176,164,12,0,0,0,176,0,0,172,4,0,176,0,0,0,176,0,0,176,0,176,0,0,83,93,0,0,176,0,53,123,0,0,0
330510910000084,196,196,0,0,0,0,196,0,0,196,0,0,196,0,0,0,196,0,0,196,0,196,0,0,76,120,0,0,196,0,38,84,24,50,0
330510910000085,183,183,0,0,0,0,183,0,0,183,0,0,183,0,0,3,180,0,0,183,0,183,0,0,23,160,0,11,172,0,40,109,21,13,0
330510910000086,145,145,0,0,0,0,145,0,0,144,1,0,144,1,0,0,145,0,0,145,0,145,0,0,11,134,0,0,145,0,53,50,42,0,0
330510910000087,173,173,0,0,0,0,173,0,0,173,0,0,173,0,0,0,173,0,0,173,0,173,0,0,173,0,0,0,173,0,83,0,0,90,0
330510910000088,212,204,8,0,0,0,212,0,0,212,0,0,212,0,0,0,212,0,0,212,0,212,0,0,212,0,0,0,212,0,61,148,3,0,0
330510910000089,155,155,0,0,0,0,155,0,0,155,0,0,155,0,0,0,155,0,0,155,0,155,0,0,155,0,0,0,155,0,72,83,0,0,0
330510910000090,198,183,15,0,0,0,198,0,0,198,0,0,198,0,0,0,198,0,0,198,0,198,0,0,198,0,0,0,198,0,106,52,40,0,0
330510910000091,160,160,0,0,0,0,160,0,0,160,0,0,160,0,0,0,160,0,0,160,0,160,0,0,160,0,0,0,160,0,53,66,41,0,0
330510910000092,234,234,0,0,0,0,234,0,0,234,0,0,234,0,0,0,234,0,0,234,0,234,0,0,234,0,0,0,234,0,124,69,32,9,0
330510910000093,190,176,14,0,0,0,190,0,0,176,14,0,190,0,0,0,190,0,0,190,0,190,0,0,190,0,0,0,190,0,104,72,0,14,0
330510910000094,208,208,0,0,0,0,208,0,0,198,10,0,208,0,0,0,208,0,0,208,0,208,0,0,208,0,0,0,208,0,108,57,36,7,0
330510910000095,302,302,0,0,0,0,302,0,0,290,12,0,302,0,0,0,302,0,0,302,0,302,0,0,302,0,0,0,302,0,188,114,0,0,0
330510910000096,208,204,4,0,0,0,208,0,0,204,4,0,208,0,0,0,208,0,0,208,0,208,0,0,208,0,0,0,208,0,158,50,0,0,0
330510910000099,276,205,71,0,0,0,276,0,0,54,222,0,276,0,0,0,276,0,13,263,0,223,53,0,223,0,53,0,223,53,185,91,0,0,0
330510910000102,119,119,0,0,0,0,119,0,0,81,38,0,119,0,0,24,95,0,0,119,0,116,3,0,116,0,3,0,116,3,35,69,0,15,0
330510910000103,333,41,292,0,0,0,333,0,0,40,293,0,333,0,0,0,333,0,0,333,0,276,57,0,276,0,57,0,276,57,222,111,0,0,0
330510910000104,263,209,54,0,0,0,263,0,0,168,95,0,263,0,0,0,263,0,0,263,0,184,79,0,184,0,79,0,184,79,44,163,0,56,0
330510910000105,178,140,38,0,0,0,178,0,0,149,29,0,178,0,0,42,136,0,0,178,0,166,12,0,166,0,12,0,166,12,133,45,0,0,0
330510910000106,358,340,18,0,0,0,358,0,0,153,205,0,358,0,0,0,358,0,3,355,0,265,93,0,265,0,93,35,230,93,204,64,55,35,0
330510910000107,230,194,36,0,0,0,230,0,0,175,55,0,230,0,0,0,230,0,0,230,0,230,0,0,230,0,0,0,230,0,118,62,10,40,0
330510910000108,201,201,0,0,0,0,201,0,0,159,42,0,201,0,0,6,195,0,0,201,0,201,0,0,92,109,0,19,182,0,83,77,41,0,0
330510910000109,197,197,0,0,0,0,197,0,0,0,197,0,197,0,0,0,197,0,0,197,0,197,0,0,193,4,0,0,197,0,160,0,37,0,0
330510910000110,496,284,68,24,0,120,369,7,120,136,240,120,376,0,120,12,364,120,15,361,120,333,43,120,255,78,163,63,270,163,241,114,21,0,120
330510910000111,219,197,22,0,0,0,219,0,0,206,13,0,219,0,0,0,219,0,0,219,0,219,0,0,207,12,0,0,219,0,200,19,0,0,0
330510910000112,298,212,86,0,0,0,298,0,0,212,86,0,286,12,0,27,271,0,0,298,0,236,62,0,236,0,62,0,236,62,271,27,0,0,0
330510910000113,253,214,39,0,0,0,253,0,0,164,89,0,253,0,0,0,253,0,0,253,0,215,38,0,210,5,38,0,215,38,199,50,4,0,0
330510910000114,232,176,0,56,0,0,232,0,0,0,232,0,232,0,0,47,185,0,0,232,0,176,56,0,173,3,56,0,176,56,178,15,39,0,0
330510910000116,190,190,0,0,0,0,190,0,0,190,0,0,190,0,0,5,185,0,0,190,0,190,0,0,107,83,0,83,107,0,112,10,0,68,0
330510910000117,332,332,0,0,0,0,332,0,0,325,7,0,332,0,0,0,332,0,0,332,0,332,0,0,332,0,0,0,332,0,118,111,103,0,0
330510910000118,160,160,0,0,0,0,160,0,0,139,21,0,160,0,0,0,160,0,0,160,0,160,0,0,151,9,0,49,111,0,21,74,31,34,0
330510910000119,237,237,0,0,0,0,237,0,0,236,1,0,237,0,0,1,236,0,0,237,0,237,0,0,186,51,0,49,188,0,134,90,13,0,0
330510910000120,247,247,0,0,0,0,247,0,0,225,22,0,247,0,0,0,247,0,0,247,0,247,0,0,247,0,0,0,247,0,172,37,38,0,0
330510910000121,257,257,0,0,0,0,257,0,0,163,94,0,257,0,0,0,257,0,0,257,0,257,0,0,248,9,0,0,257,0,205,52,0,0,0
330510910000122,270,270,0,0,0,0,270,0,0,72,198,0,270,0,0,0,270,0,0,270,0,270,0,0,258,12,0,0,270,0,170,100,0,0,0
330510910000123,268,268,0,0,0,0,232,36,0,98,170,0,268,0,0,0,268,0,0,268,0,268,0,0,268,0,0,0,268,0,167,56,9,36,0
330510910000124,184,152,32,0,0,0,184,0,0,72,112,0,184,0,0,0,184,0,0,184,0,152,32,0,152,0,32,0,152,32,100,84,0,0,0
330510910000125,173,167,6,0,0,0,153,20,0,103,70,0,173,0,0,0,173,0,0,173,0,167,6,0,153,14,6,0,167,6,153,20,0,0,0
330510910000126,320,320,0,0,0,0,320,0,0,224,96,0,320,0,0,0,320,0,0,320,0,320,0,0,320,0,0,0,320,0,256,64,0,0,0
330510910000127,247,220,27,0,0,0,209,38,0,203,44,0,247,0,0,0,247,0,0,247,0,209,38,0,209,0,38,0,209,38,126,119,2,0,0
330510910000128,244,244,0,0,0,0,244,0,0,86,158,0,244,0,0,0,244,0,0,244,0,244,0,0,244,0,0,0,244,0,117,16,64,47,0
330510910000129,332,332,0,0,0,0,332,0,0,304,28,0,332,0,0,0,332,0,0,332,0,332,0,0,332,0,0,0,332,0,199,102,0,31,0
330510910000130,188,188,0,0,0,0,188,0,0,188,0,0,188,0,0,0,188,0,0,188,0,188,0,0,78,110,0,3,185,0,97,40,51,0,0
330510910000131,191,161,0,30,0,0,191,0,0,186,5,0,191,0,0,0,191,0,0,191,0,161,30,0,119,42,30,161,0,30,131,26,34,0,0
330510910000132,155,155,0,0,0,0,155,0,0,149,6,0,155,0,0,0,155,0,0,155,0,155,0,0,104,51,0,155,0,0,82,6,67,0,0
330510910000133,169,169,0,0,0,0,169,0,0,156,13,0,169,0,0,60,109,0,0,169,0,169,0,0,123,46,0,74,95,0,81,69,19,0,0
330510910000134,168,168,0,0,0,0,168,0,0,153,15,0,168,0,0,88,80,0,0,168,0,166,2,0,162,4,2,0,166,2,124,7,6,31,0
330510910000135,258,258,0,0,0,0,258,0,0,214,44,0,258,0,0,4,254,0,0,258,0,258,0,0,208,50,0,0,258,0,49,79,52,78,0
330510910000136,185,185,0,0,0,0,185,0,0,142,43,0,185,0,0,0,185,0,0,185,0,185,0,0,183,2,0,0,185,0,28,114,0,43,0
330510910000137,228,228,0,0,0,0,228,0,0,126,102,0,228,0,0,0,228,0,0,228,0,228,0,0,228,0,0,0,228,0,76,9,91,52,0
330510910000138,264,264,0,0,0,0,264,0,0,242,22,0,264,0,0,0,264,0,0,264,0,264,0,0,255,9,0,0,264,0,65,70,79,50,0
330510910000139,214,214,0,0,0,0,214,0,0,213,1,0,214,0,0,0,214,0,0,214,0,214,0,0,214,0,0,0,214,0,6,31,55,122,0
330510910000140,234,234,0,0,0,0,234,0,0,224,10,0,234,0,0,7,227,0,0,234,0,234,0,0,234,0,0,0,234,0,21,145,43,25,0
330510910000141,223,223,0,0,0,0,223,0,0,223,0,0,223,0,0,0,223,0,0,223,0,223,0,0,223,0,0,0,223,0,44,81,98,0,0
330510910000143,170,170,0,0,0,0,170,0,0,169,1,0,170,0,0,20,150,0,0,170,0,170,0,0,132,38,0,56,114,0,20,11,110,29,0
330510910000144,172,172,0,0,0,0,172,0,0,128,44,0,172,0,0,0,172,0,0,172,0,172,0,0,156,16,0,83,89,0,83,44,0,45,0
330510910000145,205,202,3,0,0,0,205,0,0,205,0,0,205,0,0,111,94,0,0,205,0,202,3,0,194,8,3,0,202,3,72,42,0,91,0
330510910000146,140,140,0,0,0,0,140,0,0,140,0,0,140,0,0,71,69,0,0,140,0,140,0,0,132,8,0,6,134,0,8,0,132,0,0
330510910000147,128,128,0,0,0,0,128,0,0,128,0,0,128,0,0,19,109,0,0,128,0,128,0,0,107,21,0,82,46,0,19,7,102,0,0
330510910000149,283,218,0,65,0,0,283,0,0,276,7,0,283,0,0,4,279,0,0,283,0,283,0,0,283,0,0,0,283,0,26,11,38,208,0
330510910000150,195,16,121,58,0,0,195,0,0,0,195,0,195,0,0,0,195,0,0,195,0,0,195,0,0,0,195,0,0,195,195,0,0,0,0
330510910000151,178,77,94,7,0,0,178,0,0,0,178,0,178,0,0,0,178,0,0,178,0,0,178,0,0,0,178,0,0,178,161,0,17,0,0
330510910000153,213,213,0,0,0,0,213,0,0,213,0,0,213,0,0,78,135,0,0,213,0,213,0,0,213,0,0,36,177,0,79,93,41,0,0
330510910000154,118,118,0,0,0,0,118,0,0,118,0,0,118,0,0,8,110,0,0,118,0,118,0,0,110,8,0,0,118,0,20,98,0,0,0
330510910000155,92,92,0,0,0,0,92,0,0,45,47,0,92,0,0,0,92,0,1,91,0,92,0,0,92,0,0,25,67,0,36,39,8,9,0
330510910000156,312,294,2,16,0,0,296,16,0,284,28,0,310,2,0,94,218,0,0,312,0,294,18,0,286,8,18,145,149,18,118,102,0,92,0
330510910000157,231,231,0,0,0,0,231,0,0,231,0,0,231,0,0,8,223,0,0,231,0,231,0,0,231,0,0,192,39,0,67,89,64,11,0
330510910000158,198,198,0,0,0,0,198,0,0,182,16,0,198,0,0,4,194,0,0,198,0,198,0,0,155,43,0,79,119,0,178,20,0,0,0
330510910000159,303,267,36,0,0,0,303,0,0,303,0,0,303,0,0,74,229,0,29,274,0,303,0,0,303,0,0,45,258,0,138,165,0,0,0
330510910000160,254,254,0,0,0,0,254,0,0,231,23,0,254,0,0,34,220,0,0,254,0,254,0,0,210,44,0,34,220,0,62,52,56,84,0
330510910000161,203,203,0,0,0,0,203,0,0,190,13,0,159,44,0,21,182,0,0,203,0,187,16,0,94,93,16,1,186,16,110,93,0,0,0
330510910000162,249,249,0,0,0,0,249,0,0,249,0,0,249,0,0,0,249,0,0,249,0,249,0,0,165,84,0,0,249,0,75,117,57,0,0
330510910000165,137,121,16,0,0,0,137,0,0,112,25,0,137,0,0,28,109,0,0,137,0,121,16,0,101,20,16,5,116,16,124,13,0,0,0
330510910000166,261,261,0,0,0,0,261,0,0,140,121,0,261,0,0,47,214,0,0,261,0,261,0,0,261,0,0,63,198,0,124,73,54,10,0
330510910000167,283,276,7,0,0,0,283,0,0,64,219,0,283,0,0,0,283,0,0,283,0,283,0,0,283,0,0,87,196,0,139,99,17,28,0
330510910000168,311,303,8,0,0,0,303,8,0,80,231,0,311,0,0,0,311,0,0,311,0,303,8,0,210,93,8,303,0,8,158,48,68,37,0
330510910000169,210,210,0,0,0,0,210,0,0,210,0,0,210,0,0,32,178,0,0,210,0,210,0,0,149,61,0,0,210,0,201,9,0,0,0
330510910000171,158,158,0,0,0,0,158,0,0,158,0,0,158,0,0,29,129,0,0,158,0,158,0,0,127,31,0,28,130,0,97,45,0,16,0
330510910000173,187,187,0,0,0,0,187,0,0,187,0,0,187,0,0,0,187,0,0,187,0,187,0,0,186,1,0,0,187,0,146,41,0,0,0
330510910000174,324,324,0,0,0,0,324,0,0,301,23,0,324,0,0,0,324,0,0,324,0,324,0,0,301,23,0,0,324,0,146,73,68,37,0
330510910000175,208,208,0,0,0,0,208,0,0,161,47,0,208,0,0,17,191,0,0,208,0,188,20,0,188,0,20,0,188,20,136,17,26,29,0
330510910000176,129,129,0,0,0,0,129,0,0,0,129,0,129,0,0,0,129,0,0,129,0,0,129,0,0,0,129,0,0,129,129,0,0,0,0
330510910000177,186,114,72,0,0,0,186,0,0,186,0,0,186,0,0,0,186,0,0,186,0,130,56,0,130,0,56,0,130,56,148,38,0,0,0
330510910000178,124,124,0,0,0,0,124,0,0,101,23,0,124,0,0,0,124,0,0,124,0,99,25,0,99,0,25,0,99,25,86,38,0,0,0
330510910000179,222,222,0,0,0,0,222,0,0,152,70,0,222,0,0,0,222,0,0,222,0,222,0,0,222,0,0,0,222,0,72,42,42,66,0
330510910000180,218,186,15,17,0,0,215,3,0,200,18,0,196,22,0,28,190,0,16,202,0,181,37,0,178,3,37,0,181,37,152,15,0,51,0
330510910000181,247,160,87,0,0,0,247,0,0,242,5,0,247,0,0,0,247,0,0,247,0,247,0,0,242,5,0,0,247,0,121,93,0,33,0
330510910000183,228,228,0,0,0,0,228,0,0,228,0,0,228,0,0,0,228,0,0,228,0,228,0,0,224,4,0,0,228,0,149,15,64,0,0
330510910000184,307,307,0,0,0,0,307,0,0,156,151,0,307,0,0,0,307,0,0,307,0,307,0,0,307,0,0,0,307,0,245,62,0,0,0
330510910000185,190,190,0,0,0,0,190,0,0,133,57,0,190,0,0,0,190,0,0,190,0,190,0,0,190,0,0,7,183,0,39,98,53,0,0
330510910000186,259,259,0,0,0,0,259,0,0,253,6,0,259,0,0,4,255,0,0,259,0,259,0,0,259,0,0,0,259,0,54,80,41,84,0
330510910000187,79,79,0,0,0,0,79,0,0,79,0,0,79,0,0,0,79,0,0,79,0,79,0,0,79,0,0,0,79,0,10,69,0,0,0
330510910000188,192,192,0,0,0,0,192,0,0,122,70,0,192,0,0,9,183,0,0,192,0,192,0,0,192,0,0,47,145,0,53,87,52,0,0
330510910000189,168,152,0,16,0,0,168,0,0,25,143,0,158,10,0,0,168,0,0,168,0,152,16,0,152,0,16,36,116,16,20,127,21,0,0
330510910000190,300,246,51,3,0,0,300,0,0,39,261,0,300,0,0,0,300,0,0,300,0,236,64,0,236,0,64,23,213,64,107,125,42,26,0
330510910000191,191,167,24,0,0,0,191,0,0,99,92,0,191,0,0,0,191,0,0,191,0,191,0,0,191,0,0,0,191,0,56,43,47,45,0
330510910000192,208,203,0,5,0,0,208,0,0,193,15,0,203,5,0,0,208,0,0,208,0,203,5,0,203,0,5,10,193,5,21,69,8,110,0
330510910000195,166,166,0,0,0,0,166,0,0,135,31,0,166,0,0,0,166,0,0,166,0,166,0,0,166,0,0,0,166,0,82,20,1,63,0
330510910000196,255,244,11,0,0,0,255,0,0,112,143,0,255,0,0,0,255,0,0,255,0,255,0,0,255,0,0,0,255,0,154,0,101,0,0
330510910000197,126,126,0,0,0,0,126,0,0,94,32,0,126,0,0,30,96,0,0,126,0,126,0,0,106,20,0,0,126,0,30,11,25,60,0
330510910000198,143,143,0,0,0,0,143,0,0,134,9,0,143,0,0,0,143,0,0,143,0,143,0,0,143,0,0,0,143,0,10,63,38,32,0
330510910000200,184,146,38,0,0,0,184,0,0,47,137,0,184,0,0,11,173,0,0,184,0,184,0,0,184,0,0,0,184,0,66,98,0,20,0
330510910000201,178,178,0,0,0,0,178,0,0,108,70,0,178,0,0,0,178,0,0,178,0,178,0,0,178,0,0,0,178,0,90,88,0,0,0
330510910000203,236,236,0,0,0,0,236,0,0,236,0,0,236,0,0,3,233,0,0,236,0,236,0,0,236,0,0,0,236,0,22,55,60,99,0
330510910000204,189,189,0,0,0,0,189,0,0,167,22,0,189,0,0,50,139,0,0,189,0,189,0,0,189,0,0,0,189,0,40,63,28,58,0
330510910000205,115,115,0,0,0,0,115,0,0,41,74,0,115,0,0,0,115,0,0,115,0,115,0,0,112,3,0,0,115,0,3,13,38,61,0
330510910000207,267,191,76,0,0,0,267,0,0,105,162,0,267,0,0,3,264,0,0,267,0,191,76,0,191,0,76,0,191,76,73,66,41,87,0
330510910000208,144,0,144,0,0,0,144,0,0,0,144,0,144,0,0,0,144,0,0,144,0,0,144,0,0,0,144,0,0,144,73,71,0,0,0
330510910000210,268,228,40,0,0,0,268,0,0,188,80,0,268,0,0,0,268,0,0,268,0,244,24,0,238,6,24,0,244,24,85,83,96,4,0
330510910000211,214,168,15,31,0,0,214,0,0,82,132,0,214,0,0,0,214,0,0,214,0,168,46,0,135,33,46,0,168,46,66,108,40,0,0
330510910000212,260,255,5,0,0,0,260,0,0,36,224,0,260,0,0,0,260,0,0,260,0,260,0,0,260,0,0,0,260,0,163,36,52,9,0
330510910000214,216,216,0,0,0,0,216,0,0,117,99,0,216,0,0,15,201,0,0,216,0,216,0,0,216,0,0,0,216,0,88,101,14,13,0
330510910000215,293,161,129,3,0,0,293,0,0,144,149,0,290,3,0,0,293,0,0,293,0,293,0,0,293,0,0,0,293,0,17,32,130,114,0
330510910000216,158,15,126,17,0,0,158,0,0,0,158,0,141,17,0,0,158,0,0,158,0,143,15,0,143,0,15,0,143,15,32,126,0,0,0
330510910000217,221,215,6,0,0,0,221,0,0,220,1,0,215,6,0,0,221,0,0,221,0,215,6,0,210,5,6,0,215,6,109,106,0,6,0
330510910000218,279,279,0,0,0,0,268,11,0,272,7,0,279,0,0,0,279,0,0,279,0,67,212,0,67,0,212,0,67,212,208,25,0,46,0
330510910000219,159,114,45,0,0,0,159,0,0,147,12,0,159,0,0,0,159,0,0,159,0,154,5,0,150,4,5,0,154,5,107,43,9,0,0
330510910000220,318,318,0,0,0,0,318,0,0,287,31,0,318,0,0,0,318,0,0,318,0,318,0,0,318,0,0,85,233,0,32,160,83,43,0
330510910000221,252,231,21,0,0,0,252,0,0,0,252,0,252,0,0,0,252,0,0,252,0,91,161,0,91,0,161,0,91,161,252,0,0,0,0
330510910000222,262,262,0,0,0,0,262,0,0,262,0,0,262,0,0,0,262,0,0,262,0,262,0,0,224,38,0,0,262,0,143,97,22,0,0
330510910000223,137,126,11,0,0,0,137,0,0,126,11,0,137,0,0,0,137,0,0,137,0,126,11,0,123,3,11,0,126,11,64,3,70,0,0
330510910000224,185,182,3,0,0,0,185,0,0,173,12,0,185,0,0,0,185,0,0,185,0,159,26,0,148,11,26,0,159,26,100,85,0,0,0
330510910000225,138,138,0,0,0,0,138,0,0,138,0,0,138,0,0,0,138,0,0,138,0,138,0,0,50,88,0,0,138,0,87,0,51,0,0
330510910000226,195,195,0,0,0,0,195,0,0,107,88,0,195,0,0,0,195,0,0,195,0,195,0,0,57,138,0,0,195,0,128,50,17,0,0
330510910000227,210,210,0,0,0,0,210,0,0,210,0,0,210,0,0,8,202,0,0,210,0,210,0,0,39,171,0,0,210,0,202,8,0,0,0
330510910000228,180,171,9,0,0,0,180,0,0,144,36,0,180,0,0,0,180,0,2,178,0,180,0,0,180,0,0,0,180,0,60,114,0,6,0
330510910000229,182,124,58,0,0,0,159,23,0,22,160,0,159,23,0,10,172,0,0,182,0,159,23,0,151,8,23,0,159,23,81,101,0,0,0
330510910000230,217,217,0,0,0,0,217,0,0,55,162,0,217,0,0,35,182,0,0,217,0,211,6,0,208,3,6,0,211,6,123,12,3,79,0
330510910000231,179,179,0,0,0,0,179,0,0,173,6,0,179,0,0,0,179,0,0,179,0,179,0,0,179,0,0,0,179,0,35,44,58,42,0
330510910000232,210,210,0,0,0,0,210,0,0,188,22,0,210,0,0,0,210,0,0,210,0,210,0,0,199,11,0,0,210,0,11,78,0,121,0
330510910000233,301,301,0,0,0,0,301,0,0,301,0,0,301,0,0,129,172,0,0,301,0,301,0,0,301,0,0,0,301,0,2,0,170,129,0
330510910000234,253,245,8,0,0,0,253,0,0,253,0,0,253,0,0,0,253,0,0,253,0,245,8,0,195,50,8,0,245,8,156,52,0,45,0
330510910000235,145,70,75,0,0,0,145,0,0,113,32,0,145,0,0,0,145,0,0,145,0,145,0,0,145,0,0,0,145,0,75,70,0,0,0
330510910000236,149,149,0,0,0,0,149,0,0,122,27,0,149,0,0,0,149,0,0,149,0,149,0,0,149,0,0,54,95,0,95,54,0,0,0
330510910000238,154,154,0,0,0,0,154,0,0,154,0,0,154,0,0,22,132,0,0,154,0,138,16,0,138,0,16,0,138,16,129,17,8,0,0
330510910000239,127,91,36,0,0,0,127,0,0,122,5,0,127,0,0,1,126,0,0,127,0,127,0,0,121,6,0,5,122,0,41,16,0,70,0
330510910000240,152,152,0,0,0,0,152,0,0,47,105,0,152,0,0,12,140,0,0,152,0,152,0,0,132,20,0,14,138,0,23,27,33,69,0
330510910000241,246,246,0,0,0,0,246,0,0,38,208,0,246,0,0,0,246,0,0,246,0,243,3,0,241,2,3,0,243,3,35,119,86,6,0
330510910000242,239,224,15,0,0,0,239,0,0,226,13,0,239,0,0,0,239,0,0,239,0,239,0,0,239,0,0,0,239,0,129,77,33,0,0
330510910000243,230,230,0,0,0,0,230,0,0,60,170,0,230,0,0,0,230,0,0,230,0,230,0,0,230,0,0,0,230,0,0,64,106,60,0
330510910000245,79,79,0,0,0,0,79,0,0,79,0,0,79,0,0,62,17,0,0,79,0,79,0,0,79,0,0,0,79,0,12,67,0,0,0
330510910000246,41,26,15,0,0,0,41,0,0,41,0,0,41,0,0,0,41,0,0,41,0,26,15,0,26,0,15,0,26,15,34,7,0,0,0
330510910000247,59,32,27,0,0,0,52,7,0,57,2,0,59,0,0,0,59,0,0,59,0,32,27,0,32,0,27,0,32,27,41,18,0,0,0
330510910000248,166,135,0,31,0,0,166,0,0,82,84,0,166,0,0,0,166,0,0,166,0,135,31,0,135,0,31,0,135,31,48,82,36,0,0
330510910000249,121,62,59,0,0,0,121,0,0,118,3,0,121,0,0,0,121,0,0,121,0,59,62,0,58,1,62,0,59,62,28,22,38,33,0
330510910000250,115,115,0,0,0,0,115,0,0,85,30,0,115,0,0,13,102,0,0,115,0,115,0,0,99,16,0,29,86,0,15,43,0,57,0
330510910000251,56,46,10,0,0,0,56,0,0,43,13,0,56,0,0,0,56,0,0,56,0,46,10,0,46,0,10,0,46,10,10,3,25,18,0
330510910000252,148,148,0,0,0,0,148,0,0,148,0,0,148,0,0,0,148,0,0,148,0,148,0,0,148,0,0,0,148,0,40,54,43,11,0
330510910000253,166,166,0,0,0,0,166,0,0,166,0,0,166,0,0,0,166,0,0,166,0,158,8,0,114,44,8,13,145,8,134,23,9,0,0
330510910000254,52,52,0,0,0,0,52,0,0,0,52,0,52,0,0,0,52,0,0,52,0,52,0,0,52,0,0,0,52,0,0,0,0,52,0
330510910000255,40,40,0,0,0,0,40,0,0,40,0,0,40,0,0,9,31,0,0,40,0,40,0,0,40,0,0,0,40,0,35,5,0,0,0
330510910000258,100,100,0,0,0,0,100,0,0,69,31,0,69,31,0,0,100,0,0,100,0,100,0,0,3,97,0,0,100,0,20,49,0,31,0
330510910000259,159,159,0,0,0,0,159,0,0,159,0,0,159,0,0,0,159,0,0,159,0,159,0,0,82,77,0,32,127,0,55,32,37,35,0
330510910000260,131,114,17,0,0,0,131,0,0,98,33,0,131,0,0,0,131,0,0,131,0,114,17,0,31,83,17,114,0,17,51,53,27,0,0
330510910000261,169,169,0,0,0,0,169,0,0,139,30,0,169,0,0,0,169,0,0,169,0,169,0,0,169,0,0,0,169,0,0,127,42,0,0
330510910000263,315,315,0,0,0,0,315,0,0,312,3,0,315,0,0,29,286,0,0,315,0,315,0,0,102,213,0,0,315,0,194,51,0,70,0
330510910000264,130,130,0,0,0,0,130,0,0,112,18,0,130,0,0,14,116,0,0,130,0,130,0,0,110,20,0,29,101,0,125,5,0,0,0
330510910000265,145,139,6,0,0,0,145,0,0,139,6,0,145,0,0,8,137,0,0,145,0,139,6,0,131,8,6,23,116,6,124,6,15,0,0
330510910000266,264,264,0,0,0,0,264,0,0,46,218,0,264,0,0,0,264,0,0,264,0,264,0,0,251,13,0,0,264,0,54,163,47,0,0
330510910000267,134,134,0,0,0,0,134,0,0,53,81,0,134,0,0,0,134,0,0,134,0,134,0,0,133,1,0,1,133,0,36,69,24,5,0
330510910000268,198,198,0,0,0,0,198,0,0,89,109,0,198,0,0,0,198,0,0,198,0,198,0,0,198,0,0,0,198,0,51,11,98,38,0
330510910000269,86,67,19,0,0,0,86,0,0,0,86,0,86,0,0,0,86,0,0,86,0,67,19,0,67,0,19,0,67,19,0,24,0,62,0
330510910000270,99,99,0,0,0,0,99,0,0,98,1,0,99,0,0,20,79,0,0,99,0,99,0,0,85,14,0,0,99,0,69,0,0,30,0
330510910000271,189,189,0,0,0,0,189,0,0,189,0,0,189,0,0,0,189,0,0,189,0,83,106,0,83,0,106,1,82,106,83,106,0,0,0
330510910000272,173,75,98,0,0,0,173,0,0,152,21,0,173,0,0,9,164,0,0,173,0,173,0,0,173,0,0,0,173,0,98,75,0,0,0
330510910000273,148,148,0,0,0,0,148,0,0,87,61,0,145,3,0,23,125,0,0,148,0,98,50,0,75,23,50,0,98,50,51,97,0,0,0
330510910000274,130,89,41,0,0,0,130,0,0,130,0,0,130,0,0,0,130,0,0,130,0,113,17,0,113,0,17,0,113,17,130,0,0,0,0
330510910000275,172,138,34,0,0,0,172,0,0,144,28,0,172,0,0,52,120,0,0,172,0,172,0,0,172,0,0,0,172,0,16,156,0,0,0
330510910000276,89,89,0,0,0,0,89,0,0,32,57,0,89,0,0,0,89,0,0,89,0,89,0,0,89,0,0,0,89,0,33,24,0,32,0
330510910000277,148,68,80,0,0,0,148,0,0,25,123,0,148,0,0,0,148,0,22,126,0,105,43,0,105,0,43,0,105,43,148,0,0,0,0
330510910000278,106,102,4,0,0,0,106,0,0,86,20,0,106,0,0,8,98,0,0,106,0,106,0,0,90,16,0,0,106,0,32,74,0,0,0
330510910000279,190,138,52,0,0,0,190,0,0,138,52,0,190,0,0,35,155,0,0,190,0,190,0,0,190,0,0,109,81,0,172,0,0,18,0
330510910000280,169,169,0,0,0,0,169,0,0,161,8,0,169,0,0,0,169,0,0,169,0,169,0,0,169,0,0,0,169,0,8,71,79,11,0
330510910000281,124,124,0,0,0,0,124,0,0,83,41,0,124,0,0,41,83,0,0,124,0,124,0,0,124,0,0,0,124,0,42,7,0,75,0
330510910000282,168,168,0,0,0,0,168,0,0,153,15,0,168,0,0,0,168,0,0,168,0,168,0,0,165,3,0,68,100,0,11,0,92,65,0
330510910000283,143,143,0,0,0,0,143,0,0,143,0,0,143,0,0,0,143,0,0,143,0,143,0,0,143,0,0,68,75,0,19,0,0,124,0
330510910000284,122,122,0,0,0,0,122,0,0,66,56,0,122,0,0,0,122,0,0,122,0,122,0,0,122,0,0,0,122,0,4,74,0,44,0
330510910000285,232,200,32,0,0,0,232,0,0,85,147,0,232,0,0,0,232,0,0,232,0,92,140,0,92,0,140,0,92,140,147,85,0,0,0
330510910000286,154,117,24,13,0,0,154,0,0,116,38,0,154,0,0,0,154,0,0,154,0,147,7,0,66,81,7,0,147,7,99,14,34,7,0
330510910000287,131,124,7,0,0,0,131,0,0,124,7,0,131,0,0,0,131,0,0,131,0,124,7,0,31,93,7,0,124,7,59,72,0,0,0
330510910000288,98,98,0,0,0,0,98,0,0,87,11,0,98,0,0,0,98,0,0,98,0,98,0,0,95,3,0,39,59,0,39,11,0,48,0
330510910000289,100,100,0,0,0,0,100,0,0,77,23,0,100,0,0,0,100,0,0,100,0,100,0,0,100,0,0,5,95,0,59,23,18,0,0
330510910000290,169,169,0,0,0,0,169,0,0,163,6,0,169,0,0,0,169,0,0,169,0,169,0,0,145,24,0,0,169,0,112,50,0,7,0
330510910000291,133,133,0,0,0,0,133,0,0,120,13,0,133,0,0,0,133,0,0,133,0,133,0,0,133,0,0,0,133,0,42,39,40,12,0
330510910000292,166,166,0,0,0,0,166,0,0,166,0,0,166,0,0,0,166,0,0,166,0,166,0,0,166,0,0,0,166,0,98,36,0,32,0
330510910000293,108,108,0,0,0,0,108,0,0,108,0,0,108,0,0,0,108,0,0,108,0,108,0,0,108,0,0,0,108,0,56,21,16,15,0
330510910000294,223,223,0,0,0,0,223,0,0,188,35,0,223,0,0,0,223,0,0,223,0,223,0,0,208,15,0,15,208,0,55,80,37,51,0
330510910000295,153,153,0,0,0,0,153,0,0,153,0,0,153,0,0,0,153,0,0,153,0,153,0,0,153,0,0,93,60,0,22,37,0,94,0
330510910000296,163,163,0,0,0,0,163,0,0,69,94,0,163,0,0,0,163,0,0,163,0,163,0,0,163,0,0,0,163,0,83,0,80,0,0
330510910000297,110,110,0,0,0,0,110,0,0,75,35,0,110,0,0,0,110,0,0,110,0,110,0,0,110,0,0,0,110,0,75,0,0,35,0
330510910000298,76,76,0,0,0,0,76,0,0,37,39,0,76,0,0,21,55,0,0,76,0,76,0,0,60,16,0,8,68,0,33,36,0,7,0
330510910000299,130,130,0,0,0,0,130,0,0,44,86,0,130,0,0,19,111,0,6,124,0,130,0,0,121,9,0,0,130,0,20,103,7,0,0
330510910000300,36,36,0,0,0,0,36,0,0,31,5,0,36,0,0,0,36,0,0,36,0,36,0,0,36,0,0,0,36,0,11,6,0,19,0
330510910000301,197,197,0,0,0,0,197,0,0,151,46,0,197,0,0,0,197,0,0,197,0,197,0,0,197,0,0,0,197,0,38,92,67,0,0
330510910000302,117,117,0,0,0,0,117,0,0,117,0,0,117,0,0,18,99,0,0,117,0,86,31,0,86,0,31,0,86,31,117,0,0,0,0
330510910000303,120,120,0,0,0,0,120,0,0,120,0,0,101,19,0,18,102,0,19,101,0,120,0,0,120,0,0,0,120,0,69,22,5,24,0
330510910000304,88,88,0,0,0,0,88,0,0,66,22,0,85,3,0,0,88,0,0,88,0,82,6,0,82,0,6,0,82,6,57,25,6,0,0
330510910000305,138,138,0,0,0,0,103,35,0,96,42,0,138,0,0,0,138,0,0,138,0,102,36,0,90,12,36,0,102,36,131,7,0,0,0
330510910000306,179,56,123,0,0,0,179,0,0,122,57,0,179,0,0,0,179,0,0,179,0,179,0,0,179,0,0,0,179,0,139,40,0,0,0
330510910000307,100,100,0,0,0,0,100,0,0,43,57,0,100,0,0,15,85,0,0,100,0,90,10,0,90,0,10,31,59,10,52,17,31,0,0
330510910000308,77,77,0,0,0,0,77,0,0,77,0,0,77,0,0,28,49,0,0,77,0,77,0,0,74,3,0,31,46,0,28,11,0,38,0
330510910000309,72,72,0,0,0,0,72,0,0,72,0,0,72,0,0,27,45,0,0,72,0,72,0,0,68,4,0,27,45,0,27,5,4,36,0
330510910000310,152,152,0,0,0,0,152,0,0,152,0,0,152,0,0,17,135,0,17,135,0,147,5,0,147,0,5,0,147,5,95,8,49,0,0
330510910000311,143,120,0,23,0,0,143,0,0,126,17,0,129,14,0,0,143,0,0,143,0,143,0,0,143,0,0,0,143,0,79,14,6,44,0
330510910000314,197,165,0,32,0,0,189,8,0,85,112,0,157,40,0,0,197,0,0,197,0,149,48,0,149,0,48,0,149,48,112,85,0,0,0
330510910000315,301,301,0,0,0,0,301,0,0,299,2,0,301,0,0,0,301,0,0,301,0,299,2,0,0,299,2,0,299,2,2,0,299,0,0
330510910000316,218,218,0,0,0,0,218,0,0,218,0,0,218,0,0,0,218,0,0,218,0,218,0,0,0,218,0,0,218,0,0,0,0,218,0
330510910000317,264,264,0,0,0,0,264,0,0,264,0,0,264,0,0,0,264,0,0,264,0,264,0,0,0,264,0,0,264,0,0,0,0,264,0
330510910000318,152,152,0,0,0,0,152,0,0,152,0,0,152,0,0,0,152,0,0,152,0,152,0,0,0,152,0,152,0,0,0,152,0,0,0
330510910000319,214,214,0,0,0,0,214,0,0,153,61,0,214,0,0,4,210,0,0,214,0,201,13,0,184,17,13,0,201,13,20,146,0,48,0
330510915000001,135,135,0,0,0,0,135,0,0,132,3,0,135,0,0,0,135,0,0,135,0,135,0,0,135,0,0,0,135,0,34,34,38,29,0
330510915000002,168,168,0,0,0,0,168,0,0,120,48,0,168,0,0,0,168,0,3,165,0,168,0,0,165,3,0,33,135,0,137,0,0,31,0
330510915000003,229,229,0,0,0,0,229,0,0,162,67,0,229,0,0,0,229,0,36,193,0,229,0,0,229,0,0,36,193,0,124,51,18,36,0
330510915000004,260,260,0,0,0,0,260,0,0,78,182,0,260,0,0,0,260,0,0,260,0,260,0,0,260,0,0,0,260,0,225,27,8,0,0
330510915000006,173,173,0,0,0,0,173,0,0,46,127,0,173,0,0,0,173,0,0,173,0,173,0,0,173,0,0,0,173,0,139,31,3,0,0
330510915000007,141,141,0,0,0,0,141,0,0,69,72,0,141,0,0,0,141,0,0,141,0,141,0,0,141,0,0,0,141,0,14,127,0,0,0
330510915000008,216,137,64,15,0,0,189,27,0,103,113,0,189,27,0,1,215,0,0,216,0,174,42,0,173,1,42,0,174,42,157,0,59,0,0
330510915000009,153,125,28,0,0,0,153,0,0,72,81,0,153,0,0,0,153,0,0,153,0,153,0,0,153,0,0,0,153,0,89,64,0,0,0
330510915000010,176,135,19,22,0,0,176,0,0,65,111,0,176,0,0,0,176,0,0,176,0,174,2,0,174,0,2,0,174,2,176,0,0,0,0
330510915000011,259,221,38,0,0,0,259,0,0,112,147,0,259,0,0,0,259,0,0,259,0,184,75,0,184,0,75,0,184,75,241,0,18,0,0
330510915000012,265,230,35,0,0,0,265,0,0,30,235,0,265,0,0,27,238,0,0,265,0,230,35,0,230,0,35,0,230,35,265,0,0,0,0
330510915000013,270,175,95,0,0,0,270,0,0,163,107,0,270,0,0,0,270,0,0,270,0,260,10,0,260,0,10,0,260,10,270,0,0,0,0
330510915000014,104,104,0,0,0,0,104,0,0,48,56,0,104,0,0,0,104,0,0,104,0,86,18,0,86,0,18,0,86,18,104,0,0,0,0
330510915000015,133,133,0,0,0,0,133,0,0,92,41,0,133,0,0,0,133,0,2,131,0,133,0,0,133,0,0,0,133,0,116,17,0,0,0
330510915000016,142,142,0,0,0,0,142,0,0,121,21,0,142,0,0,0,142,0,37,105,0,114,28,0,100,14,28,1,113,28,34,105,0,3,0
330510915000017,334,334,0,0,0,0,334,0,0,210,124,0,334,0,0,117,217,0,0,334,0,304,30,0,304,0,30,0,304,30,306,28,0,0,0
330510915000018,145,109,0,36,0,0,145,0,0,80,65,0,145,0,0,33,112,0,0,145,0,145,0,0,145,0,0,0,145,0,145,0,0,0,0
330510915000019,289,252,0,37,0,0,289,0,0,82,207,0,252,37,0,0,289,0,0,289,0,252,37,0,252,0,37,0,252,37,212,75,0,2,0
330510915000020,75,62,13,0,0,0,75,0,0,0,75,0,75,0,0,0,75,0,0,75,0,68,7,0,68,0,7,0,68,7,46,0,12,17,0
330510915000021,302,278,24,0,0,0,302,0,0,136,166,0,302,0,0,0,302,0,0,302,0,302,0,0,302,0,0,0,302,0,270,32,0,0,0
330510915000022,129,129,0,0,0,0,129,0,0,61,68,0,129,0,0,0,129,0,0,129,0,129,0,0,129,0,0,0,129,0,111,18,0,0,0
330510915000023,261,140,121,0,0,0,252,9,0,245,16,0,235,26,0,0,261,0,0,261,0,252,9,0,252,0,9,0,252,9,205,13,0,43,0
330510915000024,236,36,141,59,0,0,236,0,0,177,59,0,236,0,0,0,236,0,0,236,0,236,0,0,236,0,0,0,236,0,236,0,0,0,0
330510915000025,239,155,58,26,0,0,239,0,0,239,0,0,239,0,0,0,239,0,0,239,0,213,26,0,213,0,26,0,213,26,219,20,0,0,0
330510915000026,313,252,53,8,0,0,298,15,0,222,91,0,313,0,0,0,313,0,0,313,0,266,47,0,266,0,47,0,266,47,313,0,0,0,0
330510915000027,179,155,24,0,0,0,179,0,0,149,30,0,179,0,0,0,179,0,0,179,0,155,24,0,155,0,24,0,155,24,25,105,19,30,0
330510915000028,248,243,5,0,0,0,248,0,0,211,37,0,248,0,0,27,221,0,19,229,0,243,5,0,135,108,5,13,230,5,163,43,23,19,0
330510915000029,196,141,55,0,0,0,196,0,0,37,159,0,196,0,0,0,196,0,0,196,0,122,74,0,122,0,74,0,122,74,137,59,0,0,0
330510915000030,192,182,10,0,0,0,192,0,0,8,184,0,192,0,0,0,192,0,0,192,0,189,3,0,183,6,3,0,189,3,59,130,0,3,0
330510915000031,168,168,0,0,0,0,168,0,0,90,78,0,168,0,0,88,80,0,0,168,0,168,0,0,168,0,0,47,121,0,121,47,0,0,0
330510915000032,126,126,0,0,0,0,126,0,0,0,126,0,126,0,0,0,126,0,0,126,0,126,0,0,95,31,0,0,126,0,50,76,0,0,0
330510915000033,134,110,24,0,0,0,134,0,0,17,117,0,134,0,0,0,134,0,0,134,0,134,0,0,134,0,0,0,134,0,134,0,0,0,0
330510915000034,257,257,0,0,0,0,257,0,0,177,80,0,257,0,0,182,75,0,0,257,0,257,0,0,257,0,0,0,257,0,115,107,35,0,0
330510915000035,248,222,26,0,0,0,248,0,0,73,175,0,248,0,0,0,248,0,0,248,0,248,0,0,222,26,0,0,248,0,248,0,0,0,0
330510915000036,272,87,185,0,0,0,272,0,0,190,82,0,272,0,0,0,272,0,0,272,0,272,0,0,270,2,0,119,153,0,91,94,57,30,0
330510915000037,317,300,17,0,0,0,317,0,0,234,83,0,317,0,0,0,317,0,0,317,0,317,0,0,312,5,0,148,169,0,42,122,82,71,0
330510915000038,290,256,18,16,0,0,290,0,0,211,79,0,283,7,0,0,290,0,0,290,0,274,16,0,255,19,16,103,171,16,65,90,65,70,0
330510915000039,172,107,65,0,0,0,172,0,0,118,54,0,172,0,0,0,172,0,0,172,0,172,0,0,166,6,0,0,172,0,149,23,0,0,0
330510915000040,245,52,193,0,0,0,245,0,0,244,1,0,245,0,0,0,245,0,0,245,0,245,0,0,245,0,0,0,245,0,238,7,0,0,0
330510915000041,304,278,15,11,0,0,304,0,0,304,0,0,304,0,0,0,304,0,0,304,0,278,26,0,278,0,26,0,278,26,269,35,0,0,0
330510915000042,220,116,85,19,0,0,213,7,0,173,47,0,220,0,0,0,220,0,0,220,0,161,59,0,134,27,59,0,161,59,216,4,0,0,0
330510915000043,228,87,98,43,0,0,228,0,0,161,67,0,228,0,0,0,228,0,0,228,0,185,43,0,185,0,43,0,185,43,153,47,28,0,0
330510915000044,335,327,8,0,0,0,335,0,0,54,281,0,335,0,0,0,335,0,0,335,0,327,8,0,314,13,8,0,327,8,197,126,0,12,0
330510915000045,348,348,0,0,0,0,348,0,0,49,299,0,348,0,0,0,348,0,0,348,0,348,0,0,331,17,0,0,348,0,122,120,52,54,0
330510915000046,330,329,1,0,0,0,329,1,0,200,130,0,330,0,0,0,330,0,0,330,0,297,33,0,297,0,33,0,297,33,91,47,50,142,0
330510915000047,169,152,17,0,0,0,169,0,0,169,0,0,157,12,0,0,169,0,0,169,0,152,17,0,145,7,17,0,152,17,19,131,0,19,0
330510915000048,262,262,0,0,0,0,262,0,0,208,54,0,262,0,0,0,262,0,0,262,0,262,0,0,247,15,0,0,262,0,117,59,0,86,0
330510915000049,254,254,0,0,0,0,254,0,0,147,107,0,254,0,0,26,228,0,45,209,0,254,0,0,175,79,0,37,217,0,124,91,39,0,0
330510915000050,116,116,0,0,0,0,116,0,0,0,116,0,116,0,0,0,116,0,38,78,0,116,0,0,78,38,0,0,116,0,116,0,0,0,0
330510915000051,197,197,0,0,0,0,197,0,0,59,138,0,197,0,0,0,197,0,10,187,0,185,12,0,185,0,12,0,185,12,187,10,0,0,0
330510915000052,102,88,14,0,0,0,102,0,0,0,102,0,102,0,0,0,102,0,0,102,0,102,0,0,65,37,0,0,102,0,35,37,30,0,0
330510915000053,290,260,30,0,0,0,290,0,0,0,290,0,290,0,0,49,241,0,0,290,0,290,0,0,290,0,0,0,290,0,158,132,0,0,0
330510915000054,230,230,0,0,0,0,230,0,0,154,76,0,230,0,0,0,230,0,0,230,0,230,0,0,230,0,0,120,110,0,85,39,29,77,0
330510915000055,322,322,0,0,0,0,322,0,0,277,45,0,322,0,0,0,322,0,0,322,0,322,0,0,307,15,0,273,49,0,90,64,62,106,0
330510915000056,182,182,0,0,0,0,182,0,0,173,9,0,182,0,0,36,146,0,0,182,0,182,0,0,150,32,0,129,53,0,126,33,23,0,0
330510915000057,298,277,21,0,0,0,298,0,0,190,108,0,298,0,0,20,278,0,0,298,0,298,0,0,258,40,0,285,13,0,72,85,70,71,0
330510915000058,205,205,0,0,0,0,205,0,0,181,24,0,205,0,0,10,195,0,0,205,0,205,0,0,194,11,0,197,8,0,35,10,77,83,0
330510915000059,218,218,0,0,0,0,218,0,0,206,12,0,218,0,0,7,211,0,0,218,0,218,0,0,96,122,0,130,88,0,68,23,85,42,0
330510915000060,262,107,155,0,0,0,262,0,0,103,159,0,262,0,0,0,262,0,0,262,0,262,0,0,262,0,0,25,237,0,97,125,40,0,0
330510915000061,203,98,60,45,0,0,203,0,0,30,173,0,203,0,0,0,203,0,21,182,0,137,66,0,120,17,66,0,137,66,141,49,13,0,0
330510915000062,246,246,0,0,0,0,246,0,0,148,98,0,246,0,0,89,157,0,0,246,0,246,0,0,205,41,0,0,246,0,186,60,0,0,0
330510915000063,330,330,0,0,0,0,330,0,0,77,253,0,330,0,0,177,153,0,0,330,0,330,0,0,295,35,0,0,330,0,211,119,0,0,0
330510915000064,321,321,0,0,0,0,321,0,0,317,4,0,321,0,0,0,321,0,0,321,0,321,0,0,297,24,0,19,302,0,156,127,0,38,0
330510915000066,210,210,0,0,0,0,210,0,0,156,54,0,210,0,0,0,210,0,0,210,0,210,0,0,207,3,0,82,128,0,53,62,19,76,0
330510915000067,225,225,0,0,0,0,225,0,0,225,0,0,225,0,0,0,225,0,0,225,0,225,0,0,221,4,0,4,221,0,153,52,20,0,0
330510915000068,277,277,0,0,0,0,277,0,0,233,44,0,277,0,0,0,277,0,0,277,0,277,0,0,221,56,0,0,277,0,59,149,49,20,0
330510915000069,256,215,0,41,0,0,256,0,0,77,179,0,256,0,0,0,256,0,0,256,0,256,0,0,256,0,0,0,256,0,114,33,63,46,0
330510915000070,184,184,0,0,0,0,184,0,0,165,19,0,184,0,0,36,148,0,0,184,0,184,0,0,148,36,0,36,148,0,36,91,0,57,0
330510915000071,124,124,0,0,0,0,124,0,0,82,42,0,124,0,0,0,124,0,0,124,0,124,0,0,124,0,0,0,124,0,98,26,0,0,0
330510915000072,162,162,0,0,0,0,162,0,0,21,141,0,162,0,0,21,141,0,0,162,0,162,0,0,162,0,0,0,162,0,21,141,0,0,0
330510915000073,124,76,48,0,0,0,124,0,0,47,77,0,124,0,0,0,124,0,0,124,0,124,0,0,124,0,0,0,124,0,70,29,25,0,0
330510915000074,168,149,2,17,0,0,151,17,0,122,46,0,168,0,0,0,168,0,0,168,0,151,17,0,151,0,17,0,151,17,49,100,19,0,0
330510915000075,232,230,0,2,0,0,232,0,0,93,139,0,230,2,0,0,232,0,0,232,0,230,2,0,230,0,2,0,230,2,57,155,20,0,0
330510915000076,120,120,0,0,0,0,120,0,0,34,86,0,120,0,0,0,120,0,0,120,0,120,0,0,120,0,0,0,120,0,120,0,0,0,0
330510915000077,159,97,1,61,0,0,156,3,0,138,21,0,156,3,0,0,159,0,0,159,0,154,5,0,154,0,5,0,154,5,159,0,0,0,0
330510915000078,157,103,54,0,0,0,157,0,0,15,142,0,157,0,0,0,157,0,0,157,0,142,15,0,142,0,15,0,142,15,122,35,0,0,0
330510915000079,128,113,15,0,0,0,128,0,0,0,128,0,128,0,0,0,128,0,0,128,0,128,0,0,128,0,0,0,128,0,85,0,43,0,0
330510915000080,170,170,0,0,0,0,170,0,0,28,142,0,170,0,0,92,78,0,0,170,0,170,0,0,170,0,0,0,170,0,115,55,0,0,0
330510915000081,142,113,29,0,0,0,142,0,0,24,118,0,130,12,0,0,142,0,0,142,0,130,12,0,130,0,12,0,130,12,125,17,0,0,0
330510915000082,226,222,4,0,0,0,226,0,0,184,42,0,226,0,0,0,226,0,0,226,0,226,0,0,183,43,0,166,60,0,43,108,75,0,0
330510915000083,250,218,11,21,0,0,250,0,0,250,0,0,250,0,0,0,250,0,0,250,0,250,0,0,250,0,0,0,250,0,217,33,0,0,0
330510915000084,161,33,104,20,0,4,157,0,4,27,130,4,157,0,4,0,157,4,34,123,4,75,82,4,75,0,86,39,36,86,62,95,0,0,4
330510915000085,85,85,0,0,0,0,85,0,0,72,13,0,85,0,0,0,85,0,0,85,0,85,0,0,85,0,0,4,81,0,71,10,0,4,0
330510915000086,89,89,0,0,0,0,89,0,0,44,45,0,89,0,0,0,89,0,0,89,0,89,0,0,89,0,0,0,89,0,89,0,0,0,0
330510915000087,134,83,51,0,0,0,134,0,0,116,18,0,134,0,0,0,134,0,0,134,0,134,0,0,134,0,0,0,134,0,18,116,0,0,0
330510915000088,131,131,0,0,0,0,131,0,0,15,116,0,131,0,0,0,131,0,0,131,0,131,0,0,131,0,0,0,131,0,73,58,0,0,0
330510915000089,147,147,0,0,0,0,147,0,0,34,113,0,147,0,0,0,147,0,0,147,0,147,0,0,147,0,0,0,147,0,134,13,0,0,0
330510915000090,136,136,0,0,0,0,136,0,0,62,74,0,136,0,0,0,136,0,34,102,0,136,0,0,87,49,0,0,136,0,124,12,0,0,0
330510915000091,111,111,0,0,0,0,111,0,0,35,76,0,111,0,0,23,88,0,0,111,0,111,0,0,93,18,0,0,111,0,76,35,0,0,0
330510915000092,127,127,0,0,0,0,127,0,0,39,88,0,127,0,0,0,127,0,0,127,0,127,0,0,73,54,0,0,127,0,73,54,0,0,0
330510915000093,126,126,0,0,0,0,126,0,0,52,74,0,126,0,0,0,126,0,0,126,0,126,0,0,126,0,0,0,126,0,95,31,0,0,0
330510915000094,184,184,0,0,0,0,184,0,0,184,0,0,184,0,0,0,184,0,0,184,0,184,0,0,184,0,0,0,184,0,119,0,65,0,0
330510915000095,238,232,0,6,0,0,238,0,0,217,21,0,232,6,0,0,238,0,0,238,0,238,0,0,232,6,0,0,238,0,162,46,30,0,0
330510915000096,193,105,30,58,0,0,175,18,0,11,182,0,145,48,0,0,193,0,0,193,0,131,62,0,131,0,62,0,131,62,193,0,0,0,0
330510915000097,153,100,41,12,0,0,153,0,0,35,118,0,141,12,0,0,153,0,0,153,0,141,12,0,141,0,12,0,141,12,153,0,0,0,0
330510915000098,257,257,0,0,0,0,257,0,0,221,36,0,257,0,0,0,257,0,0,257,0,257,0,0,230,27,0,129,128,0,53,94,87,23,0
330510915000099,109,109,0,0,0,0,109,0,0,109,0,0,109,0,0,0,109,0,0,109,0,109,0,0,109,0,0,38,71,0,0,53,14,42,0
