COD_SETOR_M22FINAL,V05400,V05401,V05402,V05403,V05404,V05405,V05406,V05407,V05408,V05409,V05410,V05411,V05412,V05413,V05414,V05415,V05416,V05417,V05418,V05419,V05420,V05421,V05422,V05423,V05424,V05425,V05426,V05427,V05428,V05429,V05430,V05431,V05432,V05433,V05434
330510905000001,19,8,6,5,0,0,19,0,0,15,4,0,16,3,0,2,17,0,0,19,0,18,1,0,1,17,1,10,8,1,14,1,1,3,0
330510905000002,16,16,0,0,0,0,16,0,0,11,5,0,12,4,0,2,14,0,0,16,0,16,0,0,8,8,0,0,16,0,6,6,4,0,0
330510905000003,24,22,2,0,0,0,24,0,0,24,0,0,24,0,0,1,23,0,2,22,0,24,0,0,11,13,0,2,22,0,21,1,0,2,0
330510905000005,4,3,1,0,0,0,4,0,0,3,1,0,4,0,0,1,3,0,0,4,0,4,0,0,3,1,0,0,4,0,2,1,0,1,0
330510905000006,10,7,1,2,0,0,10,0,0,8,2,0,10,0,0,4,6,0,0,10,0,10,0,0,7,3,0,2,8,0,7,2,1,0,0
330510905000007,4,3,0,1,0,0,4,0,0,1,3,0,4,0,0,0,4,0,0,4,0,4,0,0,3,1,0,0,4,0,4,0,0,0,0
330510905000008,12,12,0,0,0,0,12,0,0,7,5,0,12,0,0,0,12,0,0,12,0,11,1,0,9,2,1,0,11,1,7,4,1,0,0
330510905000009,12,12,0,0,0,0,12,0,0,10,2,0,12,0,0,0,12,0,0,12,0,11,1,0,10,1,1,0,11,1,7,5,0,0,0
330510905000010,16,13,3,0,0,0,16,0,0,9,7,0,16,0,0,0,16,0,0,16,0,13,3,0,13,0,3,0,13,3,9,6,0,1,0
330510905000011,8,8,0,0,0,0,8,0,0,3,5,0,8,0,0,1,7,0,0,8,0,8,0,0,5,3,0,0,8,0,4,4,0,0,0
330510905000012,20,14,6,0,0,0,20,0,0,14,6,0,20,0,0,0,20,0,0,20,0,14,6,0,14,0,6,0,14,6,13,6,1,0,0
330510905000013,12,10,0,2,0,0,12,0,0,3,9,0,12,0,0,2,10,0,0,12,0,12,0,0,9,3,0,0,12,0,10,2,0,0,0
330510905000014,12,10,2,0,0,0,12,0,0,6,6,0,12,0,0,1,11,0,0,12,0,12,0,0,11,1,0,0,12,0,8,3,1,0,0
330510905000015,12,7,5,0,0,0,12,0,0,10,2,0,12,0,0,0,12,0,0,12,0,12,0,0,12,0,0,0,12,0,3,6,3,0,0
330510905000016,16,10,6,0,0,0,16,0,0,14,2,0,16,0,0,4,12,0,0,16,0,16,0,0,14,2,0,0,16,0,10,4,1,1,0
330510905000018,19,17,2,0,0,0,19,0,0,15,4,0,19,0,0,5,14,0,0,19,0,18,1,0,7,11,1,3,15,1,15,2,1,1,0
330510905000019,11,10,1,0,0,0,11,0,0,8,3,0,11,0,0,4,7,0,0,11,0,11,0,0,3,8,0,2,9,0,10,1,0,0,0
330510905000020,12,8,3,1,0,0,12,0,0,6,6,0,12,0,0,2,10,0,0,12,0,12,0,0,7,5,0,1,11,0,8,2,2,0,0
330510905000021,12,11,0,1,0,0,12,0,0,11,1,0,11,1,0,3,9,0,1,11,0,12,0,0,5,7,0,1,11,0,11,0,1,0,0
330510905000022,16,11,0,5,0,0,16,0,0,16,0,0,16,0,0,0,16,0,1,15,0,16,0,0,4,12,0,6,10,0,11,4,0,1,0
330510905000023,5,3,2,0,0,0,5,0,0,2,3,0,5,0,0,0,5,0,0,5,0,4,1,0,2,2,1,0,4,1,3,0,1,1,0
330510905000024,17,3,13,1,0,0,17,0,0,15,2,0,15,2,0,2,15,0,0,17,0,14,3,0,9,5,3,0,14,3,13,1,2,1,0
330510905000025,6,2,3,1,0,0,6,0,0,6,0,0,2,4,0,0,6,0,0,6,0,6,0,0,4,2,0,0,6,0,3,2,1,0,0
330510905000026,13,7,5,1,0,0,13,0,0,11,2,0,10,3,0,2,11,0,1,12,0,12,1,0,7,5,1,1,11,1,8,5,0,0,0
330510905000027,20,4,13,3,0,0,20,0,0,13,7,0,19,1,0,3,17,0,1,19,0,13,7,0,11,2,7,1,12,7,16,1,1,2,0
330510905000028,19,8,11,0,0,0,19,0,0,17,2,0,18,1,0,0,19,0,1,18,0,12,7,0,9,3,7,0,12,7,14,5,0,0,0
330510905000029,9,8,1,0,0,0,9,0,0,8,1,0,9,0,0,1,8,0,0,9,0,9,0,0,7,2,0,3,6,0,4,2,0,3,0
330510905000030,8,6,2,0,0,0,8,0,0,5,3,0,6,2,0,0,8,0,0,8,0,8,0,0,7,1,0,0,8,0,6,1,0,1,0
330510905000031,8,8,0,0,0,0,8,0,0,5,3,0,8,0,0,1,7,0,0,8,0,8,0,0,8,0,0,0,8,0,5,2,0,1,0
330510905000032,11,9,2,0,0,0,11,0,0,10,1,0,11,0,0,1,10,0,0,11,0,11,0,0,9,2,0,0,11,0,8,2,0,1,0
330510905000033,8,8,0,0,0,0,8,0,0,6,2,0,8,0,0,0,8,0,0,8,0,8,0,0,8,0,0,0,8,0,5,1,1,1,0
330510905000034,10,9,1,0,0,0,10,0,0,6,4,0,10,0,0,0,10,0,0,10,0,10,0,0,10,0,0,0,10,0,6,1,1,2,0
330510905000035,4,4,0,0,0,0,4,0,0,4,0,0,4,0,0,0,4,0,0,4,0,4,0,0,4,0,0,0,4,0,2,2,0,0,0
330510905000036,8,8,0,0,0,0,8,0,0,7,1,0,8,0,0,1,7,0,0,8,0,8,0,0,7,1,0,0,8,0,5,3,0,0,0
330510905000037,10,9,0,1,0,0,10,0,0,4,6,0,10,0,0,1,9,0,0,10,0,9,1,0,7,2,1,0,9,1,5,4,0,1,0
330510905000038,15,14,0,1,0,0,15,0,0,15,0,0,15,0,0,0,15,0,0,15,0,15,0,0,12,3,0,0,15,0,9,4,2,0,0
330510905000039,12,12,0,0,0,0,12,0,0,11,1,0,12,0,0,0,12,0,0,12,0,12,0,0,11,1,0,0,12,0,6,6,0,0,0
330510905000040,8,7,0,1,0,0,8,0,0,5,3,0,8,0,0,0,8,0,0,8,0,8,0,0,8,0,0,0,8,0,5,1,1,1,0
330510905000041,8,8,0,0,0,0,8,0,0,7,1,0,8,0,0,1,7,0,0,8,0,8,0,0,7,1,0,1,7,0,5,0,2,1,0
330510905000042,16,12,3,1,0,0,16,0,0,7,9,0,16,0,0,0,16,0,0,16,0,15,1,0,15,0,1,0,15,1,6,7,2,1,0
330510905000043,8,8,0,0,0,0,8,0,0,7,1,0,8,0,0,0,8,0,0,8,0,8,0,0,5,3,0,0,8,0,7,0,0,1,0
330510905000044,4,4,0,0,0,0,4,0,0,3,1,0,4,0,0,0,4,0,0,4,0,4,0,0,2,2,0,1,3,0,3,1,0,0,0
330510905000045,18,16,2,0,0,0,18,0,0,16,2,0,18,0,0,6,12,0,0,18,0,14,4,0,12,2,4,2,12,4,12,5,1,0,0
330510905000046,7,4,0,3,0,0,7,0,0,5,2,0,7,0,0,0,7,0,0,7,0,7,0,0,7,0,0,0,7,0,4,3,0,0,0
330510905000047,16,6,0,10,0,0,16,0,0,2,14,0,16,0,0,0,16,0,0,16,0,16,0,0,16,0,0,1,15,0,11,5,0,0,0
330510905000048,16,6,5,5,0,0,16,0,0,3,13,0,16,0,0,0,16,0,0,16,0,16,0,0,15,1,0,0,16,0,10,4,0,2,0
330510905000049,8,8,0,0,0,0,8,0,0,6,2,0,8,0,0,0,8,0,0,8,0,8,0,0,8,0,0,0,8,0,5,1,1,1,0
330510905000050,11,3,5,3,0,0,11,0,0,6,5,0,10,1,0,0,11,0,0,11,0,11,0,0,10,1,0,0,11,0,8,3,0,0,0
330510905000051,8,2,2,4,0,0,8,0,0,7,1,0,8,0,0,1,7,0,0,8,0,8,0,0,8,0,0,0,8,0,7,1,0,0,0
330510905000052,4,4,0,0,0,0,4,0,0,4,0,0,4,0,0,0,4,0,0,4,0,4,0,0,4,0,0,0,4,0,2,1,0,1,0
330510905000053,4,4,0,0,0,0,4,0,0,3,1,0,4,0,0,0,4,0,0,4,0,4,0,0,4,0,0,0,4,0,3,0,0,1,0
330510905000054,8,7,1,0,0,0,8,0,0,4,4,0,8,0,0,0,8,0,0,8,0,8,0,0,8,0,0,0,8,0,4,2,2,0,0
330510905000055,12,11,1,0,0,0,12,0,0,12,0,0,12,0,0,0,12,0,0,12,0,10,2,0,10,0,2,0,10,2,5,4,3,0,0
330510905000056,11,9,1,1,0,0,10,1,0,11,0,0,11,0,0,4,7,0,0,11,0,9,2,0,5,4,2,3,6,2,9,2,0,0,0
330510905000057,5,5,0,0,0,0,5,0,0,5,0,0,5,0,0,1,4,0,0,5,0,5,0,0,2,3,0,0,5,0,3,1,0,1,0
330510905000058,8,8,0,0,0,0,8,0,0,8,0,0,8,0,0,1,7,0,0,8,0,8,0,0,6,2,0,2,6,0,2,4,1,1,0
330510905000059,24,21,2,1,0,0,24,0,0,13,11,0,24,0,0,1,23,0,0,24,0,23,1,0,23,0,1,0,23,1,18,4,1,1,0
330510905000060,12,7,4,1,0,0,12,0,0,5,7,0,11,1,0,1,11,0,0,12,0,12,0,0,12,0,0,0,12,0,8,3,1,0,0
330510905000061,11,4,5,2,0,0,11,0,0,3,8,0,10,1,0,0,11,0,0,11,0,11,0,0,11,0,0,0,11,0,8,3,0,0,0
330510905000062,12,9,1,2,0,0,12,0,0,3,9,0,12,0,0,2,10,0,0,12,0,12,0,0,12,0,0,0,12,0,11,0,1,0,0
330510905000063,4,1,1,2,0,0,4,0,0,4,0,0,4,0,0,1,3,0,0,4,0,4,0,0,4,0,0,0,4,0,3,0,0,1,0
330510905000065,8,7,1,0,0,0,8,0,0,7,1,0,8,0,0,0,8,0,0,8,0,8,0,0,8,0,0,2,6,0,2,3,2,1,0
330510905000066,8,8,0,0,0,0,8,0,0,8,0,0,8,0,0,1,7,0,0,8,0,8,0,0,4,4,0,7,1,0,1,3,1,3,0
330510905000067,9,9,0,0,0,0,9,0,0,8,1,0,9,0,0,0,9,0,0,9,0,9,0,0,7,2,0,3,6,0,3,2,0,4,0
330510905000068,9,8,1,0,0,0,9,0,0,9,0,0,9,0,0,0,9,0,0,9,0,9,0,0,8,1,0,0,9,0,7,1,1,0,0
330510905000069,24,23,1,0,0,0,24,0,0,23,1,0,24,0,0,1,23,0,0,24,0,24,0,0,24,0,0,1,23,0,13,9,2,0,0
330510905000070,19,19,0,0,0,0,19,0,0,15,4,0,19,0,0,1,18,0,0,19,0,17,2,0,16,1,2,1,16,2,12,3,3,1,0
330510905000071,22,20,2,0,0,0,22,0,0,7,15,0,22,0,0,0,22,0,0,22,0,22,0,0,18,4,0,17,5,0,10,9,2,1,0
330510905000072,22,22,0,0,0,0,17,5,0,8,14,0,22,0,0,0,22,0,0,22,0,17,5,0,14,3,5,7,10,5,12,4,3,3,0
330510905000073,16,16,0,0,0,0,16,0,0,6,10,0,16,0,0,0,16,0,3,13,0,15,1,0,11,4,1,2,13,1,12,3,1,0,0
330510905000074,8,3,3,2,0,0,8,0,0,3,5,0,8,0,0,1,7,0,0,8,0,8,0,0,8,0,0,0,8,0,7,0,1,0,0
330510905000075,12,6,6,0,0,0,12,0,0,8,4,0,12,0,0,0,12,0,0,12,0,12,0,0,12,0,0,0,12,0,9,2,1,0,0
330510905000077,17,9,0,8,0,0,17,0,0,10,7,0,15,2,0,0,17,0,1,16,0,13,4,0,13,0,4,0,13,4,13,3,0,1,0
330510905000078,17,9,3,5,0,0,17,0,0,14,3,0,17,0,0,1,16,0,1,16,0,14,3,0,13,1,3,0,14,3,13,2,2,0,0
330510905000079,23,13,10,0,0,0,23,0,0,19,4,0,23,0,0,2,21,0,0,23,0,23,0,0,23,0,0,0,23,0,20,3,0,0,0
330510905000080,12,12,0,0,0,0,12,0,0,8,4,0,12,0,0,1,11,0,0,12,0,12,0,0,12,0,0,0,12,0,6,5,0,1,0
330510905000081,20,12,8,0,0,0,20,0,0,16,4,0,20,0,0,0,20,0,0,20,0,20,0,0,19,1,0,5,15,0,9,6,3,2,0
330510905000082,17,13,2,2,0,0,17,0,0,16,1,0,17,0,0,2,15,0,0,17,0,17,0,0,15,2,0,4,13,0,8,5,4,0,0
330510905000083,8,6,2,0,0,0,8,0,0,5,3,0,8,0,0,0,8,0,0,8,0,8,0,0,8,0,0,2,6,0,1,3,1,3,0
330510905000084,8,7,1,0,0,0,8,0,0,3,5,0,8,0,0,0,8,0,0,8,0,8,0,0,8,0,0,0,8,0,2,2,3,1,0
330510905000085,8,8,0,0,0,0,8,0,0,8,0,0,8,0,0,0,8,0,0,8,0,8,0,0,8,0,0,3,5,0,2,5,0,1,0
330510905000086,14,12,1,1,0,0,14,0,0,12,2,0,14,0,0,0,14,0,0,14,0,13,1,0,12,1,1,1,12,1,6,6,1,1,0
330510905000087,18,16,1,1,0,0,18,0,0,16,2,0,17,1,0,0,18,0,0,18,0,17,1,0,16,1,1,0,17,1,9,5,3,1,0
330510905000088,13,10,3,0,0,0,13,0,0,11,2,0,13,0,0,3,10,0,0,13,0,11,2,0,9,2,2,2,9,2,10,3,0,0,0
330510905000089,17,16,1,0,0,0,17,0,0,17,0,0,17,0,0,1,16,0,0,17,0,17,0,0,13,4,0,4,13,0,7,3,3,4,0
330510905000090,15,15,0,0,0,0,14,1,0,8,7,0,15,0,0,1,14,0,0,15,0,12,3,0,10,2,3,6,6,3,13,1,1,0,0
330510905000091,16,16,0,0,0,0,15,1,0,5,11,0,16,0,0,0,16,0,0,16,0,14,2,0,11,3,2,2,12,2,13,2,1,0,0
330510905000092,8,8,0,0,0,0,8,0,0,7,1,0,8,0,0,0,8,0,0,8,0,8,0,0,6,2,0,2,6,0,7,1,0,0,0
330510905000094,19,16,3,0,0,0,19,0,0,8,11,0,18,1,0,0,19,0,2,17,0,18,1,0,18,0,1,0,18,1,8,8,2,1,0
330510905000095,12,9,3,0,0,0,12,0,0,8,4,0,12,0,0,1,11,0,0,12,0,12,0,0,11,1,0,2,10,0,6,3,0,3,0
330510905000096,11,11,0,0,0,0,10,1,0,7,4,0,11,0,0,1,10,0,0,11,0,10,1,0,6,4,1,4,6,1,9,0,1,1,0
330510905000097,8,8,0,0,0,0,7,1,0,5,3,0,8,0,0,0,8,0,1,7,0,5,3,0,5,0,3,0,5,3,4,2,0,2,0
330510905000098,5,3,1,1,0,0,5,0,0,3,2,0,5,0,0,0,5,0,0,5,0,4,1,0,2,2,1,1,3,1,1,1,0,3,0
330510905000099,15,13,2,0,0,0,15,0,0,9,6,0,15,0,0,0,15,0,0,15,0,13,2,0,13,0,2,0,13,2,11,4,0,0,0
330510905000100,16,5,8,3,0,0,15,1,0,4,12,0,14,2,0,0,16,0,0,16,0,7,9,0,7,0,9,0,7,9,13,2,0,1,0
330510905000101,7,0,5,2,0,0,3,4,0,0,7,0,5,2,0,0,7,0,0,7,0,0,7,0,0,0,7,0,0,7,7,0,0,0,0
330510905000103,27,20,4,3,0,0,21,6,0,19,8,0,23,4,0,0,27,0,0,27,0,20,7,0,16,4,7,0,20,7,17,5,5,0,0
330510905000104,8,3,4,1,0,0,6,2,0,3,5,0,7,1,0,0,8,0,0,8,0,2,6,0,1,1,6,2,0,6,2,2,0,4,0
330510905000105,11,7,2,2,0,0,9,2,0,8,3,0,8,3,0,0,11,0,0,11,0,7,4,0,6,1,4,0,7,4,8,1,0,2,0
330510905000106,21,18,3,0,0,0,21,0,0,11,10,0,21,0,0,0,21,0,0,21,0,14,7,0,12,2,7,2,12,7,11,5,2,3,0
330510905000107,16,15,1,0,0,0,16,0,0,10,6,0,14,2,0,2,14,0,0,16,0,16,0,0,16,0,0,0,16,0,7,4,3,2,0
330510905000108,14,9,4,1,0,0,14,0,0,11,3,0,12,2,0,0,14,0,0,14,0,5,9,0,3,2,9,1,4,9,13,1,0,0,0
330510905000109,18,15,3,0,0,0,18,0,0,11,7,0,18,0,0,0,18,0,0,18,0,9,9,0,8,1,9,4,5,9,13,3,1,1,0
330510905000112,21,12,6,3,0,0,17,4,0,15,6,0,20,1,0,1,20,0,0,21,0,14,7,0,13,1,7,0,14,7,7,6,2,6,0
330510905000113,12,10,2,0,0,0,12,0,0,11,1,0,12,0,0,1,11,0,0,12,0,11,1,0,11,0,1,0,11,1,4,4,3,1,0
330510905000114,11,9,2,0,0,0,11,0,0,3,8,0,11,0,0,0,11,0,0,11,0,9,2,0,9,0,2,0,9,2,6,4,1,0,0
330510905000115,11,11,0,0,0,0,11,0,0,11,0,0,11,0,0,1,10,0,0,11,0,11,0,0,11,0,0,0,11,0,9,0,1,1,0
330510905000116,7,7,0,0,0,0,7,0,0,7,0,0,7,0,0,1,6,0,0,7,0,7,0,0,7,0,0,0,7,0,3,3,0,1,0
330510905000117,15,7,6,2,0,0,15,0,0,11,4,0,14,1,0,0,15,0,0,15,0,10,5,0,10,0,5,0,10,5,12,1,2,0,0
330510905000118,7,7,0,0,0,0,7,0,0,6,1,0,7,0,0,0,7,0,0,7,0,7,0,0,7,0,0,0,7,0,6,0,1,0,0
330510905000119,14,14,0,0,0,0,14,0,0,10,4,0,14,0,0,0,14,0,0,14,0,14,0,0,14,0,0,0,14,0,8,1,5,0,0
330510905000120,13,12,1,0,0,0,13,0,0,3,10,0,11,2,0,0,13,0,0,13,0,13,0,0,13,0,0,1,12,0,5,5,3,0,0
330510905000122,25,25,0,0,0,0,25,0,0,20,5,0,25,0,0,4,21,0,0,25,0,25,0,0,20,5,0,5,20,0,15,7,0,3,0
330510905000123,16,16,0,0,0,0,16,0,0,7,9,0,16,0,0,0,16,0,0,16,0,16,0,0,13,3,0,0,16,0,5,6,2,3,0
330510905000124,5,3,2,0,0,0,5,0,0,2,3,0,5,0,0,0,5,0,0,5,0,5,0,0,5,0,0,0,5,0,1,3,1,0,0
330510905000125,15,13,2,0,0,0,15,0,0,10,5,0,15,0,0,0,15,0,0,15,0,12,3,0,12,0,3,0,12,3,9,3,2,1,0
330510905000126,26,16,5,5,0,0,26,0,0,14,12,0,22,4,0,1,25,0,0,26,0,18,8,0,18,0,8,0,18,8,14,7,2,3,0
330510905000127,9,4,3,1,0,1,8,0,1,4,4,1,6,2,1,1,7,1,0,8,1,4,4,1,4,0,5,0,4,5,7,0,0,1,1
330510905000128,14,8,6,0,0,0,14,0,0,13,1,0,14,0,0,0,14,0,0,14,0,10,4,0,2,8,4,0,10,4,12,1,0,1,0
330510905000129,11,7,4,0,0,0,9,2,0,5,6,0,9,2,0,0,11,0,0,11,0,9,2,0,9,0,2,0,9,2,4,4,1,2,0
330510905000130,19,11,8,0,0,0,19,0,0,11,8,0,19,0,0,8,11,0,0,19,0,19,0,0,18,1,0,1,18,0,5,10,1,3,0
330510905000131,15,10,4,1,0,0,15,0,0,7,8,0,15,0,0,2,13,0,0,15,0,13,2,0,11,2,2,1,12,2,7,5,2,1,0
330510905000132,11,8,2,1,0,0,11,0,0,5,6,0,11,0,0,1,10,0,0,11,0,9,2,0,9,0,2,0,9,2,6,2,2,1,0
330510905000133,16,16,0,0,0,0,16,0,0,15,1,0,16,0,0,3,13,0,0,16,0,16,0,0,14,2,0,1,15,0,9,6,1,0,0
330510905000134,13,13,0,0,0,0,13,0,0,7,6,0,13,0,0,0,13,0,0,13,0,13,0,0,13,0,0,0,13,0,4,7,2,0,0
330510905000135,23,16,7,0,0,0,23,0,0,16,7,0,18,5,0,3,20,0,0,23,0,18,5,0,15,3,5,0,18,5,17,4,1,1,0
330510905000136,7,7,0,0,0,0,7,0,0,6,1,0,7,0,0,0,7,0,0,7,0,7,0,0,6,1,0,0,7,0,5,0,2,0,0
330510905000137,16,3,3,10,0,0,16,0,0,6,10,0,9,7,0,0,16,0,0,16,0,4,12,0,4,0,12,0,4,12,14,1,1,0,0
330510905000138,3,1,1,1,0,0,3,0,0,3,0,0,3,0,0,0,3,0,0,3,0,2,1,0,2,0,1,0,2,1,0,3,0,0,0
330510905000139,10,2,7,1,0,0,6,4,0,1,9,0,10,0,0,0,10,0,0,10,0,2,8,0,2,0,8,0,2,8,10,0,0,0,0
330510905000140,73,1,7,65,0,0,62,11,0,7,66,0,48,25,0,0,73,0,0,73,0,1,72,0,1,0,72,0,1,72,72,1,0,0,0
330510905000141,13,12,1,0,0,0,13,0,0,9,4,0,13,0,0,0,13,0,0,13,0,13,0,0,12,1,0,0,13,0,5,4,2,2,0
330510905000142,13,3,7,3,0,0,13,0,0,1,12,0,12,1,0,0,13,0,0,13,0,7,6,0,7,0,6,0,7,6,7,2,4,0,0
330510905000143,6,4,0,2,0,0,6,0,0,6,0,0,6,0,0,1,5,0,0,6,0,6,0,0,6,0,0,0,6,0,1,2,0,3,0
330510905000144,8,6,2,0,0,0,8,0,0,5,3,0,6,2,0,0,8,0,0,8,0,6,2,0,6,0,2,0,6,2,4,3,1,0,0
330510905000145,7,7,0,0,0,0,7,0,0,6,1,0,7,0,0,1,6,0,2,5,0,7,0,0,7,0,0,0,7,0,6,0,1,0,0
330510905000146,4,4,0,0,0,0,4,0,0,4,0,0,4,0,0,2,2,0,0,4,0,4,0,0,4,0,0,0,4,0,1,2,1,0,0
330510905000147,7,7,0,0,0,0,7,0,0,4,3,0,7,0,0,0,7,0,0,7,0,7,0,0,7,0,0,0,7,0,2,4,0,1,0
330510905000148,10,5,0,5,0,0,10,0,0,3,7,0,9,1,0,0,10,0,0,10,0,6,4,0,6,0,4,0,6,4,4,6,0,0,0
330510905000150,12,10,2,0,0,0,12,0,0,12,0,0,9,3,0,1,11,0,0,12,0,10,2,0,8,2,2,1,9,2,4,6,1,1,0
330510905000151,4,4,0,0,0,0,4,0,0,4,0,0,4,0,0,0,4,0,0,4,0,4,0,0,4,0,0,0,4,0,0,0,4,0,0
330510905000152,10,10,0,0,0,0,10,0,0,10,0,0,10,0,0,0,10,0,0,10,0,10,0,0,10,0,0,0,10,0,6,3,1,0,0
330510905000153,4,4,0,0,0,0,4,0,0,4,0,0,4,0,0,0,4,0,0,4,0,3,1,0,3,0,1,0,3,1,2,0,0,2,0
330510905000154,13,10,3,0,0,0,13,0,0,9,4,0,11,2,0,2,11,0,0,13,0,9,4,0,9,0,4,1,8,4,2,5,5,1,0
330510905000155,12,10,2,0,0,0,12,0,0,12,0,0,9,3,0,4,8,0,0,12,0,10,2,0,9,1,2,1,9,2,5,3,1,3,0
330510905000156,13,9,3,1,0,0,13,0,0,8,5,0,13,0,0,1,12,0,0,13,0,10,3,0,10,0,3,1,9,3,7,5,1,0,0
330510905000157,22,17,3,2,0,0,22,0,0,8,14,0,22,0,0,0,22,0,0,22,0,12,10,0,7,5,10,0,12,10,15,7,0,0,0
330510905000159,15,10,5,0,0,0,15,0,0,8,7,0,15,0,0,0,15,0,0,15,0,14,1,0,14,0,1,0,14,1,8,5,1,1,0
330510905000160,8,8,0,0,0,0,8,0,0,7,1,0,8,0,0,0,8,0,0,8,0,8,0,0,7,1,0,0,8,0,7,1,0,0,0
330510905000161,19,4,0,15,0,0,19,0,0,13,6,0,16,3,0,0,19,0,0,19,0,4,15,0,4,0,15,0,4,15,19,0,0,0,0
330510905000162,14,12,2,0,0,0,14,0,0,12,2,0,14,0,0,3,11,0,0,14,0,12,2,0,11,1,2,0,12,2,9,3,1,1,0
330510905000163,8,8,0,0,0,0,8,0,0,8,0,0,8,0,0,0,8,0,0,8,0,8,0,0,8,0,0,0,8,0,5,2,1,0,0
330510905000164,32,20,0,12,0,0,32,0,0,23,9,0,21,11,0,0,32,0,0,32,0,20,12,0,15,5,12,0,20,12,27,2,3,0,0
330510905000165,8,3,2,3,0,0,7,1,0,2,6,0,8,0,0,0,8,0,0,8,0,2,6,0,2,0,6,0,2,6,7,1,0,0,0
330510905000166,11,1,9,1,0,0,11,0,0,6,5,0,11,0,0,1,10,0,0,11,0,9,2,0,9,0,2,0,9,2,2,3,4,2,0
330510905000167,6,0,6,0,0,0,6,0,0,5,1,0,6,0,0,0,6,0,0,6,0,5,1,0,5,0,1,0,5,1,3,2,1,0,0
330510905000168,12,2,10,0,0,0,12,0,0,12,0,0,12,0,0,2,10,0,1,11,0,12,0,0,12,0,0,0,12,0,8,3,1,0,0
330510905000169,9,8,1,0,0,0,9,0,0,4,5,0,9,0,0,0,9,0,0,9,0,6,3,0,6,0,3,0,6,3,5,3,0,1,0
330510905000170,4,4,0,0,0,0,4,0,0,1,3,0,4,0,0,0,4,0,0,4,0,4,0,0,4,0,0,0,4,0,1,1,0,2,0
330510905000171,6,4,1,1,0,0,6,0,0,0,6,0,5,1,0,0,6,0,0,6,0,6,0,0,6,0,0,0,6,0,5,1,0,0,0
330510905000173,18,12,4,2,0,0,18,0,0,18,0,0,17,1,0,0,18,0,0,18,0,13,5,0,13,0,5,0,13,5,9,8,0,1,0
330510905000174,4,4,0,0,0,0,4,0,0,4,0,0,4,0,0,1,3,0,1,3,0,4,0,0,4,0,0,0,4,0,1,2,1,0,0
330510905000175,8,8,0,0,0,0,8,0,0,8,0,0,8,0,0,0,8,0,1,7,0,8,0,0,4,4,0,3,5,0,5,2,1,0,0
330510905000176,15,15,0,0,0,0,15,0,0,8,7,0,12,3,0,0,15,0,0,15,0,12,3,0,12,0,3,0,12,3,5,8,2,0,0
330510905000177,17,17,0,0,0,0,17,0,0,17,0,0,17,0,0,2,15,0,0,17,0,17,0,0,15,2,0,0,17,0,10,5,1,1,0
330510905000179,18,16,2,0,0,0,18,0,0,13,5,0,18,0,0,0,18,0,0,18,0,18,0,0,15,3,0,1,17,0,12,6,0,0,0
330510905000180,22,17,5,0,0,0,22,0,0,18,4,0,22,0,0,0,22,0,0,22,0,14,8,0,4,10,8,0,14,8,16,5,1,0,0
330510905000181,16,16,0,0,0,0,16,0,0,11,5,0,16,0,0,1,15,0,0,16,0,16,0,0,8,8,0,0,16,0,7,6,3,0,0
330510905000182,10,9,0,1,0,0,9,1,0,10,0,0,10,0,0,0,10,0,0,10,0,9,1,0,6,3,1,0,9,1,4,6,0,0,0
330510905000183,17,11,4,2,0,0,15,2,0,15,2,0,14,3,0,0,17,0,0,17,0,15,2,0,15,0,2,0,15,2,13,2,0,2,0
330510905000184,20,12,8,0,0,0,20,0,0,19,1,0,20,0,0,0,20,0,0,20,0,18,2,0,18,0,2,0,18,2,12,5,1,2,0
330510905000185,27,17,10,0,0,0,27,0,0,25,2,0,26,1,0,2,25,0,0,27,0,26,1,0,24,2,1,2,24,1,19,7,1,0,0
330510905000186,19,12,6,1,0,0,19,0,0,13,6,0,19,0,0,0,19,0,0,19,0,19,0,0,19,0,0,0,19,0,7,6,5,1,0
330510905000187,13,5,7,1,0,0,13,0,0,9,4,0,13,0,0,1,12,0,0,13,0,12,1,0,12,0,1,0,12,1,10,2,0,1,0
330510905000188,8,0,7,1,0,0,8,0,0,7,1,0,8,0,0,0,8,0,0,8,0,8,0,0,6,2,0,0,8,0,6,2,0,0,0
330510905000189,11,8,0,3,0,0,8,3,0,9,2,0,9,2,0,0,11,0,0,11,0,5,6,0,5,0,6,0,5,6,11,0,0,0,0
330510905000190,30,3,4,23,0,0,30,0,0,6,24,0,24,6,0,0,30,0,0,30,0,8,22,0,8,0,22,0,8,22,28,1,1,0,0
330510905000191,26,15,3,8,0,0,24,2,0,10,16,0,23,3,0,0,26,0,0,26,0,9,17,0,9,0,17,0,9,17,23,2,1,0,0
330510905000192,20,8,6,6,0,0,19,1,0,12,8,0,20,0,0,0,20,0,0,20,0,9,11,0,8,1,11,0,9,11,13,4,0,3,0
330510905000193,16,15,1,0,0,0,16,0,0,11,5,0,16,0,0,1,15,0,0,16,0,14,2,0,12,2,2,0,14,2,9,2,1,4,0
330510905000194,8,8,0,0,0,0,8,0,0,8,0,0,8,0,0,1,7,0,0,8,0,8,0,0,7,1,0,0,8,0,1,4,3,0,0
330510905000195,9,5,1,3,0,0,7,2,0,0,9,0,9,0,0,0,9,0,0,9,0,6,3,0,3,3,3,0,6,3,2,6,0,1,0
330510905000196,3,3,0,0,0,0,3,0,0,2,1,0,3,0,0,0,3,0,0,3,0,3,0,0,3,0,0,0,3,0,1,0,1,1,0
330510905000197,9,9,0,0,0,0,9,0,0,9,0,0,9,0,0,1,8,0,0,9,0,9,0,0,9,0,0,0,9,0,6,2,1,0,0
330510905000198,7,7,0,0,0,0,7,0,0,4,3,0,7,0,0,0,7,0,0,7,0,7,0,0,7,0,0,0,7,0,4,1,1,1,0
330510905000199,9,9,0,0,0,0,9,0,0,7,2,0,9,0,0,1,8,0,0,9,0,9,0,0,9,0,0,0,9,0,2,2,3,2,0
330510905000200,7,7,0,0,0,0,7,0,0,7,0,0,7,0,0,2,5,0,1,6,0,7,0,0,5,2,0,2,5,0,1,0,3,3,0
330510905000201,8,8,0,0,0,0,8,0,0,8,0,0,8,0,0,3,5,0,0,8,0,8,0,0,3,5,0,4,4,0,4,4,0,0,0
330510905000202,8,8,0,0,0,0,8,0,0,8,0,0,8,0,0,2,6,0,3,5,0,8,0,0,5,3,0,1,7,0,5,3,0,0,0
330510905000203,11,11,0,0,0,0,11,0,0,10,1,0,10,1,0,2,9,0,0,11,0,11,0,0,9,2,0,0,11,0,3,3,2,3,0
330510905000204,8,6,2,0,0,0,8,0,0,7,1,0,8,0,0,0,8,0,0,8,0,7,1,0,7,0,1,0,7,1,2,2,2,2,0
330510905000205,11,11,0,0,0,0,11,0,0,1,10,0,11,0,0,0,11,0,0,11,0,7,4,0,6,1,4,1,6,4,5,2,3,1,0
330510905000206,7,6,1,0,0,0,7,0,0,1,6,0,6,1,0,0,7,0,0,7,0,4,3,0,3,1,3,0,4,3,2,3,2,0,0
330510905000207,8,8,0,0,0,0,8,0,0,8,0,0,8,0,0,1,7,0,0,8,0,7,1,0,5,2,1,0,7,1,7,1,0,0,0
330510905000208,29,26,3,0,0,0,27,2,0,29,0,0,29,0,0,0,29,0,0,29,0,20,9,0,11,9,9,0,20,9,23,6,0,0,0
330510905000209,18,15,3,0,0,0,18,0,0,18,0,0,18,0,0,0,18,0,0,18,0,18,0,0,13,5,0,0,18,0,13,5,0,0,0
330510905000210,24,8,15,1,0,0,24,0,0,5,19,0,24,0,0,0,24,0,0,24,0,22,2,0,22,0,2,0,22,2,16,5,3,0,0
330510905000211,12,12,0,0,0,0,12,0,0,6,6,0,12,0,0,0,12,0,0,12,0,11,1,0,11,0,1,0,11,1,5,4,3,0,0
330510905000212,13,9,3,1,0,0,13,0,0,8,5,0,13,0,0,2,11,0,0,13,0,13,0,0,13,0,0,0,13,0,6,3,4,0,0
330510905000213,19,7,7,5,0,0,19,0,0,3,16,0,19,0,0,0,19,0,0,19,0,5,14,0,5,0,14,0,5,14,15,2,1,1,0
330510905000214,18,15,2,1,0,0,16,2,0,13,5,0,18,0,0,1,17,0,0,18,0,13,5,0,13,0,5,0,13,5,9,1,2,6,0
330510905000215,9,2,6,1,0,0,8,1,0,4,5,0,8,1,0,1,8,0,1,8,0,5,4,0,3,2,4,0,5,4,4,3,2,0,0
330510905000216,10,5,4,1,0,0,8,2,0,5,5,0,9,1,0,3,7,0,1,9,0,7,3,0,7,0,3,0,7,3,7,2,0,1,0
330510905000217,3,1,2,0,0,0,3,0,0,3,0,0,3,0,0,1,2,0,0,3,0,2,1,0,2,0,1,0,2,1,0,3,0,0,0
330510905000218,11,1,10,0,0,0,10,1,0,7,4,0,10,1,0,0,11,0,0,11,0,8,3,0,8,0,3,0,8,3,9,1,0,1,0
330510905000219,15,3,7,5,0,0,14,1,0,4,11,0,14,1,0,2,13,0,0,15,0,7,8,0,7,0,8,0,7,8,11,3,1,0,0
330510905000221,3,3,0,0,0,0,3,0,0,0,3,0,3,0,0,0,3,0,0,3,0,3,0,0,3,0,0,0,3,0,1,2,0,0,0
330510905000222,16,16,0,0,0,0,16,0,0,16,0,0,16,0,0,3,13,0,4,12,0,16,0,0,12,4,0,0,16,0,3,10,3,0,0
330510905000223,14,14,0,0,0,0,14,0,0,12,2,0,12,2,0,4,10,0,0,14,0,14,0,0,12,2,0,0,14,0,5,7,0,2,0
330510905000224,15,15,0,0,0,0,15,0,0,15,0,0,15,0,0,3,12,0,1,14,0,15,0,0,11,4,0,3,12,0,6,7,1,1,0
330510905000225,4,4,0,0,0,0,4,0,0,3,1,0,4,0,0,1,3,0,0,4,0,3,1,0,2,1,1,0,3,1,2,0,1,1,0
330510905000226,22,17,4,1,0,0,22,0,0,10,12,0,19,3,0,0,22,0,0,22,0,15,7,0,14,1,7,0,15,7,13,6,2,1,0
330510905000228,17,12,4,1,0,0,12,5,0,10,7,0,17,0,0,0,17,0,0,17,0,11,6,0,8,3,6,1,10,6,16,1,0,0,0
330510905000229,16,12,3,1,0,0,14,2,0,14,2,0,16,0,0,0,16,0,0,16,0,15,1,0,15,0,1,0,15,1,10,5,1,0,0
330510905000230,23,22,1,0,0,0,23,0,0,19,4,0,23,0,0,0,23,0,0,23,0,23,0,0,22,1,0,0,23,0,12,8,1,2,0
330510905000231,22,14,6,2,0,0,22,0,0,8,14,0,22,0,0,0,22,0,0,22,0,21,1,0,18,3,1,0,21,1,19,2,1,0,0
330510905000232,30,10,18,2,0,0,30,0,0,26,4,0,29,1,0,2,28,0,0,30,0,16,14,0,9,7,14,0,16,14,26,3,1,0,0
330510905000233,27,11,9,7,0,0,27,0,0,8,19,0,27,0,0,0,27,0,0,27,0,27,0,0,23,4,0,0,27,0,23,4,0,0,0
330510905000234,15,11,4,0,0,0,15,0,0,14,1,0,15,0,0,0,15,0,0,15,0,11,4,0,4,7,4,0,11,4,8,4,2,1,0
330510905000235,14,7,3,4,0,0,13,1,0,10,4,0,11,3,0,0,14,0,0,14,0,7,7,0,7,0,7,0,7,7,8,2,4,0,0
330510905000236,6,1,3,2,0,0,6,0,0,5,1,0,6,0,0,1,5,0,0,6,0,5,1,0,5,0,1,0,5,1,2,2,2,0,0
330510905000237,13,4,7,2,0,0,13,0,0,9,4,0,13,0,0,2,11,0,0,13,0,10,3,0,9,1,3,0,10,3,9,2,2,0,0
330510905000238,14,6,7,1,0,0,14,0,0,11,3,0,14,0,0,4,10,0,0,14,0,12,2,0,12,0,2,0,12,2,9,3,1,1,0
330510905000239,10,8,2,0,0,0,10,0,0,4,6,0,10,0,0,1,9,0,0,10,0,9,1,0,9,0,1,0,9,1,7,3,0,0,0
330510905000240,13,6,7,0,0,0,13,0,0,13,0,0,13,0,0,5,8,0,0,13,0,10,3,0,10,0,3,0,10,3,9,3,1,0,0
330510905000241,13,11,0,2,0,0,13,0,0,8,5,0,13,0,0,0,13,0,0,13,0,11,2,0,11,0,2,0,11,2,8,3,0,2,0
330510905000242,12,11,1,0,0,0,12,0,0,5,7,0,11,1,0,0,12,0,0,12,0,11,1,0,11,0,1,0,11,1,4,4,4,0,0
330510905000243,3,2,1,0,0,0,3,0,0,1,2,0,3,0,0,0,3,0,0,3,0,2,1,0,1,1,1,0,2,1,1,1,1,0,0
330510905000244,2,1,1,0,0,0,2,0,0,1,1,0,2,0,0,0,2,0,0,2,0,2,0,0,2,0,0,0,2,0,2,0,0,0,0
330510905000245,16,12,0,4,0,0,16,0,0,10,6,0,16,0,0,0,16,0,0,16,0,12,4,0,11,1,4,1,11,4,11,3,2,0,0
330510905000246,16,15,1,0,0,0,16,0,0,16,0,0,16,0,0,0,16,0,0,16,0,16,0,0,16,0,0,0,16,0,8,7,1,0,0
330510905000247,17,9,3,5,0,0,17,0,0,13,4,0,17,0,0,0,17,0,0,17,0,17,0,0,15,2,0,0,17,0,13,3,0,1,0
330510905000248,29,19,8,2,0,0,29,0,0,21,8,0,29,0,0,0,29,0,0,29,0,29,0,0,22,7,0,1,28,0,22,6,1,0,0
330510905000249,16,10,3,3,0,0,16,0,0,13,3,0,16,0,0,0,16,0,0,16,0,13,3,0,10,3,3,0,13,3,9,2,3,2,0
330510905000250,32,12,11,9,0,0,23,9,0,21,11,0,29,3,0,0,32,0,0,32,0,15,17,0,7,8,17,1,14,17,22,7,3,0,0
330510905000251,32,5,23,4,0,0,28,4,0,8,24,0,32,0,0,0,32,0,0,32,0,20,12,0,19,1,12,0,20,12,22,7,2,1,0
330510905000252,28,18,5,5,0,0,23,5,0,14,14,0,24,4,0,0,28,0,0,28,0,21,7,0,21,0,7,0,21,7,8,6,1,13,0
330510905000253,12,11,1,0,0,0,12,0,0,10,2,0,12,0,0,1,11,0,0,12,0,12,0,0,12,0,0,0,12,0,3,3,2,4,0
330510905000255,17,1,16,0,0,0,17,0,0,16,1,0,17,0,0,1,16,0,0,17,0,17,0,0,16,1,0,0,17,0,12,5,0,0,0
330510905000256,24,3,16,5,0,0,24,0,0,18,6,0,24,0,0,1,23,0,0,24,0,19,5,0,17,2,5,0,19,5,18,3,1,2,0
330510905000257,18,12,2,4,0,0,16,2,0,12,6,0,18,0,0,2,16,0,0,18,0,12,6,0,12,0,6,0,12,6,10,4,1,3,0
330510905000258,11,4,7,0,0,0,10,1,0,11,0,0,11,0,0,2,9,0,0,11,0,10,1,0,10,0,1,0,10,1,8,0,2,1,0
330510905000259,11,11,0,0,0,0,11,0,0,8,3,0,11,0,0,0,11,0,0,11,0,11,0,0,11,0,0,0,11,0,6,2,1,2,0
330510905000260,32,28,4,0,0,0,32,0,0,27,5,0,32,0,0,1,31,0,0,32,0,31,1,0,31,0,1,0,31,1,13,11,6,2,0
330510905000261,21,21,0,0,0,0,21,0,0,18,3,0,21,0,0,3,18,0,0,21,0,21,0,0,21,0,0,0,21,0,8,7,1,5,0
330510905000262,9,7,1,1,0,0,9,0,0,8,1,0,9,0,0,0,9,0,0,9,0,8,1,0,8,0,1,0,8,1,4,2,0,3,0
330510905000263,18,18,0,0,0,0,18,0,0,18,0,0,18,0,0,1,17,0,0,18,0,18,0,0,18,0,0,0,18,0,6,7,3,2,0
330510905000264,22,16,4,2,0,0,21,1,0,17,5,0,21,1,0,1,21,0,0,22,0,18,4,0,18,0,4,0,18,4,10,8,1,3,0
330510905000265,12,9,3,0,0,0,12,0,0,12,0,0,12,0,0,2,10,0,0,12,0,12,0,0,12,0,0,0,12,0,6,4,0,2,0
330510905000266,9,6,3,0,0,0,9,0,0,6,3,0,9,0,0,1,8,0,0,9,0,9,0,0,9,0,0,0,9,0,4,5,0,0,0
330510905000267,13,6,6,1,0,0,13,0,0,13,0,0,13,0,0,1,12,0,0,13,0,13,0,0,13,0,0,2,11,0,6,6,0,1,0
330510905000268,19,14,0,5,0,0,19,0,0,6,13,0,18,1,0,0,19,0,0,19,0,14,5,0,13,1,5,0,14,5,6,6,2,5,0
330510905000269,24,23,1,0,0,0,24,0,0,24,0,0,24,0,0,3,21,0,0,24,0,23,1,0,21,2,1,0,23,1,12,7,2,3,0
330510905000270,8,8,0,0,0,0,8,0,0,8,0,0,8,0,0,2,6,0,0,8,0,8,0,0,8,0,0,0,8,0,4,4,0,0,0
330510905000271,16,16,0,0,0,0,16,0,0,16,0,0,16,0,0,0,16,0,0,16,0,16,0,0,15,1,0,1,15,0,6,3,4,3,0
330510905000272,24,23,1,0,0,0,24,0,0,20,4,0,24,0,0,4,20,0,0,24,0,24,0,0,24,0,0,0,24,0,13,3,3,5,0
330510905000273,23,17,3,3,0,0,19,4,0,15,8,0,20,3,0,1,22,0,0,23,0,18,5,0,18,0,5,0,18,5,13,4,2,4,0
330510905000274,9,8,1,0,0,0,9,0,0,7,2,0,9,0,0,2,7,0,0,9,0,9,0,0,9,0,0,0,9,0,1,5,0,3,0
330510905000275,9,6,3,0,0,0,9,0,0,8,1,0,9,0,0,1,8,0,0,9,0,9,0,0,5,4,0,2,7,0,8,0,0,1,0
330510905000276,7,7,0,0,0,0,7,0,0,7,0,0,7,0,0,0,7,0,0,7,0,7,0,0,7,0,0,0,7,0,1,4,2,0,0
330510905000277,13,13,0,0,0,0,13,0,0,13,0,0,13,0,0,4,9,0,0,13,0,13,0,0,10,3,0,3,10,0,4,4,5,0,0
330510905000278,9,8,0,1,0,0,7,2,0,6,3,0,9,0,0,1,8,0,0,9,0,6,3,0,6,0,3,0,6,3,3,2,1,3,0
330510905000279,9,8,0,1,0,0,9,0,0,3,6,0,9,0,0,0,9,0,0,9,0,9,0,0,9,0,0,0,9,0,4,1,1,3,0
330510905000280,1,0,1,0,0,0,0,1,0,0,1,0,1,0,0,0,1,0,0,1,0,0,1,0,0,0,1,0,0,1,1,0,0,0,0
330510905000281,1,0,1,0,0,0,0,1,0,0,1,0,1,0,0,0,1,0,0,1,0,0,1,0,0,0,1,0,0,1,1,0,0,0,0
330510905000282,8,8,0,0,0,0,8,0,0,8,0,0,8,0,0,2,6,0,0,8,0,8,0,0,8,0,0,0,8,0,5,2,1,0,0
330510905000283,8,8,0,0,0,0,8,0,0,8,0,0,8,0,0,0,8,0,0,8,0,8,0,0,8,0,0,0,8,0,6,0,1,1,0
330510905000284,20,18,2,0,0,0,20,0,0,14,6,0,20,0,0,1,19,0,0,20,0,18,2,0,17,1,2,3,15,2,9,5,3,3,0
330510905000285,8,6,1,1,0,0,8,0,0,8,0,0,8,0,0,2,6,0,0,8,0,8,0,0,8,0,0,0,8,0,6,1,0,1,0
330510905000286,8,8,0,0,0,0,8,0,0,7,1,0,8,0,0,0,8,0,0,8,0,8,0,0,6,2,0,0,8,0,4,2,1,1,0
330510905000287,12,11,1,0,0,0,12,0,0,12,0,0,12,0,0,0,12,0,0,12,0,12,0,0,10,2,0,0,12,0,10,2,0,0,0
330510905000288,17,17,0,0,0,0,17,0,0,15,2,0,15,2,0,3,14,0,0,17,0,14,3,0,10,4,3,2,12,3,11,3,2,1,0
330510905000289,12,12,0,0,0,0,12,0,0,12,0,0,12,0,0,0,12,0,0,12,0,12,0,0,12,0,0,0,12,0,7,4,1,0,0
330510905000290,12,12,0,0,0,0,12,0,0,10,2,0,12,0,0,0,12,0,0,12,0,12,0,0,11,1,0,0,12,0,5,5,0,2,0
330510905000291,8,8,0,0,0,0,8,0,0,8,0,0,8,0,0,0,8,0,0,8,0,8,0,0,8,0,0,0,8,0,4,2,2,0,0
330510905000293,15,15,0,0,0,0,15,0,0,15,0,0,14,1,0,1,14,0,0,15,0,14,1,0,13,1,1,2,12,1,8,3,2,2,0
330510905000294,10,9,0,1,0,0,9,1,0,7,3,0,9,1,0,1,9,0,0,10,0,9,1,0,9,0,1,0,9,1,7,1,0,2,0
330510905000295,7,6,0,1,0,0,7,0,0,3,4,0,6,1,0,0,7,0,0,7,0,7,0,0,7,0,0,0,7,0,3,2,0,2,0
330510905000296,14,13,0,1,0,0,14,0,0,11,3,0,14,0,0,1,13,0,0,14,0,14,0,0,14,0,0,2,12,0,2,4,2,6,0
330510905000298,19,9,5,5,0,0,19,0,0,13,6,0,19,0,0,0,19,0,0,19,0,15,4,0,14,1,4,0,15,4,12,2,2,3,0
330510905000299,15,7,4,4,0,0,12,3,0,3,12,0,14,1,0,0,15,0,0,15,0,8,7,0,8,0,7,0,8,7,7,3,1,4,0
330510905000300,6,5,1,0,0,0,6,0,0,5,1,0,6,0,0,0,6,0,0,6,0,6,0,0,5,1,0,0,6,0,2,2,1,1,0
330510905000301,4,1,3,0,0,0,4,0,0,1,3,0,4,0,0,0,4,0,0,4,0,4,0,0,4,0,0,0,4,0,1,1,2,0,0
330510905000302,27,24,1,2,0,0,25,2,0,1,26,0,25,2,0,0,27,0,0,27,0,13,14,0,13,0,14,0,13,14,16,8,1,2,0
330510905000303,47,5,14,28,0,0,29,18,0,8,39,0,47,0,0,0,47,0,0,47,0,5,42,0,1,4,42,0,5,42,45,0,1,1,0
330510905000304,5,2,1,2,0,0,4,1,0,2,3,0,4,1,0,0,5,0,0,5,0,3,2,0,3,0,2,0,3,2,3,0,0,2,0
330510905000306,6,3,2,1,0,0,6,0,0,3,3,0,6,0,0,0,6,0,0,6,0,5,1,0,5,0,1,0,5,1,1,5,0,0,0
330510905000307,16,1,11,4,0,0,6,10,0,1,15,0,14,2,0,1,15,0,0,16,0,3,13,0,3,0,13,0,3,13,8,5,3,0,0
330510905000308,9,9,0,0,0,0,9,0,0,9,0,0,9,0,0,2,7,0,0,9,0,9,0,0,7,2,0,2,7,0,4,2,2,1,0
330510905000309,7,0,4,3,0,0,5,2,0,5,2,0,7,0,0,0,7,0,0,7,0,4,3,0,4,0,3,0,4,3,7,0,0,0,0
330510905000310,9,8,1,0,0,0,8,1,0,7,2,0,7,2,0,0,9,0,0,9,0,8,1,0,8,0,1,0,8,1,6,1,1,1,0
330510905000311,19,19,0,0,0,0,19,0,0,18,1,0,19,0,0,0,19,0,0,19,0,19,0,0,17,2,0,0,19,0,14,3,2,0,0
330510905000312,2,2,0,0,0,0,2,0,0,2,0,0,2,0,0,0,2,0,0,2,0,2,0,0,1,1,0,0,2,0,1,0,1,0,0
330510905000313,9,3,5,1,0,0,9,0,0,8,1,0,9,0,0,0,9,0,0,9,0,8,1,0,8,0,1,0,8,1,7,2,0,0,0
330510905000314,8,4,4,0,0,0,8,0,0,7,1,0,8,0,0,0,8,0,0,8,0,7,1,0,5,2,1,0,7,1,4,2,1,1,0
330510905000315,8,8,0,0,0,0,8,0,0,7,1,0,8,0,0,0,8,0,0,8,0,8,0,0,8,0,0,0,8,0,4,3,1,0,0
330510905000316,8,4,2,2,0,0,8,0,0,2,6,0,8,0,0,0,8,0,0,8,0,8,0,0,8,0,0,0,8,0,5,3,0,0,0
330510905000317,8,5,0,3,0,0,8,0,0,7,1,0,8,0,0,0,8,0,0,8,0,8,0,0,8,0,0,0,8,0,7,0,0,1,0
330510905000318,8,6,2,0,0,0,8,0,0,4,4,0,8,0,0,0,8,0,0,8,0,8,0,0,5,3,0,0,8,0,3,3,2,0,0
330510905000319,4,3,1,0,0,0,4,0,0,3,1,0,4,0,0,1,3,0,0,4,0,3,1,0,3,0,1,0,3,1,1,3,0,0,0
330510905000320,8,8,0,0,0,0,8,0,0,2,6,0,8,0,0,0,8,0,0,8,0,8,0,0,8,0,0,2,6,0,4,3,1,0,0
330510905000321,8,5,3,0,0,0,8,0,0,6,2,0,7,1,0,1,7,0,0,8,0,8,0,0,2,6,0,2,6,0,2,4,0,2,0
330510905000322,12,12,0,0,0,0,11,1,0,8,4,0,12,0,0,0,12,0,2,10,0,7,5,0,7,0,5,0,7,5,5,3,2,2,0
330510905000323,5,3,2,0,0,0,5,0,0,5,0,0,5,0,0,0,5,0,0,5,0,5,0,0,4,1,0,0,5,0,3,1,1,0,0
330510905000324,15,12,3,0,0,0,15,0,0,9,6,0,13,2,0,3,12,0,0,15,0,15,0,0,15,0,0,0,15,0,7,3,4,1,0
330510905000325,5,5,0,0,0,0,5,0,0,2,3,0,5,0,0,0,5,0,0,5,0,5,0,0,5,0,0,0,5,0,5,0,0,0,0
330510905000326,9,4,3,2,0,0,9,0,0,5,4,0,9,0,0,1,8,0,0,9,0,7,2,0,7,0,2,0,7,2,5,3,0,1,0
330510905000327,8,8,0,0,0,0,8,0,0,8,0,0,8,0,0,0,8,0,0,8,0,6,2,0,6,0,2,0,6,2,5,1,1,1,0
330510905000328,8,8,0,0,0,0,8,0,0,8,0,0,8,0,0,0,8,0,1,7,0,8,0,0,7,1,0,1,7,0,6,2,0,0,0
330510905000329,12,10,2,0,0,0,12,0,0,12,0,0,12,0,0,0,12,0,0,12,0,11,1,0,6,5,1,0,11,1,6,5,1,0,0
330510905000330,8,2,6,0,0,0,8,0,0,7,1,0,8,0,0,0,8,0,0,8,0,4,4,0,4,0,4,0,4,4,5,2,1,0,0
330510905000331,8,7,0,1,0,0,7,1,0,3,5,0,7,1,0,0,8,0,0,8,0,6,2,0,5,1,2,0,6,2,7,1,0,0,0
330510905000332,8,4,1,3,0,0,5,3,0,4,4,0,6,2,0,0,8,0,0,8,0,4,4,0,3,1,4,0,4,4,5,0,0,3,0
330510905000333,35,23,12,0,0,0,35,0,0,34,1,0,35,0,0,1,34,0,1,34,0,22,13,0,8,14,13,0,22,13,24,10,1,0,0
330510905000334,14,5,2,7,0,0,12,2,0,11,3,0,14,0,0,0,14,0,0,14,0,9,5,0,8,1,5,0,9,5,9,3,0,2,0
330510905000335,15,8,2,5,0,0,14,1,0,6,9,0,15,0,0,0,15,0,0,15,0,7,8,0,7,0,8,0,7,8,9,2,2,2,0
330510905000336,7,7,0,0,0,0,7,0,0,7,0,0,7,0,0,1,6,0,0,7,0,7,0,0,7,0,0,0,7,0,4,2,1,0,0
330510905000337,14,7,5,2,0,0,14,0,0,8,6,0,14,0,0,0,14,0,0,14,0,10,4,0,7,3,4,0,10,4,12,2,0,0,0
330510905000338,28,20,8,0,0,0,28,0,0,28,0,0,28,0,0,0,28,0,0,28,0,18,10,0,14,4,10,0,18,10,22,1,4,1,0
330510905000340,9,9,0,0,0,0,9,0,0,3,6,0,9,0,0,0,9,0,0,9,0,9,0,0,9,0,0,0,9,0,4,4,0,1,0
330510905000341,12,12,0,0,0,0,12,0,0,12,0,0,12,0,0,4,8,0,0,12,0,12,0,0,12,0,0,1,11,0,7,4,1,0,0
330510905000342,12,12,0,0,0,0,12,0,0,11,1,0,12,0,0,0,12,0,0,12,0,12,0,0,12,0,0,1,11,0,6,2,0,4,0
330510905000343,8,8,0,0,0,0,8,0,0,6,2,0,8,0,0,2,6,0,0,8,0,8,0,0,8,0,0,0,8,0,6,0,0,2,0
330510905000344,5,5,0,0,0,0,5,0,0,4,1,0,5,0,0,0,5,0,0,5,0,4,1,0,4,0,1,0,4,1,3,0,1,1,0
330510905000345,4,4,0,0,0,0,4,0,0,4,0,0,4,0,0,0,4,0,0,4,0,4,0,0,4,0,0,0,4,0,2,0,1,1,0
330510905000346,21,11,10,0,0,0,18,3,0,17,4,0,20,1,0,0,21,0,0,21,0,18,3,0,18,0,3,0,18,3,12,6,2,1,0
330510905000347,9,9,0,0,0,0,9,0,0,8,1,0,9,0,0,0,9,0,0,9,0,9,0,0,9,0,0,0,9,0,6,0,2,1,0
330510905000348,5,5,0,0,0,0,5,0,0,5,0,0,5,0,0,0,5,0,0,5,0,5,0,0,5,0,0,3,2,0,3,2,0,0,0
330510905000349,14,3,11,0,0,0,14,0,0,11,3,0,12,2,0,0,14,0,0,14,0,10,4,0,7,3,4,0,10,4,11,2,1,0,0
330510905000350,6,3,3,0,0,0,6,0,0,5,1,0,5,1,0,2,4,0,1,5,0,5,1,0,3,2,1,1,4,1,5,1,0,0,0
330510905000351,4,4,0,0,0,0,4,0,0,3,1,0,3,1,0,0,4,0,0,4,0,4,0,0,4,0,0,0,4,0,4,0,0,0,0
330510905000353,19,19,0,0,0,0,19,0,0,13,6,0,18,1,0,0,19,0,0,19,0,12,7,0,7,5,7,7,5,7,14,1,2,2,0
330510905000354,4,4,0,0,0,0,4,0,0,4,0,0,4,0,0,0,4,0,0,4,0,3,1,0,2,1,1,0,3,1,4,0,0,0,0
330510905000355,25,17,7,1,0,0,24,1,0,25,0,0,25,0,0,0,25,0,0,25,0,22,3,0,18,4,3,0,22,3,16,8,1,0,0
330510905000356,12,12,0,0,0,0,12,0,0,11,1,0,12,0,0,0,12,0,0,12,0,12,0,0,11,1,0,0,12,0,7,5,0,0,0
330510905000357,13,12,0,0,0,1,12,0,1,12,0,1,12,0,1,4,8,1,0,12,1,12,0,1,12,0,1,0,12,1,8,2,0,2,1
330510905000358,1,0,1,0,0,0,0,1,0,0,1,0,1,0,0,1,0,0,0,1,0,0,1,0,0,0,1,0,0,1,1,0,0,0,0
330510905000359,6,2,2,2,0,0,5,1,0,4,2,0,6,0,0,2,4,0,0,6,0,0,6,0,0,0,6,0,0,6,4,0,0,2,0
330510905000360,4,1,1,2,0,0,3,1,0,0,4,0,4,0,0,0,4,0,0,4,0,3,1,0,2,1,1,0,3,1,1,3,0,0,0
330510905000361,11,11,0,0,0,0,11,0,0,4,7,0,11,0,0,0,11,0,0,11,0,11,0,0,11,0,0,1,10,0,4,4,0,3,0
330510905000363,8,8,0,0,0,0,8,0,0,8,0,0,8,0,0,0,8,0,0,8,0,8,0,0,8,0,0,0,8,0,5,2,0,1,0
330510905000364,39,0,5,34,0,0,23,16,0,0,39,0,9,30,0,0,39,0,0,39,0,0,39,0,0,0,39,0,0,39,39,0,0,0,0
330510905000365,3,3,0,0,0,0,3,0,0,3,0,0,3,0,0,1,2,0,0,3,0,3,0,0,3,0,0,0,3,0,2,0,1,0,0
330510905000366,27,15,9,3,0,0,27,0,0,17,10,0,27,0,0,0,27,0,0,27,0,25,2,0,24,1,2,0,25,2,18,6,3,0,0
330510905000367,2,0,2,0,0,0,2,0,0,0,2,0,1,1,0,0,2,0,0,2,0,1,1,0,0,1,1,0,1,1,2,0,0,0,0
330510905000368,6,6,0,0,0,0,6,0,0,5,1,0,6,0,0,0,6,0,0,6,0,6,0,0,6,0,0,0,6,0,2,3,0,1,0
330510905000369,11,11,0,0,0,0,11,0,0,8,3,0,11,0,0,1,10,0,0,11,0,11,0,0,11,0,0,0,11,0,9,2,0,0,0
330510905000370,16,7,6,3,0,0,14,2,0,1,15,0,16,0,0,0,16,0,0,16,0,10,6,0,10,0,6,0,10,6,3,9,0,4,0
330510905000371,7,3,3,1,0,0,7,0,0,4,3,0,7,0,0,0,7,0,0,7,0,4,3,0,4,0,3,0,4,3,2,3,1,1,0
330510905000372,8,8,0,0,0,0,8,0,0,8,0,0,8,0,0,0,8,0,0,8,0,8,0,0,8,0,0,0,8,0,2,4,1,1,0
330510905000373,15,0,10,5,0,0,13,2,0,4,11,0,13,2,0,0,15,0,0,15,0,7,8,0,7,0,8,0,7,8,9,4,0,2,0
330510905000374,25,24,0,1,0,0,25,0,0,25,0,0,23,2,0,10,15,0,5,20,0,25,0,0,2,23,0,16,9,0,20,1,1,3,0
330510905000375,9,9,0,0,0,0,9,0,0,6,3,0,8,1,0,1,8,0,0,9,0,8,1,0,8,0,1,0,8,1,5,2,0,2,0
330510905000376,14,11,2,1,0,0,14,0,0,14,0,0,14,0,0,3,11,0,0,14,0,14,0,0,2,12,0,4,10,0,11,2,1,0,0
330510905000377,16,16,0,0,0,0,16,0,0,16,0,0,16,0,0,3,13,0,0,16,0,16,0,0,11,5,0,0,16,0,9,0,1,6,0
330510905000378,12,12,0,0,0,0,12,0,0,12,0,0,12,0,0,4,8,0,0,12,0,12,0,0,4,8,0,7,5,0,7,2,3,0,0
330510905000379,12,7,3,2,0,0,9,3,0,3,9,0,11,1,0,0,12,0,0,12,0,8,4,0,8,0,4,0,8,4,9,0,2,1,0
330510905000380,12,11,1,0,0,0,12,0,0,6,6,0,12,0,0,0,12,0,0,12,0,9,3,0,6,3,3,0,9,3,10,1,1,0,0
330510905000381,5,2,2,1,0,0,5,0,0,4,1,0,3,2,0,0,5,0,0,5,0,1,4,0,1,0,4,0,1,4,1,2,1,1,0
330510905000382,7,7,0,0,0,0,7,0,0,7,0,0,7,0,0,1,6,0,0,7,0,7,0,0,7,0,0,0,7,0,2,2,3,0,0
330510905000383,11,11,0,0,0,0,11,0,0,11,0,0,11,0,0,2,9,0,0,11,0,10,1,0,9,1,1,2,8,1,7,2,2,0,0
330510905000384,8,8,0,0,0,0,8,0,0,8,0,0,8,0,0,1,7,0,0,8,0,7,1,0,7,0,1,0,7,1,4,1,1,2,0
330510905000385,21,13,7,1,0,0,21,0,0,21,0,0,21,0,0,0,21,0,0,21,0,14,7,0,7,7,7,0,14,7,20,0,1,0,0
330510905000386,7,6,1,0,0,0,7,0,0,7,0,0,7,0,0,1,6,0,0,7,0,6,1,0,1,5,1,0,6,1,6,1,0,0,0
330510905000387,16,7,6,3,0,0,14,2,0,14,2,0,14,2,0,1,15,0,0,16,0,12,4,0,12,0,4,0,12,4,13,3,0,0,0
330510905000388,12,11,0,1,0,0,12,0,0,12,0,0,12,0,0,0,12,0,0,12,0,12,0,0,12,0,0,0,12,0,7,3,0,2,0
330510905000390,9,9,0,0,0,0,9,0,0,9,0,0,9,0,0,0,9,0,2,7,0,9,0,0,9,0,0,3,6,0,4,2,2,1,0
330510905000391,12,8,4,0,0,0,12,0,0,11,1,0,12,0,0,2,10,0,0,12,0,11,1,0,3,8,1,0,11,1,10,2,0,0,0
330510905000392,16,16,0,0,0,0,16,0,0,12,4,0,16,0,0,0,16,0,0,16,0,16,0,0,14,2,0,2,14,0,11,4,1,0,0
330510905000393,8,8,0,0,0,0,8,0,0,8,0,0,8,0,0,1,7,0,1,7,0,8,0,0,8,0,0,0,8,0,5,2,1,0,0
330510905000394,7,7,0,0,0,0,7,0,0,7,0,0,7,0,0,1,6,0,0,7,0,7,0,0,5,2,0,5,2,0,4,1,0,2,0
330510905000395,7,6,0,1,0,0,7,0,0,7,0,0,7,0,0,3,4,0,0,7,0,6,1,0,2,4,1,2,4,1,5,1,0,1,0
330510905000396,21,10,7,4,0,0,13,8,0,7,14,0,17,4,0,0,21,0,0,21,0,8,13,0,8,0,13,0,8,13,17,2,2,0,0
330510905000397,8,8,0,0,0,0,8,0,0,5,3,0,8,0,0,0,8,0,1,7,0,8,0,0,8,0,0,0,8,0,5,3,0,0,0
330510905000398,8,5,1,2,0,0,5,3,0,3,5,0,6,2,0,0,8,0,0,8,0,3,5,0,3,0,5,0,3,5,8,0,0,0,0
330510905000399,7,2,2,3,0,0,7,0,0,4,3,0,5,2,0,0,7,0,0,7,0,2,5,0,2,0,5,0,2,5,6,0,0,1,0
330510905000400,3,3,0,0,0,0,3,0,0,3,0,0,3,0,0,2,1,0,0,3,0,3,0,0,3,0,0,0,3,0,1,0,0,2,0
330510905000401,27,19,6,2,0,0,26,1,0,20,7,0,26,1,0,5,22,0,0,27,0,26,1,0,10,16,1,2,24,1,17,6,1,3,0
330510905000402,8,8,0,0,0,0,6,2,0,6,2,0,8,0,0,5,3,0,0,8,0,6,2,0,6,0,2,0,6,2,0,0,4,4,0
330510905000403,4,4,0,0,0,0,4,0,0,1,3,0,4,0,0,2,2,0,0,4,0,4,0,0,2,2,0,0,4,0,3,0,1,0,0
330510905000404,9,9,0,0,0,0,9,0,0,6,3,0,9,0,0,0,9,0,0,9,0,9,0,0,6,3,0,1,8,0,8,1,0,0,0
330510905000405,13,10,2,1,0,0,13,0,0,5,8,0,13,0,0,0,13,0,0,13,0,13,0,0,13,0,0,4,9,0,4,2,1,6,0
330510905000406,8,8,0,0,0,0,8,0,0,8,0,0,8,0,0,1,7,0,0,8,0,8,0,0,8,0,0,6,2,0,3,4,1,0,0
330510905000407,7,5,0,2,0,0,7,0,0,4,3,0,6,1,0,0,7,0,0,7,0,7,0,0,7,0,0,0,7,0,5,2,0,0,0
330510905000408,17,13,1,3,0,0,15,2,0,6,11,0,15,2,0,0,17,0,0,17,0,7,10,0,7,0,10,0,7,10,13,1,3,0,0
330510905000409,9,9,0,0,0,0,9,0,0,7,2,0,9,0,0,1,8,0,0,9,0,9,0,0,8,1,0,0,9,0,5,0,4,0,0
330510905000410,3,3,0,0,0,0,3,0,0,3,0,0,2,1,0,0,3,0,0,3,0,3,0,0,3,0,0,0,3,0,1,1,1,0,0
330510905000411,14,1,11,2,0,0,8,6,0,1,13,0,13,1,0,0,14,0,0,14,0,5,9,0,5,0,9,0,5,9,7,6,0,1,0
330510905000412,7,2,4,1,0,0,7,0,0,2,5,0,6,1,0,0,7,0,0,7,0,5,2,0,5,0,2,0,5,2,5,1,1,0,0
330510905000413,19,19,0,0,0,0,19,0,0,19,0,0,17,2,0,1,18,0,0,19,0,18,1,0,18,0,1,0,18,1,11,6,2,0,0
330510905000414,5,3,1,1,0,0,3,2,0,3,2,0,3,2,0,0,5,0,0,5,0,2,3,0,2,0,3,0,2,3,5,0,0,0,0
330510905000416,11,6,4,1,0,0,11,0,0,6,5,0,6,5,0,0,11,0,0,11,0,5,6,0,4,1,6,1,4,6,10,0,1,0,0
330510905000417,14,13,0,1,0,0,14,0,0,12,2,0,14,0,0,6,8,0,0,14,0,13,1,0,13,0,1,0,13,1,11,2,0,1,0
330510905000418,6,6,0,0,0,0,5,1,0,0,6,0,6,0,0,0,6,0,0,6,0,5,1,0,5,0,1,0,5,1,6,0,0,0,0
330510905000419,17,0,15,1,0,1,15,1,1,0,16,1,11,5,1,0,16,1,0,16,1,0,16,1,0,0,17,0,0,17,14,2,0,0,1
330510905000420,11,5,4,2,0,0,11,0,0,5,6,0,10,1,0,0,11,0,0,11,0,9,2,0,9,0,2,0,9,2,8,1,1,1,0
330510905000421,4,2,1,1,0,0,4,0,0,0,4,0,3,1,0,0,4,0,0,4,0,3,1,0,3,0,1,0,3,1,2,2,0,0,0
330510905000422,3,2,1,0,0,0,2,1,0,2,1,0,3,0,0,1,2,0,0,3,0,2,1,0,2,0,1,0,2,1,2,0,1,0,0
330510905000423,16,9,6,1,0,0,8,8,0,9,7,0,12,4,0,0,16,0,0,16,0,7,9,0,7,0,9,0,7,9,9,6,0,1,0
330510905000424,20,1,9,10,0,0,9,11,0,0,20,0,18,2,0,0,20,0,0,20,0,0,20,0,0,0,20,0,0,20,19,1,0,0,0
330510905000425,5,0,5,0,0,0,4,1,0,1,4,0,5,0,0,0,5,0,0,5,0,0,5,0,0,0,5,0,0,5,4,1,0,0,0
330510905000426,4,1,2,1,0,0,4,0,0,0,4,0,4,0,0,0,4,0,0,4,0,3,1,0,3,0,1,0,3,1,3,1,0,0,0
330510905000427,14,1,11,2,0,0,14,0,0,12,2,0,14,0,0,0,14,0,0,14,0,11,3,0,11,0,3,1,10,3,10,4,0,0,0
330510905000428,2,0,2,0,0,0,1,1,0,1,1,0,2,0,0,0,2,0,0,2,0,1,1,0,0,1,1,0,1,1,0,0,0,2,0
330510905000429,6,2,3,0,0,1,5,0,1,1,4,1,5,0,1,0,5,1,1,4,1,2,3,1,1,1,4,0,2,4,3,1,0,1,1
330510905000430,4,4,0,0,0,0,4,0,0,3,1,0,4,0,0,0,4,0,0,4,0,4,0,0,4,0,0,0,4,0,4,0,0,0,0
330510905000431,6,4,2,0,0,0,6,0,0,1,5,0,4,2,0,0,6,0,0,6,0,6,0,0,6,0,0,0,6,0,4,1,1,0,0
330510905000432,10,1,1,8,0,0,8,2,0,5,5,0,10,0,0,0,10,0,0,10,0,5,5,0,4,1,5,0,5,5,8,2,0,0,0
330510905000433,3,3,0,0,0,0,3,0,0,2,1,0,3,0,0,0,3,0,0,3,0,3,0,0,3,0,0,0,3,0,1,0,0,2,0
330510905000434,2,2,0,0,0,0,2,0,0,1,1,0,2,0,0,1,1,0,0,2,0,2,0,0,1,1,0,0,2,0,2,0,0,0,0
330510905000436,19,19,0,0,0,0,19,0,0,18,1,0,15,4,0,2,17,0,0,19,0,19,0,0,17,2,0,0,19,0,11,3,1,4,0
330510905000437,8,6,0,2,0,0,8,0,0,6,2,0,8,0,0,2,6,0,0,8,0,6,2,0,2,4,2,3,3,2,7,0,1,0,0
330510905000438,4,3,0,1,0,0,4,0,0,3,1,0,4,0,0,2,2,0,0,4,0,3,1,0,0,3,1,2,1,1,4,0,0,0,0
330510905000439,8,2,6,0,0,0,8,0,0,6,2,0,8,0,0,1,7,0,0,8,0,6,2,0,6,0,2,0,6,2,6,2,0,0,0
330510905000440,16,2,12,2,0,0,6,10,0,1,15,0,14,2,0,0,16,0,0,16,0,0,16,0,0,0,16,0,0,16,7,3,3,3,0
330510905000441,5,5,0,0,0,0,5,0,0,4,1,0,5,0,0,1,4,0,0,5,0,3,2,0,3,0,2,0,3,2,4,0,0,1,0
330510905000442,17,17,0,0,0,0,15,2,0,3,14,0,15,2,0,1,16,0,0,17,0,12,5,0,9,3,5,0,12,5,15,2,0,0,0
330510905000443,18,4,5,9,0,0,18,0,0,2,16,0,9,9,0,1,17,0,0,18,0,7,11,0,7,0,11,0,7,11,13,4,0,1,0
330510905000444,2,1,0,1,0,0,2,0,0,1,1,0,1,1,0,0,2,0,0,2,0,1,1,0,1,0,1,0,1,1,0,2,0,0,0
330510910000001,8,8,0,0,0,0,8,0,0,8,0,0,8,0,0,0,8,0,0,8,0,8,0,0,7,1,0,0,8,0,4,1,2,1,0
330510910000002,16,16,0,0,0,0,16,0,0,16,0,0,16,0,0,0,16,0,0,16,0,14,2,0,13,1,2,0,14,2,11,3,1,1,0
330510910000003,8,7,0,1,0,0,8,0,0,8,0,0,7,1,0,0,8,0,0,8,0,6,2,0,5,1,2,0,6,2,5,3,0,0,0
330510910000004,14,12,0,1,0,1,13,0,1,12,1,1,12,1,1,3,10,1,0,13,1,10,3,1,4,6,4,1,9,4,9,2,1,1,1
330510910000005,9,9,0,0,0,0,9,0,0,8,1,0,9,0,0,1,8,0,0,9,0,9,0,0,2,7,0,1,8,0,4,1,1,3,0
330510910000006,12,10,0,2,0,0,12,0,0,12,0,0,12,0,0,3,9,0,0,12,0,11,1,0,9,2,1,0,11,1,8,2,1,1,0
330510910000007,8,8,0,0,0,0,8,0,0,8,0,0,8,0,0,2,6,0,0,8,0,8,0,0,8,0,0,0,8,0,7,1,0,0,0
330510910000008,12,12,0,0,0,0,12,0,0,12,0,0,12,0,0,1,11,0,0,12,0,12,0,0,10,2,0,5,7,0,4,7,0,1,0
330510910000009,8,8,0,0,0,0,8,0,0,8,0,0,8,0,0,0,8,0,0,8,0,8,0,0,4,4,0,1,7,0,5,3,0,0,0
330510910000010,8,7,0,0,0,1,7,0,1,7,0,1,7,0,1,1,6,1,0,7,1,6,1,1,6,0,2,0,6,2,4,2,0,1,1
330510910000011,8,8,0,0,0,0,8,0,0,8,0,0,8,0,0,2,6,0,0,8,0,8,0,0,8,0,0,0,8,0,2,2,1,3,0
330510910000012,12,12,0,0,0,0,12,0,0,11,1,0,12,0,0,0,12,0,0,12,0,12,0,0,12,0,0,0,12,0,1,5,4,2,0
330510910000013,19,13,6,0,0,0,17,2,0,13,6,0,19,0,0,0,19,0,0,19,0,8,11,0,6,2,11,0,8,11,16,3,0,0,0
330510910000014,11,9,1,1,0,0,11,0,0,9,2,0,10,1,0,1,10,0,0,11,0,8,3,0,3,5,3,0,8,3,10,1,0,0,0
330510910000015,17,16,0,1,0,0,17,0,0,1,16,0,17,0,0,0,17,0,0,17,0,16,1,0,11,5,1,0,16,1,13,4,0,0,0
330510910000016,4,4,0,0,0,0,4,0,0,3,1,0,4,0,0,0,4,0,0,4,0,4,0,0,3,1,0,0,4,0,3,1,0,0,0
330510910000017,13,13,0,0,0,0,13,0,0,3,10,0,13,0,0,2,11,0,0,13,0,13,0,0,9,4,0,1,12,0,12,0,0,1,0
330510910000018,8,8,0,0,0,0,8,0,0,7,1,0,8,0,0,1,7,0,0,8,0,8,0,0,4,4,0,0,8,0,7,1,0,0,0
330510910000019,12,12,0,0,0,0,12,0,0,9,3,0,12,0,0,2,10,0,0,12,0,12,0,0,2,10,0,1,11,0,7,4,1,0,0
330510910000020,19,19,0,0,0,0,19,0,0,9,10,0,19,0,0,0,19,0,0,19,0,19,0,0,0,19,0,0,19,0,13,3,1,2,0
330510910000021,20,20,0,0,0,0,20,0,0,1,19,0,20,0,0,0,20,0,0,20,0,20,0,0,3,17,0,0,20,0,13,6,1,0,0
330510910000022,16,16,0,0,0,0,16,0,0,4,12,0,16,0,0,1,15,0,0,16,0,16,0,0,2,14,0,0,16,0,12,4,0,0,0
330510910000023,30,30,0,0,0,0,30,0,0,4,26,0,30,0,0,0,30,0,0,30,0,29,1,0,4,25,1,0,29,1,18,8,2,2,0
330510910000024,11,11,0,0,0,0,11,0,0,5,6,0,11,0,0,0,11,0,0,11,0,11,0,0,1,10,0,0,11,0,10,1,0,0,0
330510910000025,8,8,0,0,0,0,8,0,0,6,2,0,8,0,0,0,8,0,0,8,0,8,0,0,0,8,0,0,8,0,5,2,1,0,0
330510910000026,12,12,0,0,0,0,12,0,0,12,0,0,12,0,0,1,11,0,0,12,0,11,1,0,11,0,1,0,11,1,2,6,2,2,0
330510910000027,15,15,0,0,0,0,15,0,0,15,0,0,15,0,0,1,14,0,0,15,0,12,3,0,11,1,3,0,12,3,2,7,3,3,0
330510910000028,8,8,0,0,0,0,8,0,0,8,0,0,8,0,0,1,7,0,0,8,0,8,0,0,7,1,0,0,8,0,2,3,2,1,0
330510910000030,8,7,0,1,0,0,8,0,0,3,5,0,8,0,0,0,8,0,0,8,0,8,0,0,8,0,0,1,7,0,3,5,0,0,0
330510910000031,29,20,8,1,0,0,29,0,0,13,16,0,28,1,0,3,26,0,0,29,0,25,4,0,12,13,4,0,25,4,18,7,2,2,0
330510910000032,9,9,0,0,0,0,9,0,0,5,4,0,9,0,0,2,7,0,0,9,0,9,0,0,6,3,0,2,7,0,5,1,2,1,0
330510910000033,12,12,0,0,0,0,12,0,0,10,2,0,12,0,0,1,11,0,0,12,0,11,1,0,1,10,1,2,9,1,8,4,0,0,0
330510910000034,16,16,0,0,0,0,16,0,0,6,10,0,16,0,0,0,16,0,0,16,0,16,0,0,5,11,0,0,16,0,10,6,0,0,0
330510910000035,24,24,0,0,0,0,24,0,0,14,10,0,23,1,0,0,24,0,0,24,0,24,0,0,24,0,0,1,23,0,16,7,1,0,0
330510910000036,4,3,1,0,0,0,3,1,0,4,0,0,4,0,0,0,4,0,0,4,0,2,2,0,2,0,2,0,2,2,0,3,1,0,0
330510910000037,8,7,1,0,0,0,7,1,0,8,0,0,8,0,0,0,8,0,0,8,0,7,1,0,6,1,1,0,7,1,4,3,1,0,0
330510910000038,4,4,0,0,0,0,4,0,0,4,0,0,4,0,0,1,3,0,0,4,0,4,0,0,2,2,0,0,4,0,4,0,0,0,0
330510910000039,4,4,0,0,0,0,4,0,0,3,1,0,4,0,0,1,3,0,0,4,0,4,0,0,4,0,0,0,4,0,2,1,0,1,0
330510910000040,8,8,0,0,0,0,8,0,0,6,2,0,8,0,0,0,8,0,0,8,0,8,0,0,8,0,0,0,8,0,4,1,2,1,0
330510910000041,8,8,0,0,0,0,8,0,0,1,7,0,8,0,0,0,8,0,0,8,0,7,1,0,7,0,1,0,7,1,3,5,0,0,0
330510910000042,23,19,4,0,0,0,21,2,0,13,10,0,23,0,0,2,21,0,0,23,0,23,0,0,20,3,0,5,18,0,13,4,3,3,0
330510910000043,24,24,0,0,0,0,24,0,0,12,12,0,24,0,0,2,22,0,0,24,0,24,0,0,2,22,0,2,22,0,11,10,1,2,0
330510910000044,26,25,1,0,0,0,26,0,0,13,13,0,26,0,0,0,26,0,0,26,0,25,1,0,0,25,1,1,24,1,17,8,1,0,0
330510910000045,9,9,0,0,0,0,9,0,0,9,0,0,9,0,0,0,9,0,1,8,0,8,1,0,0,8,1,0,8,1,5,2,2,0,0
330510910000046,16,16,0,0,0,0,16,0,0,9,7,0,16,0,0,0,16,0,0,16,0,15,1,0,1,14,1,0,15,1,9,5,2,0,0
330510910000047,19,19,0,0,0,0,19,0,0,11,8,0,19,0,0,0,19,0,0,19,0,19,0,0,0,19,0,0,19,0,13,5,1,0,0
330510910000048,12,12,0,0,0,0,12,0,0,12,0,0,12,0,0,1,11,0,0,12,0,12,0,0,11,1,0,0,12,0,12,0,0,0,0
330510910000049,5,5,0,0,0,0,5,0,0,4,1,0,5,0,0,0,5,0,0,5,0,5,0,0,5,0,0,0,5,0,2,1,1,1,0
330510910000050,17,17,0,0,0,0,17,0,0,14,3,0,16,1,0,0,17,0,0,17,0,16,1,0,15,1,1,0,16,1,9,3,1,4,0
330510910000051,21,21,0,0,0,0,21,0,0,20,1,0,21,0,0,2,19,0,0,21,0,21,0,0,13,8,0,2,19,0,10,8,3,0,0
330510910000052,16,16,0,0,0,0,16,0,0,13,3,0,16,0,0,2,14,0,0,16,0,16,0,0,10,6,0,5,11,0,8,4,2,2,0
330510910000054,12,11,1,0,0,0,12,0,0,12,0,0,12,0,0,0,12,0,0,12,0,11,1,0,9,2,1,0,11,1,9,3,0,0,0
330510910000055,11,10,1,0,0,0,10,1,0,10,1,0,11,0,0,2,9,0,0,11,0,7,4,0,7,0,4,0,7,4,8,2,1,0,0
330510910000056,8,8,0,0,0,0,8,0,0,8,0,0,8,0,0,0,8,0,0,8,0,8,0,0,8,0,0,0,8,0,3,5,0,0,0
330510910000057,4,4,0,0,0,0,4,0,0,4,0,0,4,0,0,1,3,0,0,4,0,4,0,0,4,0,0,0,4,0,2,1,1,0,0
330510910000058,12,12,0,0,0,0,12,0,0,12,0,0,12,0,0,0,12,0,0,12,0,12,0,0,9,3,0,0,12,0,8,3,0,1,0
330510910000059,8,7,1,0,0,0,8,0,0,7,1,0,8,0,0,0,8,0,0,8,0,8,0,0,4,4,0,8,0,0,6,2,0,0,0
330510910000060,4,4,0,0,0,0,4,0,0,3,1,0,4,0,0,0,4,0,0,4,0,4,0,0,3,1,0,2,2,0,4,0,0,0,0
330510910000061,8,8,0,0,0,0,8,0,0,8,0,0,8,0,0,0,8,0,0,8,0,8,0,0,3,5,0,0,8,0,3,3,1,1,0
330510910000062,20,16,4,0,0,0,20,0,0,20,0,0,20,0,0,1,19,0,0,20,0,15,5,0,8,7,5,1,14,5,12,6,2,0,0
330510910000063,15,12,3,0,0,0,15,0,0,10,5,0,15,0,0,0,15,0,0,15,0,15,0,0,4,11,0,1,14,0,9,3,3,0,0
330510910000064,14,14,0,0,0,0,14,0,0,14,0,0,14,0,0,2,12,0,0,14,0,14,0,0,9,5,0,2,12,0,9,2,2,1,0
330510910000065,12,12,0,0,0,0,12,0,0,12,0,0,12,0,0,1,11,0,0,12,0,12,0,0,7,5,0,0,12,0,5,2,3,2,0
330510910000066,12,12,0,0,0,0,12,0,0,12,0,0,12,0,0,0,12,0,0,12,0,11,1,0,6,5,1,1,10,1,7,2,1,2,0
330510910000067,12,12,0,0,0,0,12,0,0,9,3,0,12,0,0,0,12,0,0,12,0,12,0,0,12,0,0,0,12,0,4,6,0,2,0
330510910000068,8,8,0,0,0,0,8,0,0,7,1,0,8,0,0,0,8,0,0,8,0,8,0,0,8,0,0,1,7,0,3,5,0,0,0
330510910000069,4,4,0,0,0,0,4,0,0,4,0,0,4,0,0,0,4,0,0,4,0,4,0,0,1,3,0,0,4,0,1,2,1,0,0
330510910000070,9,8,0,1,0,0,9,0,0,7,2,0,9,0,0,0,9,0,0,9,0,9,0,0,6,3,0,8,1,0,5,3,0,1,0
330510910000071,9,8,0,1,0,0,9,0,0,4,5,0,9,0,0,0,9,0,0,9,0,9,0,0,5,4,0,8,1,0,8,1,0,0,0
330510910000072,12,12,0,0,0,0,12,0,0,2,10,0,12,0,0,0,12,0,0,12,0,12,0,0,7,5,0,12,0,0,5,2,2,3,0
330510910000073,13,13,0,0,0,0,13,0,0,8,5,0,13,0,0,0,13,0,0,13,0,13,0,0,6,7,0,13,0,0,7,2,2,2,0
330510910000074,8,8,0,0,0,0,8,0,0,8,0,0,8,0,0,0,8,0,0,8,0,7,1,0,4,3,1,7,0,1,5,2,0,1,0
330510910000075,4,4,0,0,0,0,4,0,0,3,1,0,4,0,0,0,4,0,0,4,0,4,0,0,4,0,0,4,0,0,0,2,1,1,0
330510910000076,12,12,0,0,0,0,12,0,0,12,0,0,12,0,0,0,12,0,0,12,0,12,0,0,10,2,0,0,12,0,4,4,2,2,0
330510910000077,15,15,0,0,0,0,15,0,0,15,0,0,15,0,0,0,15,0,0,15,0,15,0,0,9,6,0,0,15,0,5,5,4,1,0
330510910000078,20,16,4,0,0,0,20,0,0,16,4,0,20,0,0,0,20,0,0,20,0,20,0,0,3,17,0,2,18,0,11,7,1,1,0
330510910000079,20,17,3,0,0,0,20,0,0,20,0,0,20,0,0,0,20,0,0,20,0,19,1,0,7,12,1,0,19,1,11,7,2,0,0
330510910000080,17,16,1,0,0,0,17,0,0,12,5,0,17,0,0,0,17,0,0,17,0,17,0,0,2,15,0,0,17,0,13,2,1,1,0
330510910000081,25,25,0,0,0,0,25,0,0,22,3,0,25,0,0,1,24,0,0,25,0,25,0,0,6,19,0,2,23,0,13,4,4,4,0
330510910000082,32,30,2,0,0,0,32,0,0,30,2,0,30,2,0,0,32,0,0,32,0,32,0,0,5,27,0,0,32,0,20,8,2,2,0
330510910000083,20,18,2,0,0,0,20,0,0,18,2,0,20,0,0,0,20,0,0,20,0,19,1,0,8,11,1,0,19,1,12,7,1,0,0
330510910000084,25,24,0,1,0,0,25,0,0,21,4,0,23,2,0,0,25,0,0,25,0,25,0,0,4,21,0,0,25,0,12,10,2,1,0
330510910000085,29,29,0,0,0,0,29,0,0,26,3,0,28,1,0,3,26,0,0,29,0,29,0,0,3,26,0,3,26,0,16,8,3,2,0
330510910000086,24,24,0,0,0,0,24,0,0,22,2,0,23,1,0,0,24,0,0,24,0,24,0,0,4,20,0,0,24,0,15,5,4,0,0
330510910000087,5,5,0,0,0,0,5,0,0,5,0,0,5,0,0,0,5,0,0,5,0,5,0,0,5,0,0,0,5,0,4,0,0,1,0
330510910000088,8,6,2,0,0,0,8,0,0,8,0,0,8,0,0,0,8,0,0,8,0,8,0,0,8,0,0,0,8,0,2,5,1,0,0
330510910000089,8,8,0,0,0,0,8,0,0,8,0,0,8,0,0,1,7,0,0,8,0,8,0,0,8,0,0,0,8,0,4,4,0,0,0
330510910000090,9,6,3,0,0,0,9,0,0,9,0,0,9,0,0,0,9,0,0,9,0,9,0,0,9,0,0,0,9,0,6,1,1,1,0
330510910000091,8,8,0,0,0,0,8,0,0,8,0,0,8,0,0,0,8,0,0,8,0,8,0,0,8,0,0,0,8,0,5,2,1,0,0
330510910000092,15,15,0,0,0,0,15,0,0,15,0,0,15,0,0,0,15,0,0,15,0,15,0,0,15,0,0,0,15,0,10,3,1,1,0
330510910000093,12,9,3,0,0,0,12,0,0,9,3,0,12,0,0,0,12,0,0,12,0,12,0,0,12,0,0,0,12,0,7,2,0,3,0
330510910000094,12,12,0,0,0,0,12,0,0,9,3,0,12,0,0,0,12,0,0,12,0,12,0,0,12,0,0,0,12,0,6,3,2,1,0
330510910000095,22,21,1,0,0,0,22,0,0,17,5,0,22,0,0,0,22,0,0,22,0,22,0,0,22,0,0,0,22,0,18,4,0,0,0
330510910000096,11,10,1,0,0,0,11,0,0,10,1,0,11,0,0,0,11,0,0,11,0,10,1,0,10,0,1,0,10,1,10,1,0,0,0
330510910000099,16,10,6,0,0,0,16,0,0,3,13,0,16,0,0,0,16,0,1,15,0,11,5,0,11,0,5,0,11,5,11,5,0,0,0
330510910000102,8,8,0,0,0,0,8,0,0,5,3,0,8,0,0,2,6,0,0,8,0,7,1,0,7,0,1,0,7,1,4,3,0,1,0
330510910000103,18,3,15,0,0,0,18,0,0,1,17,0,18,0,0,0,18,0,0,18,0,13,5,0,13,0,5,0,13,5,12,6,0,0,0
330510910000104,13,8,5,0,0,0,13,0,0,7,6,0,13,0,0,0,13,0,0,13,0,7,6,0,7,0,6,0,7,6,4,8,0,1,0
330510910000105,10,6,4,0,0,0,10,0,0,7,3,0,10,0,0,1,9,0,0,10,0,8,2,0,8,0,2,0,8,2,8,2,0,0,0
330510910000106,18,16,2,0,0,0,18,0,0,8,10,0,18,0,0,0,18,0,1,17,0,14,4,0,14,0,4,1,13,4,11,4,2,1,0
330510910000107,18,14,4,0,0,0,18,0,0,12,6,0,18,0,0,0,18,0,0,18,0,17,1,0,17,0,1,0,17,1,10,3,1,4,0
330510910000108,17,17,0,0,0,0,17,0,0,14,3,0,17,0,0,1,16,0,0,17,0,17,0,0,6,11,0,1,16,0,10,6,1,0,0
330510910000109,20,20,0,0,0,0,20,0,0,0,20,0,20,0,0,0,20,0,0,20,0,20,0,0,19,1,0,0,20,0,17,0,3,0,0
330510910000110,72,27,4,1,0,40,30,2,40,8,24,40,32,0,40,1,31,40,2,30,40,20,12,40,17,3,52,5,15,52,22,8,2,0,40
330510910000111,21,19,2,0,0,0,21,0,0,19,2,0,21,0,0,0,21,0,0,21,0,21,0,0,19,2,0,0,21,0,19,2,0,0,0
330510910000112,15,6,9,0,0,0,15,0,0,6,9,0,13,2,0,1,14,0,0,15,0,8,7,0,8,0,7,0,8,7,14,1,0,0,0
330510910000113,17,13,4,0,0,0,17,0,0,11,6,0,17,0,0,0,17,0,0,17,0,14,3,0,13,1,3,0,14,3,12,4,1,0,0
330510910000114,11,7,0,4,0,0,11,0,0,0,11,0,11,0,0,2,9,0,0,11,0,7,4,0,6,1,4,0,7,4,8,2,1,0,0
330510910000116,5,5,0,0,0,0,5,0,0,5,0,0,5,0,0,1,4,0,0,5,0,5,0,0,2,3,0,3,2,0,3,1,0,1,0
330510910000117,11,11,0,0,0,0,11,0,0,10,1,0,11,0,0,0,11,0,0,11,0,11,0,0,11,0,0,0,11,0,4,5,2,0,0
330510910000118,8,8,0,0,0,0,8,0,0,5,3,0,8,0,0,0,8,0,0,8,0,8,0,0,6,2,0,4,4,0,3,3,1,1,0
330510910000119,19,19,0,0,0,0,19,0,0,18,1,0,19,0,0,1,18,0,0,19,0,19,0,0,12,7,0,6,13,0,14,4,1,0,0
330510910000120,19,19,0,0,0,0,19,0,0,16,3,0,19,0,0,0,19,0,0,19,0,19,0,0,18,1,0,0,19,0,16,1,2,0,0
330510910000121,17,17,0,0,0,0,17,0,0,12,5,0,17,0,0,0,17,0,0,17,0,17,0,0,16,1,0,0,17,0,14,3,0,0,0
330510910000122,17,17,0,0,0,0,17,0,0,8,9,0,17,0,0,0,17,0,0,17,0,17,0,0,15,2,0,0,17,0,11,5,0,1,0
330510910000123,17,17,0,0,0,0,16,1,0,10,7,0,17,0,0,0,17,0,0,17,0,16,1,0,16,0,1,0,16,1,12,2,1,2,0
330510910000124,13,11,2,0,0,0,13,0,0,8,5,0,13,0,0,0,13,0,0,13,0,11,2,0,11,0,2,0,11,2,10,3,0,0,0
330510910000125,13,12,1,0,0,0,11,2,0,7,6,0,13,0,0,0,13,0,0,13,0,11,2,0,10,1,2,0,11,2,10,2,0,1,0
330510910000126,12,12,0,0,0,0,12,0,0,8,4,0,12,0,0,0,12,0,0,12,0,12,0,0,12,0,0,0,12,0,9,3,0,0,0
330510910000127,18,15,3,0,0,0,14,4,0,16,2,0,18,0,0,0,18,0,0,18,0,14,4,0,14,0,4,0,14,4,11,6,1,0,0
330510910000128,8,8,0,0,0,0,8,0,0,3,5,0,8,0,0,0,8,0,0,8,0,8,0,0,8,0,0,0,8,0,4,1,2,1,0
330510910000129,12,12,0,0,0,0,12,0,0,11,1,0,12,0,0,0,12,0,0,12,0,12,0,0,12,0,0,0,12,0,8,3,0,1,0
330510910000130,29,29,0,0,0,0,29,0,0,29,0,0,29,0,0,1,28,0,0,29,0,29,0,0,7,22,0,1,28,0,20,5,3,1,0
330510910000131,14,12,0,2,0,0,14,0,0,13,1,0,14,0,0,0,14,0,0,14,0,12,2,0,7,5,2,12,0,2,7,4,1,2,0
330510910000132,8,8,0,0,0,0,8,0,0,7,1,0,8,0,0,0,8,0,0,8,0,8,0,0,3,5,0,8,0,0,5,1,2,0,0
330510910000133,10,10,0,0,0,0,10,0,0,9,1,0,10,0,0,2,8,0,0,10,0,10,0,0,9,1,0,3,7,0,4,4,2,0,0
330510910000134,8,8,0,0,0,0,8,0,0,5,3,0,8,0,0,3,5,0,0,8,0,7,1,0,6,1,1,0,7,1,4,1,1,2,0
330510910000135,24,24,0,0,0,0,24,0,0,18,6,0,24,0,0,1,23,0,0,24,0,24,0,0,21,3,0,0,24,0,5,7,3,9,0
330510910000136,8,8,0,0,0,0,8,0,0,7,1,0,8,0,0,0,8,0,0,8,0,8,0,0,7,1,0,0,8,0,1,6,0,1,0
330510910000137,8,8,0,0,0,0,8,0,0,5,3,0,8,0,0,0,8,0,0,8,0,8,0,0,8,0,0,0,8,0,3,2,2,1,0
330510910000138,13,13,0,0,0,0,13,0,0,11,2,0,13,0,0,0,13,0,0,13,0,13,0,0,12,1,0,0,13,0,3,2,4,4,0
330510910000139,6,6,0,0,0,0,6,0,0,4,2,0,6,0,0,0,6,0,0,6,0,6,0,0,6,0,0,0,6,0,2,1,1,2,0
330510910000140,16,16,0,0,0,0,16,0,0,15,1,0,16,0,0,1,15,0,0,16,0,16,0,0,16,0,0,0,16,0,2,9,3,2,0
330510910000141,8,8,0,0,0,0,8,0,0,8,0,0,8,0,0,0,8,0,0,8,0,8,0,0,8,0,0,0,8,0,3,3,2,0,0
330510910000143,20,20,0,0,0,0,20,0,0,18,2,0,20,0,0,4,16,0,0,20,0,20,0,0,9,11,0,8,12,0,3,5,9,3,0
330510910000144,8,8,0,0,0,0,8,0,0,7,1,0,8,0,0,0,8,0,0,8,0,8,0,0,7,1,0,4,4,0,5,1,0,2,0
330510910000145,11,9,2,0,0,0,11,0,0,10,1,0,11,0,0,5,6,0,0,11,0,9,2,0,8,1,2,0,9,2,4,4,0,3,0
330510910000146,4,4,0,0,0,0,4,0,0,4,0,0,4,0,0,2,2,0,0,4,0,4,0,0,2,2,0,1,3,0,2,0,2,0,0
330510910000147,8,8,0,0,0,0,8,0,0,8,0,0,8,0,0,1,7,0,0,8,0,8,0,0,6,2,0,4,4,0,1,2,5,0,0
330510910000149,12,11,0,1,0,0,12,0,0,11,1,0,12,0,0,2,10,0,0,12,0,12,0,0,11,1,0,0,12,0,2,3,2,5,0
330510910000150,8,1,4,3,0,0,8,0,0,0,8,0,8,0,0,0,8,0,0,8,0,0,8,0,0,0,8,0,0,8,8,0,0,0,0
330510910000151,5,2,1,2,0,0,5,0,0,0,5,0,5,0,0,0,5,0,0,5,0,0,5,0,0,0,5,0,0,5,4,0,1,0,0
330510910000153,8,8,0,0,0,0,8,0,0,8,0,0,8,0,0,2,6,0,0,8,0,8,0,0,8,0,0,3,5,0,4,3,1,0,0
330510910000154,4,4,0,0,0,0,4,0,0,4,0,0,4,0,0,1,3,0,0,4,0,4,0,0,3,1,0,0,4,0,2,2,0,0,0
330510910000155,11,11,0,0,0,0,11,0,0,5,6,0,11,0,0,1,10,0,1,10,0,11,0,0,9,2,0,2,9,0,4,4,1,2,0
330510910000156,15,13,1,1,0,0,14,1,0,11,4,0,14,1,0,2,13,0,0,15,0,13,2,0,12,1,2,5,8,2,8,4,0,3,0
330510910000157,11,11,0,0,0,0,11,0,0,11,0,0,11,0,0,1,10,0,0,11,0,11,0,0,11,0,0,9,2,0,5,3,2,1,0
330510910000158,9,9,0,0,0,0,9,0,0,8,1,0,9,0,0,1,8,0,0,9,0,9,0,0,6,3,0,4,5,0,7,2,0,0,0
330510910000159,14,13,1,0,0,0,14,0,0,12,2,0,14,0,0,6,8,0,1,13,0,14,0,0,12,2,0,2,12,0,9,5,0,0,0
330510910000160,8,8,0,0,0,0,8,0,0,6,2,0,8,0,0,1,7,0,0,8,0,8,0,0,5,3,0,1,7,0,4,2,1,1,0
330510910000161,12,12,0,0,0,0,12,0,0,10,2,0,11,1,0,1,11,0,0,12,0,10,2,0,4,6,2,1,9,2,8,4,0,0,0
330510910000162,8,8,0,0,0,0,8,0,0,8,0,0,8,0,0,0,8,0,0,8,0,8,0,0,4,4,0,0,8,0,4,3,1,0,0
330510910000165,25,23,2,0,0,0,25,0,0,17,8,0,25,0,0,2,23,0,0,25,0,23,2,0,21,2,2,2,21,2,20,4,0,1,0
330510910000166,17,17,0,0,0,0,17,0,0,10,7,0,17,0,0,3,14,0,0,17,0,17,0,0,17,0,0,4,13,0,8,4,4,1,0
330510910000167,16,15,1,0,0,0,16,0,0,5,11,0,16,0,0,0,16,0,0,16,0,16,0,0,16,0,0,4,12,0,7,6,2,1,0
330510910000168,15,13,2,0,0,0,13,2,0,4,11,0,15,0,0,0,15,0,0,15,0,13,2,0,9,4,2,13,0,2,7,3,3,2,0
330510910000169,8,8,0,0,0,0,8,0,0,8,0,0,8,0,0,1,7,0,0,8,0,8,0,0,6,2,0,0,8,0,7,1,0,0,0
330510910000171,16,15,0,0,0,1,15,0,1,15,0,1,15,0,1,2,13,1,0,15,1,14,1,1,12,2,2,2,12,2,10,4,0,1,1
330510910000173,17,17,0,0,0,0,17,0,0,17,0,0,16,1,0,0,17,0,0,17,0,17,0,0,14,3,0,1,16,0,13,4,0,0,0
330510910000174,14,14,0,0,0,0,14,0,0,13,1,0,14,0,0,0,14,0,0,14,0,14,0,0,13,1,0,0,14,0,7,3,3,1,0
330510910000175,21,21,0,0,0,0,21,0,0,16,5,0,21,0,0,3,18,0,0,21,0,19,2,0,18,1,2,0,19,2,16,2,2,1,0
330510910000176,1,1,0,0,0,0,1,0,0,0,1,0,1,0,0,0,1,0,0,1,0,0,1,0,0,0,1,0,0,1,1,0,0,0,0
330510910000177,7,6,1,0,0,0,7,0,0,7,0,0,7,0,0,0,7,0,0,7,0,6,1,0,6,0,1,0,6,1,4,3,0,0,0
330510910000178,7,7,0,0,0,0,7,0,0,6,1,0,7,0,0,0,7,0,0,7,0,5,2,0,5,0,2,0,5,2,4,3,0,0,0
330510910000179,12,12,0,0,0,0,12,0,0,9,3,0,12,0,0,0,12,0,0,12,0,12,0,0,12,0,0,0,12,0,5,2,3,2,0
330510910000180,13,11,1,1,0,0,12,1,0,11,2,0,11,2,0,2,11,0,2,11,0,10,3,0,9,1,3,0,10,3,10,1,0,2,0
330510910000181,19,14,5,0,0,0,19,0,0,18,1,0,19,0,0,0,19,0,1,18,0,19,0,0,18,1,0,0,19,0,10,6,1,2,0
330510910000183,9,9,0,0,0,0,9,0,0,8,1,0,9,0,0,0,9,0,0,9,0,9,0,0,8,1,0,0,9,0,7,1,1,0,0
330510910000184,12,12,0,0,0,0,12,0,0,6,6,0,12,0,0,0,12,0,0,12,0,12,0,0,12,0,0,0,12,0,9,3,0,0,0
330510910000185,8,8,0,0,0,0,8,0,0,6,2,0,8,0,0,0,8,0,0,8,0,8,0,0,8,0,0,1,7,0,3,4,1,0,0
330510910000186,16,16,0,0,0,0,16,0,0,13,3,0,16,0,0,1,15,0,0,16,0,16,0,0,13,3,0,2,14,0,9,2,2,3,0
330510910000187,9,9,0,0,0,0,9,0,0,9,0,0,9,0,0,0,9,0,0,9,0,9,0,0,9,0,0,3,6,0,1,3,2,3,0
330510910000188,16,16,0,0,0,0,16,0,0,13,3,0,16,0,0,2,14,0,0,16,0,16,0,0,13,3,0,9,7,0,7,5,4,0,0
330510910000189,19,16,0,3,0,0,19,0,0,5,14,0,18,1,0,0,19,0,0,19,0,15,4,0,14,1,4,1,14,4,6,11,1,1,0
330510910000190,35,29,5,1,0,0,35,0,0,6,29,0,35,0,0,0,35,0,0,35,0,27,8,0,27,0,8,1,26,8,20,11,2,2,0
330510910000191,12,10,2,0,0,0,12,0,0,7,5,0,12,0,0,0,12,0,0,12,0,12,0,0,12,0,0,0,12,0,5,4,2,1,0
330510910000192,12,11,0,1,0,0,12,0,0,10,2,0,11,1,0,0,12,0,0,12,0,11,1,0,11,0,1,1,10,1,5,3,1,3,0
330510910000195,8,8,0,0,0,0,8,0,0,6,2,0,8,0,0,0,8,0,0,8,0,8,0,0,8,0,0,0,8,0,4,1,1,2,0
330510910000196,4,3,1,0,0,0,4,0,0,3,1,0,4,0,0,1,3,0,0,4,0,4,0,0,4,0,0,0,4,0,3,0,1,0,0
330510910000197,7,7,0,0,0,0,7,0,0,5,2,0,7,0,0,3,4,0,0,7,0,7,0,0,6,1,0,0,7,0,3,1,1,2,0
330510910000198,13,13,0,0,0,0,13,0,0,10,3,0,13,0,0,0,13,0,0,13,0,12,1,0,10,2,1,1,11,1,6,4,2,1,0
330510910000200,15,12,3,0,0,0,15,0,0,4,11,0,15,0,0,1,14,0,0,15,0,15,0,0,15,0,0,0,15,0,5,9,0,1,0
330510910000201,8,8,0,0,0,0,8,0,0,5,3,0,8,0,0,0,8,0,0,8,0,8,0,0,8,0,0,0,8,0,4,4,0,0,0
330510910000203,7,7,0,0,0,0,7,0,0,7,0,0,7,0,0,1,6,0,0,7,0,7,0,0,7,0,0,0,7,0,3,1,2,1,0
330510910000204,16,16,0,0,0,0,16,0,0,15,1,0,16,0,0,5,11,0,1,15,0,16,0,0,16,0,0,0,16,0,5,5,3,3,0
330510910000205,4,4,0,0,0,0,4,0,0,2,2,0,4,0,0,0,4,0,0,4,0,4,0,0,3,1,0,0,4,0,1,1,1,1,0
330510910000207,12,10,2,0,0,0,12,0,0,6,6,0,12,0,0,1,11,0,0,12,0,10,2,0,9,1,2,0,10,2,7,2,1,2,0
330510910000208,5,0,3,2,0,0,3,2,0,0,5,0,3,2,0,0,5,0,0,5,0,0,5,0,0,0,5,0,0,5,4,1,0,0,0
330510910000210,16,12,4,0,0,0,16,0,0,13,3,0,16,0,0,0,16,0,0,16,0,13,3,0,11,2,3,0,13,3,8,4,3,1,0
330510910000211,9,5,2,2,0,0,9,0,0,3,6,0,9,0,0,0,9,0,0,9,0,5,4,0,4,1,4,0,5,4,5,3,1,0,0
330510910000212,14,13,1,0,0,0,14,0,0,1,13,0,14,0,0,0,14,0,0,14,0,14,0,0,12,2,0,0,14,0,6,3,4,1,0
330510910000214,21,19,1,1,0,0,21,0,0,15,6,0,21,0,0,3,18,0,0,21,0,21,0,0,20,1,0,0,21,0,10,6,2,3,0
330510910000215,6,3,2,1,0,0,6,0,0,2,4,0,5,1,0,0,6,0,0,6,0,6,0,0,6,0,0,0,6,0,1,2,2,1,0
330510910000216,7,2,2,3,0,0,7,0,0,0,7,0,3,4,0,0,7,0,0,7,0,6,1,0,6,0,1,0,6,1,5,2,0,0,0
330510910000217,9,8,1,0,0,0,9,0,0,8,1,0,8,1,0,0,9,0,0,9,0,7,2,0,6,1,2,0,7,2,4,4,0,1,0
330510910000218,14,13,0,1,0,0,12,2,0,12,2,0,14,0,0,0,14,0,0,14,0,4,10,0,4,0,10,0,4,10,10,2,0,2,0
330510910000219,10,6,4,0,0,0,10,0,0,8,2,0,10,0,0,0,10,0,0,10,0,9,1,0,8,1,1,0,9,1,8,1,1,0,0
330510910000220,12,12,0,0,0,0,12,0,0,10,2,0,12,0,0,0,12,0,0,12,0,12,0,0,12,0,0,3,9,0,3,5,3,1,0
330510910000221,12,6,5,1,0,0,12,0,0,0,12,0,12,0,0,0,12,0,0,12,0,2,10,0,2,0,10,0,2,10,12,0,0,0,0
330510910000222,20,20,0,0,0,0,20,0,0,20,0,0,20,0,0,0,20,0,0,20,0,20,0,0,18,2,0,0,20,0,13,6,1,0,0
330510910000223,7,5,2,0,0,0,7,0,0,5,2,0,7,0,0,0,7,0,0,7,0,5,2,0,4,1,2,0,5,2,4,1,2,0,0
330510910000224,18,17,1,0,0,0,18,0,0,14,4,0,18,0,0,0,18,0,0,18,0,13,5,0,11,2,5,0,13,5,13,5,0,0,0
330510910000225,4,4,0,0,0,0,4,0,0,4,0,0,4,0,0,0,4,0,0,4,0,4,0,0,1,3,0,0,4,0,3,0,1,0,0
330510910000226,8,8,0,0,0,0,8,0,0,4,4,0,8,0,0,0,8,0,0,8,0,8,0,0,2,6,0,0,8,0,4,3,1,0,0
330510910000227,20,18,0,2,0,0,20,0,0,18,2,0,20,0,0,7,13,0,0,20,0,20,0,0,2,18,0,2,18,0,13,2,3,2,0
330510910000228,12,10,2,0,0,0,12,0,0,7,5,0,12,0,0,0,12,0,1,11,0,12,0,0,11,1,0,1,11,0,6,5,0,1,0
330510910000229,11,7,4,0,0,0,9,2,0,1,10,0,9,2,0,1,10,0,0,11,0,9,2,0,8,1,2,0,9,2,6,5,0,0,0
330510910000230,8,8,0,0,0,0,8,0,0,3,5,0,8,0,0,2,6,0,0,8,0,7,1,0,6,1,1,0,7,1,4,2,1,1,0
330510910000231,8,8,0,0,0,0,8,0,0,7,1,0,8,0,0,1,7,0,0,8,0,8,0,0,7,1,0,0,8,0,2,4,1,1,0
330510910000232,12,12,0,0,0,0,12,0,0,9,3,0,12,0,0,0,12,0,0,12,0,12,0,0,11,1,0,0,12,0,1,6,0,5,0
330510910000233,5,5,0,0,0,0,5,0,0,5,0,0,5,0,0,1,4,0,0,5,0,5,0,0,5,0,0,0,5,0,3,0,1,1,0
330510910000234,7,6,1,0,0,0,7,0,0,7,0,0,7,0,0,0,7,0,0,7,0,6,1,0,4,2,1,0,6,1,5,1,0,1,0
330510910000235,4,2,2,0,0,0,4,0,0,3,1,0,4,0,0,0,4,0,0,4,0,4,0,0,4,0,0,0,4,0,2,2,0,0,0
330510910000236,4,4,0,0,0,0,4,0,0,3,1,0,4,0,0,0,4,0,0,4,0,4,0,0,4,0,0,1,3,0,3,1,0,0,0
330510910000238,20,20,0,0,0,0,20,0,0,20,0,0,20,0,0,3,17,0,0,20,0,16,4,0,16,0,4,0,16,4,17,2,1,0,0
330510910000239,8,7,1,0,0,0,8,0,0,7,1,0,8,0,0,2,6,0,0,8,0,8,0,0,5,3,0,2,6,0,4,1,1,2,0
330510910000240,8,8,0,0,0,0,8,0,0,3,5,0,8,0,0,1,7,0,0,8,0,8,0,0,6,2,0,2,6,0,4,1,1,2,0
330510910000241,12,12,0,0,0,0,12,0,0,4,8,0,12,0,0,0,12,0,0,12,0,11,1,0,10,1,1,0,11,1,4,5,2,1,0
330510910000242,12,11,1,0,0,0,12,0,0,10,2,0,11,1,0,0,12,0,0,12,0,11,1,0,11,0,1,0,11,1,6,5,1,0,0
330510910000243,5,5,0,0,0,0,5,0,0,1,4,0,5,0,0,0,5,0,0,5,0,5,0,0,5,0,0,0,5,0,0,3,1,1,0
330510910000245,4,4,0,0,0,0,4,0,0,4,0,0,4,0,0,2,2,0,0,4,0,4,0,0,4,0,0,0,4,0,2,2,0,0,0
330510910000246,4,3,1,0,0,0,4,0,0,4,0,0,4,0,0,0,4,0,0,4,0,3,1,0,3,0,1,0,3,1,3,1,0,0,0
330510910000247,9,5,4,0,0,0,7,2,0,8,1,0,9,0,0,0,9,0,0,9,0,6,3,0,6,0,3,0,6,3,6,3,0,0,0
330510910000248,6,4,0,2,0,0,6,0,0,2,4,0,6,0,0,0,6,0,0,6,0,4,2,0,4,0,2,0,4,2,3,2,1,0,0
330510910000249,11,8,3,0,0,0,11,0,0,8,3,0,11,0,0,1,10,0,0,11,0,5,6,0,3,2,6,1,4,6,3,1,2,5,0
330510910000250,8,8,0,0,0,0,8,0,0,6,2,0,8,0,0,2,6,0,0,8,0,8,0,0,6,2,0,1,7,0,3,3,0,2,0
330510910000251,4,3,1,0,0,0,4,0,0,2,2,0,4,0,0,0,4,0,0,4,0,3,1,0,3,0,1,0,3,1,1,1,1,1,0
330510910000252,12,12,0,0,0,0,12,0,0,12,0,0,12,0,0,0,12,0,0,12,0,12,0,0,12,0,0,0,12,0,4,4,3,1,0
330510910000253,12,12,0,0,0,0,12,0,0,12,0,0,12,0,0,0,12,0,0,12,0,11,1,0,7,4,1,1,10,1,10,1,1,0,0
330510910000254,1,1,0,0,0,0,1,0,0,0,1,0,1,0,0,0,1,0,0,1,0,1,0,0,1,0,0,0,1,0,0,0,0,1,0
330510910000255,8,8,0,0,0,0,8,0,0,8,0,0,8,0,0,2,6,0,0,8,0,8,0,0,8,0,0,0,8,0,7,1,0,0,0
330510910000258,11,11,0,0,0,0,11,0,0,9,2,0,10,1,0,1,10,0,0,11,0,11,0,0,3,8,0,1,10,0,9,1,0,1,0
330510910000259,8,8,0,0,0,0,8,0,0,8,0,0,8,0,0,0,8,0,0,8,0,8,0,0,3,5,0,1,7,0,4,1,2,1,0
330510910000260,12,10,2,0,0,0,12,0,0,8,4,0,12,0,0,0,12,0,0,12,0,10,2,0,3,7,2,10,0,2,7,3,2,0,0
330510910000261,8,8,0,0,0,0,8,0,0,6,2,0,8,0,0,1,7,0,0,8,0,8,0,0,7,1,0,0,8,0,1,6,1,0,0
330510910000263,8,8,0,0,0,0,8,0,0,7,1,0,8,0,0,1,7,0,0,8,0,8,0,0,2,6,0,0,8,0,6,1,0,1,0
330510910000264,17,16,1,0,0,0,17,0,0,7,10,0,17,0,0,3,14,0,0,17,0,17,0,0,14,3,0,2,15,0,14,3,0,0,0
330510910000265,10,9,1,0,0,0,10,0,0,9,1,0,10,0,0,1,9,0,0,10,0,9,1,0,8,1,1,2,7,1,8,1,1,0,0
330510910000266,16,16,0,0,0,0,16,0,0,5,11,0,16,0,0,0,16,0,0,16,0,16,0,0,13,3,0,0,16,0,7,7,2,0,0
330510910000267,14,14,0,0,0,0,14,0,0,6,8,0,14,0,0,0,14,0,0,14,0,12,2,0,11,1,2,2,10,2,3,4,2,5,0
330510910000268,4,4,0,0,0,0,4,0,0,2,2,0,4,0,0,0,4,0,0,4,0,4,0,0,4,0,0,0,4,0,1,1,1,1,0
330510910000269,5,3,1,1,0,0,5,0,0,1,4,0,5,0,0,0,5,0,0,5,0,4,1,0,4,0,1,0,4,1,2,1,0,2,0
330510910000270,8,8,0,0,0,0,8,0,0,7,1,0,8,0,0,2,6,0,0,8,0,8,0,0,7,1,0,0,8,0,7,0,0,1,0
330510910000271,4,4,0,0,0,0,4,0,0,4,0,0,4,0,0,0,4,0,0,4,0,2,2,0,2,0,2,1,1,2,2,2,0,0,0
330510910000272,12,5,7,0,0,0,12,0,0,10,2,0,12,0,0,1,11,0,0,12,0,12,0,0,12,0,0,0,12,0,9,3,0,0,0
330510910000273,9,9,0,0,0,0,9,0,0,4,5,0,8,1,0,1,8,0,0,9,0,8,1,0,7,1,1,0,8,1,4,5,0,0,0
330510910000274,17,11,4,2,0,0,17,0,0,15,2,0,17,0,0,0,17,0,0,17,0,14,3,0,14,0,3,0,14,3,17,0,0,0,0
330510910000275,8,7,1,0,0,0,8,0,0,7,1,0,8,0,0,2,6,0,0,8,0,8,0,0,8,0,0,0,8,0,3,5,0,0,0
330510910000276,4,4,0,0,0,0,4,0,0,2,2,0,4,0,0,0,4,0,0,4,0,4,0,0,3,1,0,0,4,0,2,1,0,1,0
330510910000277,15,6,9,0,0,0,15,0,0,3,12,0,15,0,0,0,15,0,2,13,0,10,5,0,10,0,5,0,10,5,15,0,0,0,0
330510910000278,8,7,1,0,0,0,8,0,0,5,3,0,8,0,0,1,7,0,0,8,0,8,0,0,6,2,0,0,8,0,5,3,0,0,0
330510910000279,7,4,3,0,0,0,7,0,0,4,3,0,7,0,0,2,5,0,0,7,0,7,0,0,7,0,0,2,5,0,6,0,0,1,0
330510910000280,4,4,0,0,0,0,4,0,0,3,1,0,4,0,0,0,4,0,0,4,0,4,0,0,4,0,0,0,4,0,1,1,1,1,0
330510910000281,7,7,0,0,0,0,7,0,0,4,3,0,7,0,0,3,4,0,0,7,0,6,1,0,5,1,1,0,6,1,3,1,0,3,0
330510910000282,8,8,0,0,0,0,8,0,0,6,2,0,8,0,0,0,8,0,0,8,0,8,0,0,7,1,0,3,5,0,2,0,4,2,0
330510910000283,4,4,0,0,0,0,4,0,0,4,0,0,4,0,0,0,4,0,0,4,0,4,0,0,4,0,0,1,3,0,2,0,0,2,0
330510910000284,4,4,0,0,0,0,4,0,0,1,3,0,4,0,0,0,4,0,0,4,0,4,0,0,4,0,0,0,4,0,1,2,0,1,0
330510910000285,7,5,2,0,0,0,7,0,0,1,6,0,7,0,0,0,7,0,0,7,0,2,5,0,2,0,5,0,2,5,6,1,0,0,0
330510910000286,17,11,5,1,0,0,17,0,0,15,2,0,17,0,0,0,17,0,0,17,0,13,4,0,6,7,4,0,13,4,13,1,2,1,0
330510910000287,7,5,2,0,0,0,7,0,0,5,2,0,7,0,0,0,7,0,0,7,0,5,2,0,1,4,2,0,5,2,3,3,0,1,0
330510910000288,4,4,0,0,0,0,4,0,0,3,1,0,4,0,0,0,4,0,0,4,0,4,0,0,3,1,0,1,3,0,1,1,0,2,0
330510910000289,7,7,0,0,0,0,7,0,0,6,1,0,7,0,0,0,7,0,0,7,0,7,0,0,7,0,0,1,6,0,5,1,1,0,0
330510910000290,9,9,0,0,0,0,9,0,0,8,1,0,9,0,0,0,9,0,0,9,0,9,0,0,8,1,0,0,9,0,6,2,0,1,0
330510910000291,8,8,0,0,0,0,8,0,0,6,2,0,8,0,0,0,8,0,0,8,0,8,0,0,8,0,0,0,8,0,5,1,1,1,0
330510910000292,12,12,0,0,0,0,12,0,0,12,0,0,12,0,0,0,12,0,0,12,0,12,0,0,12,0,0,0,12,0,7,4,0,1,0
330510910000293,8,8,0,0,0,0,8,0,0,7,1,0,8,0,0,0,8,0,0,8,0,8,0,0,7,1,0,0,8,0,5,1,1,1,0
330510910000294,9,9,0,0,0,0,9,0,0,8,1,0,9,0,0,0,9,0,0,9,0,9,0,0,7,2,0,1,8,0,4,2,1,2,0
330510910000295,11,11,0,0,0,0,11,0,0,11,0,0,11,0,0,0,11,0,0,11,0,11,0,0,11,0,0,5,6,0,2,5,0,4,0
330510910000296,5,5,0,0,0,0,5,0,0,2,3,0,5,0,0,0,5,0,0,5,0,5,0,0,5,0,0,0,5,0,3,0,2,0,0
330510910000297,4,4,0,0,0,0,4,0,0,2,2,0,4,0,0,0,4,0,0,4,0,4,0,0,4,0,0,0,4,0,3,0,0,1,0
330510910000298,12,12,0,0,0,0,12,0,0,8,4,0,12,0,0,4,8,0,0,12,0,12,0,0,6,6,0,2,10,0,7,3,0,2,0
330510910000299,12,12,0,0,0,0,12,0,0,5,7,0,12,0,0,1,11,0,1,11,0,12,0,0,10,2,0,1,11,0,4,7,1,0,0
330510910000300,7,7,0,0,0,0,7,0,0,4,3,0,7,0,0,0,7,0,0,7,0,7,0,0,7,0,0,0,7,0,2,2,0,3,0
330510910000301,7,7,0,0,0,0,7,0,0,5,2,0,7,0,0,0,7,0,0,7,0,7,0,0,7,0,0,0,7,0,2,3,2,0,0
330510910000302,6,6,0,0,0,0,6,0,0,6,0,0,6,0,0,1,5,0,0,6,0,4,2,0,4,0,2,0,4,2,6,0,0,0,0
330510910000303,12,12,0,0,0,0,12,0,0,12,0,0,11,1,0,1,11,0,1,11,0,12,0,0,12,0,0,0,12,0,7,2,1,2,0
330510910000304,12,12,0,0,0,0,12,0,0,8,4,0,10,2,0,0,12,0,0,12,0,10,2,0,10,0,2,0,10,2,9,2,1,0,0
330510910000305,12,12,0,0,0,0,9,3,0,7,5,0,12,0,0,0,12,0,0,12,0,8,4,0,6,2,4,0,8,4,10,2,0,0,0
330510910000306,7,2,5,0,0,0,7,0,0,4,3,0,7,0,0,0,7,0,0,7,0,7,0,0,7,0,0,0,7,0,6,1,0,0,0
330510910000307,6,6,0,0,0,0,6,0,0,3,3,0,6,0,0,1,5,0,0,6,0,5,1,0,5,0,1,1,4,1,3,2,1,0,0
330510910000308,4,4,0,0,0,0,4,0,0,4,0,0,4,0,0,1,3,0,0,4,0,4,0,0,3,1,0,2,2,0,1,1,0,2,0
330510910000309,4,4,0,0,0,0,4,0,0,4,0,0,4,0,0,1,3,0,0,4,0,4,0,0,3,1,0,1,3,0,1,1,1,1,0
330510910000310,12,12,0,0,0,0,12,0,0,12,0,0,12,0,0,1,11,0,2,10,0,11,1,0,11,0,1,1,10,1,8,1,3,0,0
330510910000311,8,7,0,1,0,0,8,0,0,7,1,0,7,1,0,0,8,0,0,8,0,8,0,0,8,0,0,0,8,0,5,1,1,1,0
330510910000314,13,11,0,2,0,0,12,1,0,5,8,0,10,3,0,0,13,0,0,13,0,7,6,0,7,0,6,0,7,6,8,5,0,0,0
330510910000315,2,2,0,0,0,0,2,0,0,1,1,0,2,0,0,0,2,0,0,2,0,1,1,0,0,1,1,0,1,1,1,0,1,0,0
330510910000316,1,1,0,0,0,0,1,0,0,1,0,0,1,0,0,0,1,0,0,1,0,1,0,0,0,1,0,0,1,0,0,0,0,1,0
330510910000317,1,1,0,0,0,0,1,0,0,1,0,0,1,0,0,0,1,0,0,1,0,1,0,0,0,1,0,0,1,0,0,0,0,1,0
330510910000318,1,1,0,0,0,0,1,0,0,1,0,0,1,0,0,0,1,0,0,1,0,1,0,0,0,1,0,1,0,0,0,1,0,0,0
330510910000319,9,9,0,0,0,0,9,0,0,5,4,0,9,0,0,1,8,0,0,9,0,8,1,0,5,3,1,0,8,1,4,3,0,2,0
330510915000001,7,7,0,0,0,0,7,0,0,5,2,0,7,0,0,0,7,0,0,7,0,7,0,0,7,0,0,0,7,0,4,1,1,1,0
330510915000002,7,7,0,0,0,0,7,0,0,4,3,0,7,0,0,0,7,0,2,5,0,7,0,0,5,2,0,3,4,0,5,0,0,2,0
330510915000003,15,15,0,0,0,0,15,0,0,13,2,0,15,0,0,0,15,0,2,13,0,15,0,0,14,1,0,2,13,0,9,4,1,1,0
330510915000004,8,8,0,0,0,0,8,0,0,2,6,0,8,0,0,0,8,0,0,8,0,8,0,0,8,0,0,0,8,0,6,1,1,0,0
330510915000006,21,21,0,0,0,0,21,0,0,8,13,0,21,0,0,0,21,0,0,21,0,21,0,0,21,0,0,0,21,0,17,2,1,1,0
330510915000007,4,4,0,0,0,0,4,0,0,2,2,0,4,0,0,0,4,0,0,4,0,4,0,0,4,0,0,0,4,0,1,3,0,0,0
330510915000008,16,9,4,3,0,0,14,2,0,7,9,0,14,2,0,2,14,0,1,15,0,12,4,0,9,3,4,1,11,4,12,1,3,0,0
330510915000009,7,5,2,0,0,0,7,0,0,5,2,0,7,0,0,0,7,0,0,7,0,7,0,0,7,0,0,0,7,0,3,4,0,0,0
330510915000010,12,5,3,4,0,0,12,0,0,6,6,0,12,0,0,0,12,0,0,12,0,10,2,0,10,0,2,0,10,2,12,0,0,0,0
330510915000011,15,11,4,0,0,0,15,0,0,5,10,0,15,0,0,0,15,0,0,15,0,9,6,0,9,0,6,0,9,6,14,0,1,0,0
330510915000012,12,11,1,0,0,0,12,0,0,1,11,0,12,0,0,1,11,0,0,12,0,11,1,0,11,0,1,0,11,1,12,0,0,0,0
330510915000013,13,7,6,0,0,0,13,0,0,5,8,0,13,0,0,0,13,0,0,13,0,11,2,0,11,0,2,0,11,2,13,0,0,0,0
330510915000014,8,8,0,0,0,0,8,0,0,5,3,0,8,0,0,0,8,0,0,8,0,5,3,0,5,0,3,0,5,3,8,0,0,0,0
330510915000015,10,9,1,0,0,0,10,0,0,6,4,0,10,0,0,0,10,0,1,9,0,10,0,0,10,0,0,0,10,0,9,1,0,0,0
330510915000016,13,13,0,0,0,0,13,0,0,8,5,0,13,0,0,0,13,0,4,9,0,11,2,0,8,3,2,1,10,2,5,7,0,1,0
330510915000017,10,10,0,0,0,0,10,0,0,4,6,0,10,0,0,1,9,0,0,10,0,8,2,0,8,0,2,0,8,2,9,1,0,0,0
330510915000018,4,3,0,1,0,0,4,0,0,2,2,0,4,0,0,1,3,0,0,4,0,4,0,0,4,0,0,0,4,0,4,0,0,0,0
330510915000019,14,10,0,4,0,0,14,0,0,4,10,0,10,4,0,0,14,0,0,14,0,10,4,0,10,0,4,0,10,4,10,3,0,1,0
330510915000020,7,5,2,0,0,0,7,0,0,0,7,0,7,0,0,0,7,0,0,7,0,6,1,0,6,0,1,0,6,1,5,0,1,1,0
330510915000021,12,9,3,0,0,0,12,0,0,5,7,0,12,0,0,0,12,0,0,12,0,12,0,0,12,0,0,0,12,0,10,2,0,0,0
330510915000022,4,4,0,0,0,0,4,0,0,2,2,0,4,0,0,0,4,0,0,4,0,4,0,0,4,0,0,0,4,0,3,1,0,0,0
330510915000023,17,8,9,0,0,0,16,1,0,14,3,0,14,3,0,0,17,0,0,17,0,16,1,0,16,0,1,0,16,1,15,1,0,1,0
330510915000024,15,2,9,4,0,0,15,0,0,11,4,0,15,0,0,0,15,0,0,15,0,15,0,0,15,0,0,0,15,0,15,0,0,0,0
330510915000025,16,11,3,2,0,0,16,0,0,16,0,0,16,0,0,0,16,0,0,16,0,14,2,0,14,0,2,0,14,2,15,1,0,0,0
330510915000026,22,10,10,2,0,0,19,3,0,11,11,0,22,0,0,0,22,0,0,22,0,11,11,0,11,0,11,0,11,11,22,0,0,0,0
330510915000027,7,5,2,0,0,0,7,0,0,6,1,0,7,0,0,0,7,0,0,7,0,5,2,0,5,0,2,0,5,2,3,2,1,1,0
330510915000028,30,28,2,0,0,0,30,0,0,27,3,0,30,0,0,5,25,0,5,25,0,28,2,0,12,16,2,1,27,2,21,5,3,1,0
330510915000029,10,6,4,0,0,0,10,0,0,1,9,0,10,0,0,0,10,0,0,10,0,6,4,0,6,0,4,0,6,4,7,3,0,0,0
330510915000030,8,6,2,0,0,0,8,0,0,1,7,0,8,0,0,0,8,0,0,8,0,7,1,0,6,1,1,0,7,1,4,3,0,1,0
330510915000031,7,7,0,0,0,0,7,0,0,4,3,0,7,0,0,4,3,0,0,7,0,7,0,0,7,0,0,1,6,0,6,1,0,0,0
330510915000032,4,4,0,0,0,0,4,0,0,0,4,0,4,0,0,0,4,0,0,4,0,4,0,0,3,1,0,0,4,0,2,2,0,0,0
330510915000033,4,3,1,0,0,0,4,0,0,1,3,0,4,0,0,0,4,0,0,4,0,4,0,0,4,0,0,0,4,0,4,0,0,0,0
330510915000034,8,8,0,0,0,0,8,0,0,5,3,0,8,0,0,6,2,0,0,8,0,8,0,0,8,0,0,0,8,0,4,3,1,0,0
330510915000035,8,7,1,0,0,0,8,0,0,2,6,0,8,0,0,0,8,0,0,8,0,8,0,0,7,1,0,0,8,0,8,0,0,0,0
330510915000036,21,10,11,0,0,0,21,0,0,13,8,0,21,0,0,0,21,0,0,21,0,21,0,0,20,1,0,7,14,0,11,6,3,1,0
330510915000037,16,13,3,0,0,0,16,0,0,9,7,0,16,0,0,0,16,0,0,16,0,16,0,0,14,2,0,7,9,0,4,6,3,3,0
330510915000038,20,12,4,4,0,0,20,0,0,10,10,0,18,2,0,0,20,0,0,20,0,17,3,0,13,4,3,4,13,3,7,6,5,2,0
330510915000039,8,6,2,0,0,0,8,0,0,5,3,0,8,0,0,0,8,0,0,8,0,8,0,0,7,1,0,0,8,0,7,1,0,0,0
330510915000040,15,4,10,1,0,0,14,1,0,13,2,0,14,1,0,0,15,0,0,15,0,14,1,0,14,0,1,0,14,1,12,2,1,0,0
330510915000041,12,7,3,2,0,0,12,0,0,12,0,0,12,0,0,0,12,0,0,12,0,7,5,0,7,0,5,0,7,5,11,1,0,0,0
330510915000042,28,9,13,6,0,0,27,1,0,20,8,0,28,0,0,0,28,0,0,28,0,19,9,0,17,2,9,0,19,9,27,1,0,0,0
330510915000043,17,7,8,2,0,0,17,0,0,12,5,0,17,0,0,0,17,0,0,17,0,15,2,0,15,0,2,0,15,2,12,4,1,0,0
330510915000044,19,17,2,0,0,0,19,0,0,6,13,0,19,0,0,0,19,0,0,19,0,17,2,0,16,1,2,0,17,2,14,4,0,1,0
330510915000045,12,12,0,0,0,0,12,0,0,2,10,0,12,0,0,0,12,0,0,12,0,12,0,0,11,1,0,0,12,0,5,5,1,1,0
330510915000046,23,21,2,0,0,0,21,2,0,11,12,0,23,0,0,0,23,0,0,23,0,17,6,0,17,0,6,0,17,6,10,5,2,6,0
330510915000047,8,6,2,0,0,0,8,0,0,8,0,0,7,1,0,0,8,0,0,8,0,6,2,0,5,1,2,0,6,2,2,4,0,2,0
330510915000048,12,12,0,0,0,0,12,0,0,10,2,0,12,0,0,0,12,0,0,12,0,12,0,0,11,1,0,0,12,0,5,4,0,3,0
330510915000049,15,15,0,0,0,0,15,0,0,9,6,0,15,0,0,3,12,0,4,11,0,15,0,0,9,6,0,3,12,0,9,5,1,0,0
330510915000050,4,4,0,0,0,0,4,0,0,0,4,0,4,0,0,0,4,0,1,3,0,4,0,0,2,2,0,0,4,0,4,0,0,0,0
330510915000051,11,11,0,0,0,0,11,0,0,3,8,0,11,0,0,0,11,0,1,10,0,10,1,0,10,0,1,0,10,1,10,1,0,0,0
330510915000052,4,3,1,0,0,0,4,0,0,0,4,0,4,0,0,0,4,0,0,4,0,4,0,0,3,1,0,0,4,0,2,1,1,0,0
330510915000053,8,7,1,0,0,0,8,0,0,0,8,0,8,0,0,2,6,0,0,8,0,8,0,0,8,0,0,0,8,0,4,4,0,0,0
330510915000054,12,12,0,0,0,0,12,0,0,7,5,0,12,0,0,0,12,0,0,12,0,12,0,0,12,0,0,5,7,0,5,2,2,3,0
330510915000055,12,12,0,0,0,0,12,0,0,8,4,0,12,0,0,0,12,0,0,12,0,12,0,0,9,3,0,8,4,0,6,1,2,3,0
330510915000056,12,12,0,0,0,0,12,0,0,11,1,0,12,0,0,2,10,0,0,12,0,12,0,0,9,3,0,7,5,0,9,2,1,0,0
330510915000057,21,17,3,1,0,0,21,0,0,7,14,0,21,0,0,1,20,0,0,21,0,20,1,0,17,3,1,15,5,1,8,7,2,4,0
330510915000058,8,8,0,0,0,0,8,0,0,6,2,0,8,0,0,1,7,0,0,8,0,8,0,0,7,1,0,7,1,0,3,1,2,2,0
330510915000059,12,12,0,0,0,0,12,0,0,11,1,0,12,0,0,1,11,0,0,12,0,12,0,0,5,7,0,8,4,0,4,3,3,2,0
330510915000060,8,4,4,0,0,0,8,0,0,3,5,0,8,0,0,0,8,0,0,8,0,8,0,0,8,0,0,1,7,0,4,3,1,0,0
330510915000061,17,7,6,4,0,0,17,0,0,3,14,0,17,0,0,0,17,0,3,14,0,10,7,0,8,2,7,0,10,7,13,3,1,0,0
330510915000062,12,12,0,0,0,0,12,0,0,8,4,0,12,0,0,2,10,0,0,12,0,12,0,0,9,3,0,0,12,0,9,3,0,0,0
330510915000063,12,12,0,0,0,0,12,0,0,3,9,0,12,0,0,6,6,0,0,12,0,12,0,0,11,1,0,0,12,0,8,4,0,0,0
330510915000064,16,16,0,0,0,0,16,0,0,15,1,0,16,0,0,0,16,0,0,16,0,16,0,0,14,2,0,1,15,0,9,5,0,2,0
330510915000066,12,12,0,0,0,0,12,0,0,10,2,0,12,0,0,0,12,0,0,12,0,12,0,0,11,1,0,5,7,0,4,2,3,3,0
330510915000067,7,7,0,0,0,0,7,0,0,6,1,0,7,0,0,0,7,0,0,7,0,7,0,0,6,1,0,1,6,0,4,1,1,1,0
330510915000068,18,18,0,0,0,0,18,0,0,13,5,0,18,0,0,0,18,0,0,18,0,18,0,0,16,2,0,0,18,0,3,9,4,2,0
330510915000069,8,7,0,1,0,0,8,0,0,3,5,0,8,0,0,0,8,0,0,8,0,8,0,0,8,0,0,0,8,0,4,1,2,1,0
330510915000070,4,4,0,0,0,0,4,0,0,3,1,0,4,0,0,1,3,0,0,4,0,4,0,0,3,1,0,1,3,0,1,2,0,1,0
330510915000071,5,5,0,0,0,0,5,0,0,3,2,0,5,0,0,0,5,0,1,4,0,5,0,0,4,1,0,1,4,0,3,1,0,1,0
330510915000072,4,4,0,0,0,0,4,0,0,1,3,0,4,0,0,1,3,0,0,4,0,4,0,0,4,0,0,0,4,0,1,3,0,0,0
330510915000073,4,3,1,0,0,0,4,0,0,2,2,0,4,0,0,0,4,0,0,4,0,4,0,0,4,0,0,0,4,0,2,1,1,0,0
330510915000074,6,4,1,1,0,0,5,1,0,4,2,0,6,0,0,0,6,0,0,6,0,5,1,0,5,0,1,0,5,1,2,2,2,0,0
330510915000075,10,8,0,2,0,0,10,0,0,3,7,0,8,2,0,0,10,0,0,10,0,8,2,0,8,0,2,0,8,2,3,6,1,0,0
330510915000076,4,4,0,0,0,0,4,0,0,1,3,0,4,0,0,0,4,0,0,4,0,4,0,0,4,0,0,0,4,0,4,0,0,0,0
330510915000077,12,5,1,6,0,0,10,2,0,8,4,0,10,2,0,0,12,0,0,12,0,9,3,0,9,0,3,0,9,3,12,0,0,0,0
330510915000078,19,12,7,0,0,0,19,0,0,2,17,0,19,0,0,0,19,0,0,19,0,17,2,0,17,0,2,0,17,2,15,4,0,0,0
330510915000079,4,3,1,0,0,0,4,0,0,0,4,0,4,0,0,0,4,0,0,4,0,4,0,0,4,0,0,0,4,0,3,0,1,0,0
330510915000080,5,5,0,0,0,0,5,0,0,2,3,0,5,0,0,2,3,0,0,5,0,5,0,0,5,0,0,0,5,0,4,1,0,0,0
330510915000081,7,4,3,0,0,0,7,0,0,1,6,0,5,2,0,0,7,0,0,7,0,5,2,0,5,0,2,0,5,2,6,1,0,0,0
330510915000082,6,5,1,0,0,0,6,0,0,3,3,0,6,0,0,0,6,0,0,6,0,6,0,0,5,1,0,3,3,0,1,4,1,0,0
330510915000083,15,11,2,2,0,0,15,0,0,15,0,0,15,0,0,0,15,0,0,15,0,15,0,0,15,0,0,0,15,0,13,2,0,0,0
330510915000084,22,3,10,6,0,3,19,0,3,2,17,3,19,0,3,0,19,3,3,16,3,9,10,3,9,0,13,2,7,13,13,6,0,0,3
330510915000085,5,5,0,0,0,0,5,0,0,4,1,0,5,0,0,0,5,0,0,5,0,5,0,0,5,0,0,1,4,0,3,1,0,1,0
330510915000086,4,4,0,0,0,0,4,0,0,1,3,0,4,0,0,0,4,0,0,4,0,4,0,0,4,0,0,0,4,0,4,0,0,0,0
330510915000087,4,3,1,0,0,0,4,0,0,3,1,0,4,0,0,0,4,0,0,4,0,4,0,0,4,0,0,0,4,0,1,3,0,0,0
330510915000088,4,4,0,0,0,0,4,0,0,1,3,0,4,0,0,0,4,0,0,4,0,4,0,0,4,0,0,0,4,0,3,1,0,0,0
330510915000089,5,5,0,0,0,0,5,0,0,1,4,0,5,0,0,0,5,0,0,5,0,5,0,0,5,0,0,0,5,0,4,1,0,0,0
330510915000090,8,8,0,0,0,0,8,0,0,4,4,0,8,0,0,0,8,0,3,5,0,8,0,0,6,2,0,0,8,0,7,1,0,0,0
330510915000091,4,4,0,0,0,0,4,0,0,1,3,0,4,0,0,1,3,0,0,4,0,4,0,0,3,1,0,0,4,0,3,1,0,0,0
330510915000092,4,4,0,0,0,0,4,0,0,1,3,0,4,0,0,0,4,0,0,4,0,4,0,0,3,1,0,0,4,0,3,1,0,0,0
330510915000093,4,4,0,0,0,0,4,0,0,1,3,0,4,0,0,0,4,0,0,4,0,4,0,0,4,0,0,0,4,0,3,1,0,0,0
330510915000094,4,4,0,0,0,0,4,0,0,4,0,0,4,0,0,0,4,0,0,4,0,4,0,0,4,0,0,0,4,0,3,0,1,0,0
330510915000095,8,7,0,1,0,0,8,0,0,6,2,0,7,1,0,0,8,0,0,8,0,8,0,0,7,1,0,0,8,0,5,1,2,0,0
330510915000096,15,5,3,7,0,0,13,2,0,1,14,0,9,6,0,0,15,0,0,15,0,7,8,0,7,0,8,0,7,8,15,0,0,0,0
330510915000097,6,3,1,2,0,0,6,0,0,1,5,0,4,2,0,0,6,0,0,6,0,4,2,0,4,0,2,0,4,2,6,0,0,0,0
330510915000098,18,18,0,0,0,0,18,0,0,16,2,0,18,0,0,0,18,0,0,18,0,18,0,0,14,4,0,7,11,0,6,6,5,1,0
330510915000099,5,5,0,0,0,0,5,0,0,5,0,0,5,0,0,0,5,0,0,5,0,5,0,0,5,0,0,1,4,0,0,2,2,1,0
