CD_setor,V05200,V05201,V05202,V05203,V05204,V05205,V05206,V05207,V05208,V05209,V05210,V05211,V05212,V05213,V05214,V05215,V05216,V05217,V05218,V05219,V05220,V05221,V05222,V05223,V05224,V05225,V05226,V05227,V05228,V05229,V05230,V05231,V05232,V05233,V05234
330510905000001,507,327,73,107,0,0,507,0,0,474,33,0,471,36,0,3,504,0,0,507,0,465,42,0,0,465,42,294,171,42,406,0,36,65,0
330510905000002,520,520,0,0,0,0,520,0,0,460,60,0,393,127,0,1,519,0,0,520,0,520,0,0,376,144,0,0,520,0,144,211,165,0,0
330510905000003,636,518,118,0,0,0,636,0,0,636,0,0,636,0,0,0,636,0,101,535,0,636,0,0,328,308,0,48,588,0,537,36,0,63,0
330510905000005,465,376,89,0,0,0,465,0,0,376,89,0,465,0,0,14,451,0,0,465,0,465,0,0,451,14,0,0,465,0,214,89,0,162,0
330510905000006,597,515,38,44,0,0,597,0,0,407,190,0,597,0,0,179,418,0,0,597,0,597,0,0,503,94,0,58,539,0,465,91,41,0,0
330510905000007,331,226,0,105,0,0,331,0,0,105,226,0,331,0,0,0,331,0,0,331,0,331,0,0,237,94,0,0,331,0,331,0,0,0,0
330510905000008,787,787,0,0,0,0,787,0,0,452,335,0,787,0,0,0,787,0,0,787,0,745,42,0,623,122,42,0,745,42,439,266,82,0,0
330510905000009,711,711,0,0,0,0,711,0,0,597,114,0,711,0,0,0,711,0,0,711,0,666,45,0,598,68,45,0,666,45,392,319,0,0,0
330510905000010,682,658,24,0,0,0,682,0,0,359,323,0,682,0,0,0,682,0,0,682,0,658,24,0,658,0,24,0,658,24,348,304,0,30,0
330510905000011,419,419,0,0,0,0,419,0,0,174,245,0,419,0,0,32,387,0,0,419,0,419,0,0,263,156,0,0,419,0,201,218,0,0,0
330510905000012,876,809,67,0,0,0,876,0,0,664,212,0,876,0,0,0,876,0,0,876,0,809,67,0,809,0,67,0,809,67,455,318,103,0,0
330510905000013,523,497,0,26,0,0,523,0,0,46,477,0,523,0,0,25,498,0,0,523,0,523,0,0,477,46,0,0,523,0,466,57,0,0,0
330510905000014,561,499,62,0,0,0,561,0,0,283,278,0,561,0,0,9,552,0,0,561,0,561,0,0,552,9,0,0,561,0,323,212,26,0,0
330510905000015,593,278,315,0,0,0,593,0,0,504,89,0,593,0,0,0,593,0,0,593,0,593,0,0,593,0,0,0,593,0,191,218,184,0,0
330510905000016,632,397,235,0,0,0,632,0,0,570,62,0,632,0,0,106,526,0,0,632,0,632,0,0,616,16,0,0,632,0,315,218,35,64,0
330510905000018,224,210,14,0,0,0,224,0,0,218,6,0,224,0,0,84,140,0,0,224,0,221,3,0,69,152,3,27,194,3,219,3,0,2,0
330510905000019,335,316,19,0,0,0,335,0,0,263,72,0,335,0,0,105,230,0,0,335,0,335,0,0,141,194,0,41,294,0,316,19,0,0,0
330510905000020,601,242,289,70,0,0,601,0,0,267,334,0,601,0,0,17,584,0,0,601,0,601,0,0,370,231,0,0,601,0,499,85,17,0,0
330510905000021,551,550,0,1,0,0,551,0,0,449,102,0,449,102,0,81,470,0,16,535,0,551,0,0,141,410,0,1,550,0,449,0,102,0,0
330510905000022,498,412,0,86,0,0,498,0,0,498,0,0,498,0,0,0,498,0,0,498,0,498,0,0,112,386,0,150,348,0,267,226,0,5,0
330510905000023,309,187,122,0,0,0,309,0,0,98,211,0,309,0,0,0,309,0,0,309,0,254,55,0,122,132,55,0,254,55,153,0,93,63,0
330510905000024,304,25,273,6,0,0,304,0,0,286,18,0,304,0,0,31,273,0,0,304,0,255,49,0,224,31,49,0,255,49,258,13,15,18,0
330510905000025,684,355,305,24,0,0,684,0,0,684,0,0,189,495,0,0,684,0,0,684,0,684,0,0,326,358,0,0,684,0,210,140,334,0,0
330510905000026,835,561,203,71,0,0,835,0,0,699,136,0,655,180,0,23,812,0,9,826,0,764,71,0,352,412,71,14,750,71,678,157,0,0,0
330510905000027,749,131,538,80,0,0,749,0,0,431,318,0,718,31,0,125,624,0,0,749,0,526,223,0,520,6,223,0,526,223,633,19,44,53,0
330510905000028,840,361,479,0,0,0,840,0,0,672,168,0,759,81,0,0,840,0,58,782,0,657,183,0,627,30,183,0,657,183,497,343,0,0,0
330510905000029,603,584,19,0,0,0,603,0,0,572,31,0,603,0,0,136,467,0,0,603,0,603,0,0,380,223,0,237,366,0,182,106,0,315,0
330510905000030,525,298,227,0,0,0,525,0,0,476,49,0,363,162,0,0,525,0,0,525,0,525,0,0,503,22,0,0,525,0,176,196,0,153,0
330510905000031,569,569,0,0,0,0,569,0,0,336,233,0,569,0,0,96,473,0,0,569,0,569,0,0,569,0,0,0,569,0,419,59,0,91,0
330510905000032,811,768,43,0,0,0,811,0,0,692,119,0,811,0,0,28,783,0,0,811,0,811,0,0,721,90,0,0,811,0,628,77,0,106,0
330510905000033,1033,1033,0,0,0,0,1033,0,0,744,289,0,1033,0,0,0,1033,0,0,1033,0,1033,0,0,1033,0,0,0,1033,0,646,40,149,198,0
330510905000034,634,553,81,0,0,0,634,0,0,361,273,0,634,0,0,0,634,0,0,634,0,634,0,0,634,0,0,0,634,0,373,80,41,140,0
330510905000035,549,549,0,0,0,0,549,0,0,549,0,0,549,0,0,0,549,0,0,549,0,549,0,0,549,0,0,0,549,0,150,399,0,0,0
330510905000036,791,791,0,0,0,0,791,0,0,712,79,0,791,0,0,35,756,0,0,791,0,791,0,0,756,35,0,0,791,0,441,350,0,0,0
330510905000037,393,393,0,0,0,0,393,0,0,197,196,0,393,0,0,0,393,0,0,393,0,393,0,0,391,2,0,0,393,0,170,223,0,0,0
330510905000038,823,821,0,2,0,0,823,0,0,823,0,0,823,0,0,0,823,0,0,823,0,823,0,0,702,121,0,0,823,0,333,292,198,0,0
330510905000039,574,574,0,0,0,0,574,0,0,546,28,0,574,0,0,0,574,0,0,574,0,574,0,0,529,45,0,0,574,0,293,281,0,0,0
330510905000040,861,835,0,26,0,0,861,0,0,662,199,0,861,0,0,0,861,0,0,861,0,861,0,0,861,0,0,0,861,0,352,195,176,138,0
330510905000041,582,582,0,0,0,0,582,0,0,476,106,0,582,0,0,132,450,0,0,582,0,582,0,0,530,52,0,62,520,0,258,0,218,106,0
330510905000042,994,927,27,40,0,0,994,0,0,391,603,0,994,0,0,0,994,0,0,994,0,954,40,0,954,0,40,0,954,40,436,481,55,22,0
330510905000043,495,495,0,0,0,0,495,0,0,435,60,0,495,0,0,0,495,0,0,495,0,495,0,0,390,105,0,0,495,0,466,0,0,29,0
330510905000044,482,482,0,0,0,0,482,0,0,482,0,0,482,0,0,0,482,0,0,482,0,482,0,0,466,16,0,104,378,0,120,362,0,0,0
330510905000045,727,702,25,0,0,0,727,0,0,620,107,0,727,0,0,207,520,0,0,727,0,660,67,0,660,0,67,0,660,67,449,213,65,0,0
330510905000046,481,241,0,240,0,0,481,0,0,346,135,0,481,0,0,0,481,0,0,481,0,481,0,0,481,0,0,0,481,0,275,206,0,0,0
330510905000047,859,288,0,571,0,0,859,0,0,128,731,0,859,0,0,0,859,0,0,859,0,859,0,0,859,0,0,82,777,0,575,284,0,0,0
330510905000048,824,428,228,168,0,0,824,0,0,135,689,0,824,0,0,0,824,0,0,824,0,824,0,0,824,0,0,0,824,0,446,294,0,84,0
330510905000049,424,424,0,0,0,0,424,0,0,285,139,0,424,0,0,0,424,0,0,424,0,424,0,0,424,0,0,0,424,0,266,88,45,25,0
330510905000050,390,136,224,30,0,0,390,0,0,234,156,0,372,18,0,0,390,0,0,390,0,390,0,0,378,12,0,0,390,0,282,108,0,0,0
330510905000051,1004,330,171,503,0,0,1004,0,0,728,276,0,1004,0,0,304,700,0,0,1004,0,1004,0,0,1004,0,0,0,1004,0,912,92,0,0,0
330510905000052,150,150,0,0,0,0,150,0,0,150,0,0,150,0,0,0,150,0,0,150,0,150,0,0,150,0,0,0,150,0,81,40,0,29,0
330510905000053,644,644,0,0,0,0,644,0,0,496,148,0,644,0,0,0,644,0,0,644,0,644,0,0,644,0,0,0,644,0,307,0,0,337,0
330510905000054,738,571,167,0,0,0,738,0,0,422,316,0,738,0,0,0,738,0,0,738,0,738,0,0,738,0,0,0,738,0,232,299,207,0,0
330510905000055,813,622,191,0,0,0,813,0,0,813,0,0,813,0,0,0,813,0,0,813,0,611,202,0,611,0,202,0,611,202,476,141,196,0,0
330510905000056,622,518,0,104,0,0,518,104,0,622,0,0,622,0,0,320,302,0,0,622,0,518,104,0,261,257,104,219,299,104,587,35,0,0,0
330510905000057,600,600,0,0,0,0,600,0,0,600,0,0,600,0,0,65,535,0,0,600,0,600,0,0,348,252,0,0,600,0,412,123,0,65,0
330510905000058,678,678,0,0,0,0,678,0,0,678,0,0,678,0,0,146,532,0,0,678,0,678,0,0,571,107,0,159,519,0,56,341,146,135,0
330510905000059,814,797,17,0,0,0,814,0,0,715,99,0,814,0,0,0,814,0,0,814,0,811,3,0,811,0,3,0,811,3,299,154,361,0,0
330510905000060,694,478,162,54,0,0,694,0,0,361,333,0,669,25,0,147,547,0,0,694,0,694,0,0,694,0,0,0,694,0,373,313,8,0,0
330510905000061,505,332,147,26,0,0,505,0,0,229,276,0,505,0,0,0,505,0,0,505,0,505,0,0,505,0,0,0,505,0,395,110,0,0,0
330510905000062,422,374,24,24,0,0,422,0,0,67,355,0,422,0,0,16,406,0,0,422,0,422,0,0,422,0,0,0,422,0,398,0,24,0,0
330510905000063,572,307,6,259,0,0,572,0,0,572,0,0,572,0,0,307,265,0,0,572,0,572,0,0,572,0,0,0,572,0,265,0,0,307,0
330510905000065,845,763,82,0,0,0,845,0,0,763,82,0,845,0,0,0,845,0,0,845,0,845,0,0,845,0,0,148,697,0,105,261,354,125,0
330510905000066,533,533,0,0,0,0,533,0,0,533,0,0,533,0,0,56,477,0,0,533,0,533,0,0,289,244,0,493,40,0,39,80,56,358,0
330510905000067,802,802,0,0,0,0,802,0,0,795,7,0,802,0,0,0,802,0,0,802,0,802,0,0,760,42,0,256,546,0,65,60,0,677,0
330510905000068,732,675,57,0,0,0,732,0,0,732,0,0,732,0,0,0,732,0,0,732,0,732,0,0,729,3,0,0,732,0,411,173,148,0,0
330510905000069,638,638,0,0,0,0,638,0,0,629,9,0,638,0,0,0,638,0,0,638,0,638,0,0,638,0,0,27,611,0,281,309,48,0,0
330510905000070,705,705,0,0,0,0,705,0,0,457,248,0,705,0,0,109,596,0,0,705,0,705,0,0,705,0,0,32,673,0,310,224,142,29,0
330510905000071,694,622,72,0,0,0,694,0,0,198,496,0,694,0,0,0,694,0,0,694,0,694,0,0,578,116,0,580,114,0,431,168,95,0,0
330510905000072,637,637,0,0,0,0,478,159,0,196,441,0,637,0,0,0,637,0,0,637,0,465,172,0,394,71,172,254,211,172,349,75,33,180,0
330510905000073,198,198,0,0,0,0,198,0,0,133,65,0,198,0,0,0,198,0,52,146,0,198,0,0,162,36,0,2,196,0,177,21,0,0,0
330510905000074,658,458,121,79,0,0,658,0,0,273,385,0,658,0,0,66,592,0,0,658,0,658,0,0,658,0,0,0,658,0,466,0,192,0,0
330510905000075,722,430,292,0,0,0,722,0,0,473,249,0,722,0,0,0,722,0,0,722,0,722,0,0,722,0,0,0,722,0,516,121,85,0,0
330510905000077,535,313,0,222,0,0,535,0,0,268,267,0,502,33,0,0,535,0,0,535,0,428,107,0,428,0,107,0,428,107,371,121,0,43,0
330510905000078,678,287,273,118,0,0,678,0,0,652,26,0,678,0,0,0,678,0,143,535,0,639,39,0,639,0,39,0,639,39,264,255,159,0,0
330510905000079,851,641,210,0,0,0,851,0,0,821,30,0,851,0,0,77,774,0,0,851,0,851,0,0,851,0,0,0,851,0,553,298,0,0,0
330510905000080,746,746,0,0,0,0,746,0,0,625,121,0,746,0,0,23,723,0,0,746,0,746,0,0,746,0,0,0,746,0,229,376,0,141,0
330510905000081,883,570,313,0,0,0,883,0,0,793,90,0,883,0,0,0,883,0,0,883,0,883,0,0,796,87,0,352,531,0,314,293,166,110,0
330510905000082,700,693,7,0,0,0,700,0,0,700,0,0,700,0,0,155,545,0,0,700,0,700,0,0,667,33,0,58,642,0,299,287,114,0,0
330510905000083,880,668,212,0,0,0,880,0,0,627,253,0,880,0,0,0,880,0,0,880,0,880,0,0,880,0,0,246,634,0,38,382,107,353,0
330510905000084,461,400,61,0,0,0,461,0,0,230,231,0,461,0,0,0,461,0,0,461,0,461,0,0,461,0,0,0,461,0,46,150,185,80,0
330510905000085,736,736,0,0,0,0,736,0,0,736,0,0,736,0,0,0,736,0,0,736,0,736,0,0,736,0,0,325,411,0,121,460,0,155,0
330510905000086,596,580,0,16,0,0,596,0,0,548,48,0,596,0,0,0,596,0,0,596,0,596,0,0,596,0,0,16,580,0,189,142,162,103,0
330510905000087,1007,963,8,36,0,0,1007,0,0,942,65,0,971,36,0,0,1007,0,0,1007,0,971,36,0,886,85,36,0,971,36,487,337,170,13,0
330510905000088,847,557,290,0,0,0,847,0,0,557,290,0,847,0,0,38,809,0,0,847,0,847,0,0,841,6,0,0,847,0,480,367,0,0,0
330510905000089,614,599,15,0,0,0,614,0,0,614,0,0,614,0,0,89,525,0,0,614,0,614,0,0,614,0,0,0,614,0,344,180,90,0,0
330510905000090,427,427,0,0,0,0,406,21,0,121,306,0,427,0,0,8,419,0,0,427,0,346,81,0,324,22,81,233,113,81,313,76,38,0,0
330510905000091,497,497,0,0,0,0,464,33,0,79,418,0,497,0,0,0,497,0,0,497,0,484,13,0,306,178,13,32,452,13,408,28,61,0,0
330510905000092,739,739,0,0,0,0,739,0,0,723,16,0,739,0,0,0,739,0,0,739,0,739,0,0,546,193,0,303,436,0,580,159,0,0,0
330510905000094,707,578,129,0,0,0,707,0,0,387,320,0,651,56,0,0,707,0,79,628,0,699,8,0,699,0,8,0,699,8,327,203,142,35,0
330510905000095,895,518,377,0,0,0,895,0,0,446,449,0,895,0,0,12,883,0,0,895,0,895,0,0,741,154,0,227,668,0,248,270,0,377,0
330510905000096,268,268,0,0,0,0,216,52,0,189,79,0,268,0,0,6,262,0,0,268,0,216,52,0,138,78,52,51,165,52,204,0,23,41,0
330510905000097,497,497,0,0,0,0,478,19,0,408,89,0,497,0,0,0,497,0,57,440,0,408,89,0,408,0,89,0,408,89,201,56,0,240,0
330510905000098,638,268,177,193,0,0,638,0,0,325,313,0,638,0,0,0,638,0,0,638,0,461,177,0,214,247,177,54,407,177,54,177,0,407,0
330510905000099,801,726,75,0,0,0,801,0,0,451,350,0,801,0,0,0,801,0,0,801,0,726,75,0,726,0,75,0,726,75,527,274,0,0,0
330510905000100,810,362,421,27,0,0,807,3,0,334,476,0,783,27,0,0,810,0,0,810,0,602,208,0,602,0,208,0,602,208,411,230,0,169,0
330510905000101,432,0,354,78,0,0,324,108,0,0,432,0,354,78,0,0,432,0,0,432,0,0,432,0,0,0,432,0,0,432,432,0,0,0,0
330510905000103,857,590,201,66,0,0,620,237,0,643,214,0,739,118,0,0,857,0,0,857,0,555,302,0,482,73,302,0,555,302,451,272,134,0,0
330510905000104,531,218,178,135,0,0,352,179,0,285,246,0,432,99,0,0,531,0,0,531,0,150,381,0,99,51,381,150,0,381,16,67,0,448,0
330510905000105,727,531,154,42,0,0,685,42,0,570,157,0,664,63,0,0,727,0,0,727,0,618,109,0,611,7,109,0,618,109,435,138,0,154,0
330510905000106,516,496,20,0,0,0,516,0,0,252,264,0,516,0,0,0,516,0,0,516,0,406,110,0,358,48,110,42,364,110,258,172,27,59,0
330510905000107,510,442,68,0,0,0,510,0,0,356,154,0,436,74,0,123,387,0,0,510,0,510,0,0,510,0,0,0,510,0,202,145,91,72,0
330510905000108,606,480,116,10,0,0,606,0,0,496,110,0,568,38,0,0,606,0,0,606,0,367,239,0,255,112,239,50,317,239,574,32,0,0,0
330510905000109,766,730,36,0,0,0,766,0,0,632,134,0,766,0,0,0,766,0,0,766,0,649,117,0,618,31,117,336,313,117,417,195,125,29,0
330510905000112,889,686,155,48,0,0,797,92,0,771,118,0,882,7,0,1,888,0,0,889,0,722,167,0,721,1,167,0,722,167,108,294,236,251,0
330510905000113,579,530,49,0,0,0,579,0,0,536,43,0,579,0,0,67,512,0,0,579,0,536,43,0,536,0,43,0,536,43,231,266,76,6,0
330510905000114,749,721,28,0,0,0,749,0,0,302,447,0,749,0,0,0,749,0,0,749,0,721,28,0,721,0,28,0,721,28,306,385,58,0,0
330510905000115,547,547,0,0,0,0,547,0,0,547,0,0,547,0,0,5,542,0,0,547,0,547,0,0,547,0,0,0,547,0,398,0,114,35,0
330510905000116,816,816,0,0,0,0,816,0,0,816,0,0,816,0,0,16,800,0,0,816,0,816,0,0,816,0,0,0,816,0,395,335,0,86,0
330510905000117,539,294,245,0,0,0,539,0,0,468,71,0,539,0,0,0,539,0,0,539,0,477,62,0,477,0,62,0,477,62,339,19,181,0,0
330510905000118,251,251,0,0,0,0,251,0,0,226,25,0,251,0,0,0,251,0,0,251,0,251,0,0,251,0,0,0,251,0,177,0,74,0,0
330510905000119,683,683,0,0,0,0,683,0,0,515,168,0,683,0,0,0,683,0,0,683,0,683,0,0,683,0,0,0,683,0,167,29,487,0,0
330510905000120,535,403,132,0,0,0,535,0,0,172,363,0,452,83,0,0,535,0,0,535,0,535,0,0,535,0,0,1,534,0,151,158,226,0,0
330510905000122,529,529,0,0,0,0,529,0,0,342,187,0,529,0,0,0,529,0,0,529,0,529,0,0,529,0,0,30,499,0,204,325,0,0,0
330510905000123,757,757,0,0,0,0,757,0,0,202,555,0,757,0,0,0,757,0,0,757,0,757,0,0,667,90,0,0,757,0,166,314,83,194,0
330510905000124,398,146,252,0,0,0,398,0,0,303,95,0,398,0,0,0,398,0,0,398,0,398,0,0,398,0,0,0,398,0,96,266,36,0,0
330510905000125,391,359,32,0,0,0,391,0,0,228,163,0,391,0,0,0,391,0,0,391,0,357,34,0,357,0,34,0,357,34,89,128,111,63,0
330510905000126,919,714,173,32,0,0,919,0,0,538,381,0,848,71,0,15,904,0,0,919,0,768,151,0,768,0,151,0,768,151,352,395,56,116,0
330510905000127,340,236,93,3,0,8,332,0,8,235,97,8,322,10,8,36,296,8,0,332,8,190,142,8,190,0,150,0,190,150,265,0,0,67,8
330510905000128,660,407,253,0,0,0,660,0,0,601,59,0,660,0,0,0,660,0,0,660,0,555,105,0,330,225,105,0,555,105,463,28,0,169,0
330510905000129,237,198,39,0,0,0,214,23,0,131,106,0,214,23,0,0,237,0,0,237,0,214,23,0,214,0,23,0,214,23,83,90,64,0,0
330510905000130,378,84,294,0,0,0,378,0,0,98,280,0,378,0,0,44,334,0,0,378,0,378,0,0,378,0,0,0,378,0,128,201,0,49,0
330510905000131,670,551,53,66,0,0,670,0,0,178,492,0,670,0,0,0,670,0,0,670,0,636,34,0,633,3,34,0,636,34,199,148,66,257,0
330510905000132,525,478,36,11,0,0,525,0,0,325,200,0,525,0,0,37,488,0,0,525,0,461,64,0,461,0,64,0,461,64,168,169,36,152,0
330510905000133,706,706,0,0,0,0,706,0,0,661,45,0,706,0,0,168,538,0,0,706,0,706,0,0,639,67,0,101,605,0,409,252,45,0,0
330510905000134,504,504,0,0,0,0,504,0,0,295,209,0,504,0,0,0,504,0,0,504,0,504,0,0,504,0,0,0,504,0,227,197,80,0,0
330510905000135,779,762,17,0,0,0,779,0,0,762,17,0,762,17,0,69,710,0,0,779,0,762,17,0,749,13,17,0,762,17,396,280,103,0,0
330510905000136,525,525,0,0,0,0,525,0,0,513,12,0,525,0,0,0,525,0,0,525,0,525,0,0,525,0,0,0,525,0,285,0,240,0,0
330510905000137,754,457,202,95,0,0,754,0,0,489,265,0,523,231,0,0,754,0,0,754,0,589,165,0,589,0,165,0,589,165,391,231,132,0,0
330510905000138,270,42,132,96,0,0,270,0,0,270,0,0,270,0,0,0,270,0,0,270,0,174,96,0,174,0,96,0,174,96,0,270,0,0,0
330510905000139,520,159,283,78,0,0,306,214,0,68,452,0,520,0,0,0,520,0,0,520,0,159,361,0,159,0,361,0,159,361,520,0,0,0,0
330510905000140,795,1,238,556,0,0,789,6,0,204,591,0,579,216,0,0,795,0,0,795,0,1,794,0,1,0,794,0,1,794,794,1,0,0,0
330510905000141,459,459,0,0,0,0,459,0,0,362,97,0,459,0,0,0,459,0,0,459,0,459,0,0,459,0,0,0,459,0,145,121,136,57,0
330510905000142,701,269,385,47,0,0,701,0,0,156,545,0,699,2,0,0,701,0,0,701,0,547,154,0,547,0,154,0,547,154,340,208,153,0,0
330510905000143,419,203,0,216,0,0,419,0,0,419,0,0,419,0,0,28,391,0,0,419,0,419,0,0,419,0,0,0,419,0,5,159,0,255,0
330510905000144,408,408,0,0,0,0,408,0,0,246,162,0,408,0,0,0,408,0,0,408,0,408,0,0,408,0,0,0,408,0,249,8,151,0,0
330510905000145,684,684,0,0,0,0,684,0,0,668,16,0,684,0,0,45,639,0,36,648,0,684,0,0,684,0,0,0,684,0,416,0,268,0,0
330510905000146,177,177,0,0,0,0,177,0,0,177,0,0,177,0,0,90,87,0,0,177,0,177,0,0,177,0,0,0,177,0,32,87,58,0,0
330510905000147,439,439,0,0,0,0,439,0,0,303,136,0,439,0,0,0,439,0,0,439,0,439,0,0,439,0,0,0,439,0,73,303,0,63,0
330510905000148,231,175,0,56,0,0,231,0,0,115,116,0,228,3,0,0,231,0,0,231,0,178,53,0,178,0,53,0,178,53,27,204,0,0,0
330510905000150,677,677,0,0,0,0,677,0,0,677,0,0,677,0,0,151,526,0,0,677,0,677,0,0,653,24,0,151,526,0,0,372,200,105,0
330510905000151,717,717,0,0,0,0,717,0,0,717,0,0,717,0,0,0,717,0,0,717,0,717,0,0,717,0,0,0,717,0,0,0,717,0,0
330510905000152,476,476,0,0,0,0,476,0,0,476,0,0,476,0,0,0,476,0,0,476,0,476,0,0,476,0,0,0,476,0,244,115,117,0,0
330510905000153,322,322,0,0,0,0,322,0,0,322,0,0,322,0,0,0,322,0,0,322,0,289,33,0,289,0,33,0,289,33,187,0,0,135,0
330510905000154,483,379,104,0,0,0,483,0,0,411,72,0,436,47,0,57,426,0,0,483,0,320,163,0,320,0,163,0,320,163,29,187,267,0,0
330510905000155,575,575,0,0,0,0,575,0,0,575,0,0,428,147,0,157,418,0,0,575,0,575,0,0,560,15,0,15,560,0,19,160,142,254,0
330510905000156,742,506,197,39,0,0,742,0,0,426,316,0,742,0,0,24,718,0,0,742,0,655,87,0,655,0,87,45,610,87,293,329,120,0,0
330510905000157,749,608,89,52,0,0,749,0,0,255,494,0,749,0,0,0,749,0,0,749,0,280,469,0,145,135,469,0,280,469,563,186,0,0,0
330510905000159,708,653,55,0,0,0,708,0,0,526,182,0,708,0,0,0,708,0,0,708,0,681,27,0,681,0,27,0,681,27,287,197,111,113,0
330510905000160,356,356,0,0,0,0,356,0,0,341,15,0,356,0,0,0,356,0,0,356,0,356,0,0,349,7,0,0,356,0,277,79,0,0,0
330510905000161,514,126,0,388,0,0,514,0,0,348,166,0,425,89,0,0,514,0,0,514,0,126,388,0,126,0,388,0,126,388,514,0,0,0,0
330510905000162,725,621,104,0,0,0,725,0,0,687,38,0,725,0,0,72,653,0,0,725,0,621,104,0,602,19,104,0,621,104,322,264,101,38,0
330510905000163,678,678,0,0,0,0,678,0,0,678,0,0,678,0,0,0,678,0,0,678,0,678,0,0,678,0,0,0,678,0,340,159,179,0,0
330510905000164,688,656,0,32,0,0,688,0,0,666,22,0,666,22,0,0,688,0,0,688,0,656,32,0,572,84,32,0,656,32,514,82,92,0,0
330510905000165,206,92,31,83,0,0,183,23,0,86,120,0,206,0,0,0,206,0,0,206,0,86,120,0,86,0,120,0,86,120,169,37,0,0,0
330510905000166,521,0,472,49,0,0,521,0,0,330,191,0,521,0,0,41,480,0,0,521,0,468,53,0,468,0,53,0,468,53,7,54,274,186,0
330510905000167,371,0,371,0,0,0,371,0,0,326,45,0,371,0,0,0,371,0,0,371,0,284,87,0,284,0,87,0,284,87,157,132,82,0,0
330510905000168,577,120,457,0,0,0,577,0,0,577,0,0,577,0,0,96,481,0,4,573,0,577,0,0,577,0,0,0,577,0,409,132,36,0,0
330510905000169,434,364,70,0,0,0,434,0,0,292,142,0,434,0,0,0,434,0,0,434,0,421,13,0,421,0,13,0,421,13,181,221,0,32,0
330510905000170,402,402,0,0,0,0,402,0,0,247,155,0,402,0,0,0,402,0,0,402,0,402,0,0,402,0,0,0,402,0,8,17,0,377,0
330510905000171,137,95,28,14,0,0,137,0,0,0,137,0,123,14,0,0,137,0,0,137,0,137,0,0,137,0,0,0,137,0,122,15,0,0,0
330510905000173,635,517,87,31,0,0,635,0,0,635,0,0,634,1,0,0,635,0,0,635,0,571,64,0,571,0,64,0,571,64,168,450,0,17,0
330510905000174,483,483,0,0,0,0,483,0,0,483,0,0,483,0,0,17,466,0,6,477,0,483,0,0,483,0,0,0,483,0,6,248,229,0,0
330510905000175,580,580,0,0,0,0,580,0,0,580,0,0,580,0,0,0,580,0,25,555,0,580,0,0,403,177,0,234,346,0,392,106,82,0,0
330510905000176,697,697,0,0,0,0,697,0,0,345,352,0,576,121,0,0,697,0,0,697,0,609,88,0,609,0,88,0,609,88,209,270,218,0,0
330510905000177,611,611,0,0,0,0,611,0,0,611,0,0,611,0,0,16,595,0,0,611,0,611,0,0,591,20,0,0,611,0,287,249,0,75,0
330510905000179,536,459,77,0,0,0,536,0,0,464,72,0,536,0,0,0,536,0,0,536,0,536,0,0,484,52,0,37,499,0,316,220,0,0,0
330510905000180,584,458,126,0,0,0,584,0,0,438,146,0,584,0,0,0,584,0,0,584,0,388,196,0,102,286,196,0,388,196,436,137,11,0,0
330510905000181,466,466,0,0,0,0,466,0,0,424,42,0,466,0,0,57,409,0,0,466,0,466,0,0,359,107,0,0,466,0,186,135,145,0,0
330510905000182,674,663,0,11,0,0,663,11,0,674,0,0,674,0,0,0,674,0,0,674,0,663,11,0,437,226,11,0,663,11,191,483,0,0,0
330510905000183,772,722,50,0,0,0,772,0,0,772,0,0,647,125,0,0,772,0,0,772,0,772,0,0,772,0,0,0,772,0,320,178,0,274,0
330510905000184,523,372,151,0,0,0,523,0,0,523,0,0,523,0,0,0,523,0,0,523,0,507,16,0,507,0,16,0,507,16,289,128,21,85,0
330510905000185,825,608,217,0,0,0,825,0,0,805,20,0,825,0,0,66,759,0,0,825,0,801,24,0,763,38,24,89,712,24,502,299,24,0,0
330510905000186,663,515,111,37,0,0,663,0,0,460,203,0,663,0,0,0,663,0,0,663,0,663,0,0,663,0,0,0,663,0,293,239,89,42,0
330510905000187,425,200,209,16,0,0,425,0,0,249,176,0,425,0,0,21,404,0,0,425,0,409,16,0,409,0,16,0,409,16,304,85,0,36,0
330510905000188,211,0,180,31,0,0,211,0,0,151,60,0,211,0,0,0,211,0,0,211,0,211,0,0,131,80,0,0,211,0,139,72,0,0,0
330510905000189,385,331,0,54,0,0,331,54,0,342,43,0,342,43,0,0,385,0,0,385,0,170,215,0,170,0,215,0,170,215,385,0,0,0,0
330510905000190,688,194,330,164,0,0,688,0,0,485,203,0,664,24,0,0,688,0,0,688,0,541,147,0,541,0,147,0,541,147,538,128,22,0,0
330510905000191,912,648,32,232,0,0,890,22,0,452,460,0,873,39,0,0,912,0,0,912,0,426,486,0,426,0,486,0,426,486,684,165,63,0,0
330510905000192,489,263,96,130,0,0,483,6,0,394,95,0,489,0,0,0,489,0,0,489,0,274,215,0,258,16,215,0,274,215,233,186,0,70,0
330510905000193,881,713,168,0,0,0,881,0,0,700,181,0,881,0,0,0,881,0,0,881,0,713,168,0,703,10,168,0,713,168,227,86,138,430,0
330510905000194,455,455,0,0,0,0,455,0,0,455,0,0,455,0,0,40,415,0,0,455,0,455,0,0,415,40,0,0,455,0,16,264,175,0,0
330510905000195,426,211,45,170,0,0,290,136,0,0,426,0,426,0,0,0,426,0,0,426,0,245,181,0,165,80,181,0,245,181,118,263,0,45,0
330510905000196,485,485,0,0,0,0,485,0,0,301,184,0,485,0,0,0,485,0,0,485,0,485,0,0,485,0,0,0,485,0,110,0,191,184,0
330510905000197,590,590,0,0,0,0,590,0,0,590,0,0,590,0,0,111,479,0,0,590,0,590,0,0,590,0,0,0,590,0,308,162,120,0,0
330510905000198,314,314,0,0,0,0,314,0,0,197,117,0,314,0,0,0,314,0,0,314,0,314,0,0,314,0,0,0,314,0,53,78,107,76,0
330510905000199,639,639,0,0,0,0,639,0,0,610,29,0,639,0,0,131,508,0,0,639,0,639,0,0,639,0,0,0,639,0,33,17,352,237,0
330510905000200,681,681,0,0,0,0,681,0,0,681,0,0,681,0,0,13,668,0,124,557,0,681,0,0,529,152,0,391,290,0,14,0,137,530,0
330510905000201,532,532,0,0,0,0,532,0,0,532,0,0,532,0,0,78,454,0,0,532,0,532,0,0,226,306,0,342,190,0,262,270,0,0,0
330510905000202,352,352,0,0,0,0,352,0,0,352,0,0,352,0,0,86,266,0,145,207,0,352,0,0,225,127,0,24,328,0,226,126,0,0,0
330510905000203,836,836,0,0,0,0,836,0,0,819,17,0,819,17,0,6,830,0,0,836,0,836,0,0,830,6,0,0,836,0,31,260,97,448,0
330510905000204,705,405,300,0,0,0,705,0,0,550,155,0,705,0,0,0,705,0,0,705,0,550,155,0,550,0,155,0,550,155,45,267,193,200,0
330510905000205,632,632,0,0,0,0,632,0,0,0,632,0,632,0,0,0,632,0,0,632,0,632,0,0,632,0,0,0,632,0,253,228,117,34,0
330510905000206,558,521,37,0,0,0,558,0,0,222,336,0,487,71,0,0,558,0,0,558,0,426,132,0,355,71,132,0,426,132,81,335,142,0,0
330510905000207,470,470,0,0,0,0,470,0,0,470,0,0,470,0,0,22,448,0,0,470,0,422,48,0,380,42,48,0,422,48,448,22,0,0,0
330510905000208,766,713,53,0,0,0,716,50,0,766,0,0,766,0,0,0,766,0,0,766,0,528,238,0,359,169,238,0,528,238,489,277,0,0,0
330510905000209,700,641,59,0,0,0,700,0,0,700,0,0,700,0,0,0,700,0,0,700,0,700,0,0,465,235,0,0,700,0,465,235,0,0,0
330510905000210,671,252,419,0,0,0,671,0,0,182,489,0,671,0,0,0,671,0,0,671,0,658,13,0,658,0,13,0,658,13,282,315,74,0,0
330510905000211,576,576,0,0,0,0,576,0,0,240,336,0,576,0,0,0,576,0,0,576,0,569,7,0,569,0,7,0,569,7,207,205,164,0,0
330510905000212,593,424,159,10,0,0,593,0,0,325,268,0,593,0,0,71,522,0,0,593,0,593,0,0,593,0,0,0,593,0,217,95,281,0,0
330510905000213,604,318,204,82,0,0,604,0,0,168,436,0,604,0,0,0,604,0,0,604,0,213,391,0,213,0,391,0,213,391,469,30,25,80,0
330510905000214,1035,830,128,77,0,0,913,122,0,893,142,0,1035,0,0,82,953,0,0,1035,0,893,142,0,893,0,142,0,893,142,548,0,45,442,0
330510905000215,720,67,650,3,0,0,717,3,0,265,455,0,717,3,0,34,686,0,180,540,0,500,220,0,422,78,220,0,500,220,219,232,269,0,0
330510905000216,782,298,471,13,0,0,561,221,0,283,499,0,769,13,0,134,648,0,78,704,0,548,234,0,548,0,234,0,548,234,393,221,0,168,0
330510905000217,516,219,297,0,0,0,516,0,0,516,0,0,516,0,0,219,297,0,0,516,0,433,83,0,433,0,83,0,433,83,0,516,0,0,0
330510905000218,569,74,495,0,0,0,523,46,0,303,266,0,523,46,0,0,569,0,0,569,0,423,146,0,423,0,146,0,423,146,511,12,0,46,0
330510905000219,398,9,156,233,0,0,321,77,0,104,294,0,321,77,0,22,376,0,0,398,0,139,259,0,139,0,259,0,139,259,243,78,77,0,0
330510905000221,542,542,0,0,0,0,542,0,0,0,542,0,542,0,0,0,542,0,0,542,0,542,0,0,542,0,0,0,542,0,200,342,0,0,0
330510905000222,730,730,0,0,0,0,730,0,0,730,0,0,730,0,0,75,655,0,256,474,0,730,0,0,609,121,0,0,730,0,102,461,167,0,0
330510905000223,615,615,0,0,0,0,615,0,0,589,26,0,589,26,0,144,471,0,0,615,0,615,0,0,604,11,0,0,615,0,126,370,0,119,0
330510905000224,844,844,0,0,0,0,844,0,0,844,0,0,844,0,0,43,801,0,38,806,0,844,0,0,761,83,0,49,795,0,143,581,111,9,0
330510905000225,633,633,0,0,0,0,633,0,0,625,8,0,633,0,0,23,610,0,0,633,0,625,8,0,602,23,8,0,625,8,31,0,321,281,0
330510905000226,1100,965,135,0,0,0,1100,0,0,619,481,0,1066,34,0,0,1100,0,0,1100,0,932,168,0,922,10,168,0,932,168,578,123,85,314,0
330510905000228,645,512,18,115,0,0,469,176,0,467,178,0,645,0,0,0,645,0,0,645,0,469,176,0,469,0,176,0,469,176,645,0,0,0,0
330510905000229,374,322,45,7,0,0,359,15,0,359,15,0,374,0,0,0,374,0,0,374,0,367,7,0,367,0,7,0,367,7,193,173,8,0,0
330510905000230,606,586,20,0,0,0,606,0,0,471,135,0,606,0,0,0,606,0,0,606,0,606,0,0,584,22,0,0,606,0,331,248,9,18,0
330510905000231,497,369,106,22,0,0,497,0,0,139,358,0,497,0,0,0,497,0,0,497,0,487,10,0,448,39,10,0,487,10,363,125,9,0,0
330510905000232,821,336,475,10,0,0,821,0,0,789,32,0,809,12,0,163,658,0,0,821,0,629,192,0,277,352,192,0,629,192,689,123,9,0,0
330510905000233,763,434,143,186,0,0,763,0,0,320,443,0,763,0,0,0,763,0,0,763,0,763,0,0,722,41,0,0,763,0,671,92,0,0,0
330510905000234,465,349,116,0,0,0,465,0,0,461,4,0,465,0,0,0,465,0,0,465,0,375,90,0,155,220,90,0,375,90,271,103,49,42,0
330510905000235,637,519,75,43,0,0,570,67,0,582,55,0,613,24,0,0,637,0,0,637,0,485,152,0,485,0,152,0,485,152,366,46,225,0,0
330510905000236,408,184,182,42,0,0,408,0,0,373,35,0,408,0,0,184,224,0,0,408,0,401,7,0,401,0,7,0,401,7,182,7,219,0,0
330510905000237,791,275,491,25,0,0,791,0,0,576,215,0,791,0,0,83,708,0,0,791,0,704,87,0,574,130,87,0,704,87,663,68,60,0,0
330510905000238,875,429,435,11,0,0,875,0,0,652,223,0,875,0,0,253,622,0,0,875,0,663,212,0,663,0,212,0,663,212,687,143,21,24,0
330510905000239,932,714,218,0,0,0,932,0,0,310,622,0,932,0,0,34,898,0,0,932,0,828,104,0,828,0,104,0,828,104,712,220,0,0,0
330510905000240,512,188,324,0,0,0,512,0,0,512,0,0,512,0,0,153,359,0,0,512,0,429,83,0,429,0,83,0,429,83,322,161,29,0,0
330510905000241,835,788,0,47,0,0,835,0,0,362,473,0,835,0,0,0,835,0,0,835,0,788,47,0,788,0,47,0,788,47,478,306,0,51,0
330510905000242,907,889,18,0,0,0,907,0,0,375,532,0,889,18,0,0,907,0,0,907,0,889,18,0,889,0,18,0,889,18,233,369,305,0,0
330510905000243,472,17,455,0,0,0,472,0,0,455,17,0,472,0,0,0,472,0,0,472,0,472,0,0,17,455,0,0,472,0,17,0,455,0,0
330510905000244,399,0,399,0,0,0,399,0,0,399,0,0,399,0,0,0,399,0,0,399,0,399,0,0,399,0,0,0,399,0,399,0,0,0,0
330510905000245,597,597,0,0,0,0,597,0,0,494,103,0,597,0,0,0,597,0,0,597,0,597,0,0,597,0,0,69,528,0,299,158,140,0,0
330510905000246,673,661,12,0,0,0,673,0,0,673,0,0,673,0,0,0,673,0,0,673,0,673,0,0,673,0,0,0,673,0,420,155,98,0,0
330510905000247,563,446,88,29,0,0,563,0,0,534,29,0,563,0,0,0,563,0,0,563,0,563,0,0,541,22,0,0,563,0,384,84,0,95,0
330510905000248,780,507,256,17,0,0,780,0,0,687,93,0,780,0,0,0,780,0,0,780,0,780,0,0,751,29,0,27,753,0,479,214,87,0,0
330510905000249,407,357,24,26,0,0,407,0,0,381,26,0,407,0,0,0,407,0,0,407,0,381,26,0,334,47,26,0,381,26,226,0,66,115,0
330510905000250,660,387,169,104,0,0,570,90,0,500,160,0,651,9,0,0,660,0,0,660,0,450,210,0,265,185,210,11,439,210,358,285,17,0,0
330510905000251,692,220,420,52,0,0,661,31,0,167,525,0,692,0,0,0,692,0,0,692,0,592,100,0,574,18,100,0,592,100,342,219,131,0,0
330510905000252,1055,880,67,108,0,0,997,58,0,662,393,0,1000,55,0,0,1055,0,0,1055,0,920,135,0,920,0,135,0,920,135,162,273,123,497,0
330510905000253,793,772,21,0,0,0,793,0,0,708,85,0,793,0,0,28,765,0,0,793,0,793,0,0,793,0,0,0,793,0,130,201,152,310,0
330510905000255,713,68,645,0,0,0,713,0,0,648,65,0,713,0,0,0,713,0,0,713,0,713,0,0,713,0,0,0,713,0,371,342,0,0,0
330510905000256,621,97,495,29,0,0,621,0,0,542,79,0,621,0,0,51,570,0,0,621,0,592,29,0,525,67,29,0,592,29,514,70,27,10,0
330510905000257,949,605,237,107,0,0,842,107,0,605,344,0,949,0,0,69,880,0,0,949,0,605,344,0,605,0,344,0,605,344,509,182,0,258,0
330510905000258,688,346,342,0,0,0,682,6,0,688,0,0,688,0,0,251,437,0,0,688,0,682,6,0,682,0,6,0,682,6,428,0,170,90,0
330510905000259,502,502,0,0,0,0,502,0,0,273,229,0,502,0,0,0,502,0,0,502,0,502,0,0,502,0,0,0,502,0,231,144,18,109,0
330510905000260,789,724,65,0,0,0,789,0,0,742,47,0,789,0,0,34,755,0,0,789,0,739,50,0,739,0,50,0,739,50,286,218,199,86,0
330510905000261,789,789,0,0,0,0,789,0,0,694,95,0,789,0,0,175,614,0,0,789,0,789,0,0,789,0,0,0,789,0,289,277,5,218,0
330510905000262,560,378,168,14,0,0,560,0,0,546,14,0,560,0,0,0,560,0,0,560,0,546,14,0,546,0,14,0,546,14,126,107,0,327,0
330510905000263,660,660,0,0,0,0,660,0,0,660,0,0,660,0,0,45,615,0,0,660,0,660,0,0,660,0,0,0,660,0,166,215,134,145,0
330510905000264,998,844,136,18,0,0,995,3,0,779,219,0,995,3,0,71,927,0,0,998,0,889,109,0,889,0,109,0,889,109,173,425,71,329,0
330510905000265,512,376,136,0,0,0,512,0,0,512,0,0,512,0,0,133,379,0,0,512,0,512,0,0,512,0,0,0,512,0,126,153,0,233,0
330510905000266,453,354,99,0,0,0,453,0,0,335,118,0,453,0,0,137,316,0,0,453,0,453,0,0,453,0,0,0,453,0,132,321,0,0,0
330510905000267,691,333,338,20,0,0,691,0,0,691,0,0,691,0,0,5,686,0,0,691,0,691,0,0,691,0,0,137,554,0,277,258,0,156,0
330510905000268,721,592,0,129,0,0,721,0,0,357,364,0,638,83,0,0,721,0,0,721,0,592,129,0,590,2,129,0,592,129,56,179,239,247,0
330510905000269,808,808,0,0,0,0,808,0,0,808,0,0,808,0,0,106,702,0,0,808,0,799,9,0,736,63,9,0,799,9,335,269,13,191,0
330510905000270,449,449,0,0,0,0,449,0,0,449,0,0,449,0,0,78,371,0,0,449,0,449,0,0,449,0,0,0,449,0,141,308,0,0,0
330510905000271,875,875,0,0,0,0,875,0,0,875,0,0,875,0,0,0,875,0,0,875,0,875,0,0,863,12,0,102,773,0,77,277,310,211,0
330510905000272,913,894,19,0,0,0,913,0,0,855,58,0,913,0,0,140,773,0,0,913,0,913,0,0,913,0,0,0,913,0,568,190,42,113,0
330510905000273,798,718,62,18,0,0,777,21,0,675,123,0,780,18,0,16,782,0,0,798,0,761,37,0,761,0,37,0,761,37,231,364,110,93,0
330510905000274,594,577,17,0,0,0,594,0,0,330,264,0,594,0,0,212,382,0,0,594,0,594,0,0,594,0,0,0,594,0,17,217,0,360,0
330510905000275,589,533,56,0,0,0,589,0,0,584,5,0,589,0,0,197,392,0,0,589,0,589,0,0,341,248,0,281,308,0,330,0,0,259,0
330510905000276,474,474,0,0,0,0,474,0,0,474,0,0,474,0,0,0,474,0,0,474,0,474,0,0,474,0,0,0,474,0,37,305,132,0,0
330510905000277,586,586,0,0,0,0,586,0,0,586,0,0,586,0,0,145,441,0,0,586,0,586,0,0,554,32,0,230,356,0,139,142,305,0,0
330510905000278,747,730,0,17,0,0,628,119,0,483,264,0,747,0,0,25,722,0,0,747,0,628,119,0,628,0,119,0,628,119,318,174,136,119,0
330510905000279,650,619,0,31,0,0,650,0,0,157,493,0,650,0,0,0,650,0,0,650,0,650,0,0,650,0,0,0,650,0,324,20,103,203,0
330510905000280,580,0,580,0,0,0,0,580,0,0,580,0,580,0,0,0,580,0,0,580,0,0,580,0,0,0,580,0,0,580,580,0,0,0,0
330510905000281,629,0,629,0,0,0,0,629,0,0,629,0,629,0,0,0,629,0,0,629,0,0,629,0,0,0,629,0,0,629,629,0,0,0,0
330510905000282,405,405,0,0,0,0,405,0,0,405,0,0,405,0,0,188,217,0,0,405,0,405,0,0,405,0,0,0,405,0,214,104,87,0,0
330510905000283,513,513,0,0,0,0,513,0,0,513,0,0,513,0,0,0,513,0,0,513,0,513,0,0,513,0,0,0,513,0,313,0,129,71,0
330510905000284,688,532,156,0,0,0,688,0,0,581,107,0,688,0,0,20,668,0,0,688,0,682,6,0,662,20,6,13,669,6,174,310,171,33,0
330510905000285,599,448,146,5,0,0,599,0,0,599,0,0,599,0,0,230,369,0,0,599,0,599,0,0,599,0,0,0,599,0,540,54,0,5,0
330510905000286,419,419,0,0,0,0,419,0,0,374,45,0,419,0,0,0,419,0,0,419,0,419,0,0,351,68,0,0,419,0,282,105,9,23,0
330510905000287,809,798,11,0,0,0,809,0,0,809,0,0,809,0,0,0,809,0,0,809,0,809,0,0,798,11,0,0,809,0,600,209,0,0,0
330510905000288,480,480,0,0,0,0,480,0,0,480,0,0,480,0,0,29,451,0,0,480,0,480,0,0,480,0,0,0,480,0,244,184,52,0,0
330510905000289,924,924,0,0,0,0,924,0,0,924,0,0,924,0,0,0,924,0,0,924,0,924,0,0,924,0,0,0,924,0,518,354,52,0,0
330510905000290,792,792,0,0,0,0,792,0,0,772,20,0,792,0,0,0,792,0,0,792,0,792,0,0,791,1,0,0,792,0,341,318,0,133,0
330510905000291,668,668,0,0,0,0,668,0,0,668,0,0,668,0,0,0,668,0,0,668,0,668,0,0,668,0,0,0,668,0,181,223,264,0,0
330510905000293,588,588,0,0,0,0,588,0,0,588,0,0,504,84,0,55,533,0,0,588,0,533,55,0,468,65,55,55,478,55,311,115,49,113,0
330510905000294,449,343,0,106,0,0,343,106,0,113,336,0,343,106,0,19,430,0,0,449,0,343,106,0,343,0,106,0,343,106,248,23,0,178,0
330510905000295,386,386,0,0,0,0,386,0,0,154,232,0,386,0,0,0,386,0,0,386,0,386,0,0,386,0,0,0,386,0,108,50,0,228,0
330510905000296,734,734,0,0,0,0,734,0,0,694,40,0,734,0,0,0,734,0,0,734,0,734,0,0,734,0,0,0,734,0,14,66,282,372,0
330510905000298,484,330,99,55,0,0,484,0,0,355,129,0,484,0,0,0,484,0,0,484,0,436,48,0,421,15,48,0,436,48,308,50,77,49,0
330510905000299,237,157,53,27,0,0,216,21,0,89,148,0,229,8,0,0,237,0,0,237,0,176,61,0,176,0,61,0,176,61,79,11,26,121,0
330510905000300,517,279,238,0,0,0,517,0,0,279,238,0,517,0,0,0,517,0,0,517,0,517,0,0,507,10,0,0,517,0,14,261,0,242,0
330510905000301,438,46,392,0,0,0,438,0,0,10,428,0,438,0,0,0,438,0,0,438,0,438,0,0,438,0,0,0,438,0,10,180,248,0,0
330510905000302,825,720,23,82,0,0,803,22,0,0,825,0,803,22,0,0,825,0,0,825,0,561,264,0,561,0,264,0,561,264,542,214,23,46,0
330510905000303,643,84,374,185,0,0,377,266,0,197,446,0,643,0,0,0,643,0,0,643,0,250,393,0,35,215,393,0,250,393,615,0,9,19,0
330510905000304,216,125,10,81,0,0,208,8,0,125,91,0,143,73,0,0,216,0,0,216,0,135,81,0,135,0,81,0,135,81,135,0,0,81,0
330510905000306,271,223,22,26,0,0,271,0,0,152,119,0,271,0,0,0,271,0,0,271,0,245,26,0,245,0,26,0,245,26,16,255,0,0,0
330510905000307,840,83,684,73,0,0,462,378,0,83,757,0,840,0,0,83,757,0,0,840,0,165,675,0,165,0,675,0,165,675,328,383,129,0,0
330510905000308,372,372,0,0,0,0,372,0,0,372,0,0,372,0,0,11,361,0,0,372,0,372,0,0,372,0,0,48,324,0,135,199,38,0,0
330510905000309,349,0,234,115,0,0,252,97,0,252,97,0,349,0,0,0,349,0,0,349,0,234,115,0,234,0,115,0,234,115,349,0,0,0,0
330510905000310,305,280,25,0,0,0,280,25,0,176,129,0,278,27,0,0,305,0,0,305,0,280,25,0,280,0,25,0,280,25,144,32,104,25,0
330510905000311,1011,1011,0,0,0,0,1011,0,0,986,25,0,1011,0,0,0,1011,0,0,1011,0,1011,0,0,981,30,0,0,1011,0,694,150,167,0,0
330510905000312,239,239,0,0,0,0,239,0,0,239,0,0,239,0,0,0,239,0,0,239,0,239,0,0,238,1,0,0,239,0,1,0,238,0,0
330510905000313,361,106,234,21,0,0,361,0,0,340,21,0,361,0,0,0,361,0,0,361,0,349,12,0,349,0,12,0,349,12,283,78,0,0,0
330510905000314,415,154,261,0,0,0,415,0,0,373,42,0,415,0,0,0,415,0,0,415,0,363,52,0,187,176,52,0,363,52,259,92,42,22,0
330510905000315,739,739,0,0,0,0,739,0,0,598,141,0,739,0,0,0,739,0,0,739,0,739,0,0,739,0,0,0,739,0,400,246,93,0,0
330510905000316,598,322,173,103,0,0,598,0,0,208,390,0,598,0,0,0,598,0,0,598,0,598,0,0,598,0,0,0,598,0,383,215,0,0,0
330510905000317,538,400,0,138,0,0,538,0,0,477,61,0,538,0,0,0,538,0,0,538,0,538,0,0,538,0,0,0,538,0,487,0,0,51,0
330510905000318,381,336,45,0,0,0,381,0,0,257,124,0,381,0,0,0,381,0,0,381,0,381,0,0,188,193,0,0,381,0,134,192,55,0,0
330510905000319,270,253,17,0,0,0,270,0,0,253,17,0,270,0,0,62,208,0,0,270,0,253,17,0,253,0,17,0,253,17,62,208,0,0,0
330510905000320,234,234,0,0,0,0,234,0,0,98,136,0,234,0,0,0,234,0,0,234,0,234,0,0,234,0,0,90,144,0,111,104,19,0,0
330510905000321,526,488,38,0,0,0,526,0,0,508,18,0,408,118,0,0,526,0,0,526,0,526,0,0,5,521,0,85,441,0,105,224,0,197,0
330510905000322,759,759,0,0,0,0,759,0,0,675,84,0,759,0,0,0,759,0,66,693,0,609,150,0,609,0,150,0,609,150,294,150,69,246,0
330510905000323,597,310,287,0,0,0,597,0,0,597,0,0,597,0,0,0,597,0,0,597,0,597,0,0,574,23,0,0,597,0,310,8,279,0,0
330510905000324,738,626,112,0,0,0,738,0,0,522,216,0,637,101,0,102,636,0,0,738,0,738,0,0,738,0,0,0,738,0,367,27,237,107,0
330510905000325,693,693,0,0,0,0,693,0,0,428,265,0,693,0,0,0,693,0,0,693,0,693,0,0,693,0,0,0,693,0,693,0,0,0,0
330510905000326,784,225,507,52,0,0,784,0,0,369,415,0,784,0,0,39,745,0,0,784,0,518,266,0,518,0,266,0,518,266,187,365,0,232,0
330510905000327,565,565,0,0,0,0,565,0,0,565,0,0,565,0,0,0,565,0,0,565,0,535,30,0,535,0,30,0,535,30,316,16,79,154,0
330510905000328,521,521,0,0,0,0,521,0,0,521,0,0,521,0,0,0,521,0,101,420,0,521,0,0,454,67,0,56,465,0,408,113,0,0,0
330510905000329,727,624,103,0,0,0,727,0,0,727,0,0,727,0,0,0,727,0,0,727,0,698,29,0,385,313,29,0,698,29,247,437,43,0,0
330510905000330,684,175,509,0,0,0,684,0,0,565,119,0,684,0,0,0,684,0,0,684,0,447,237,0,447,0,237,0,447,237,320,257,107,0,0
330510905000331,463,452,0,11,0,0,452,11,0,182,281,0,452,11,0,0,463,0,0,463,0,444,19,0,444,0,19,0,444,19,452,11,0,0,0
330510905000332,257,194,0,63,0,0,214,43,0,135,122,0,224,33,0,0,257,0,0,257,0,194,63,0,182,12,63,0,194,63,75,0,0,182,0
330510905000333,817,642,175,0,0,0,817,0,0,815,2,0,817,0,0,18,799,0,18,799,0,591,226,0,217,374,226,0,591,226,552,222,43,0,0
330510905000334,383,274,54,55,0,0,383,0,0,343,40,0,383,0,0,0,383,0,0,383,0,330,53,0,315,15,53,0,330,53,124,211,0,48,0
330510905000335,550,439,40,71,0,0,544,6,0,402,148,0,550,0,0,0,550,0,0,550,0,452,98,0,452,0,98,0,452,98,254,21,87,188,0
330510905000336,349,349,0,0,0,0,349,0,0,349,0,0,349,0,0,38,311,0,0,349,0,349,0,0,349,0,0,0,349,0,133,98,118,0,0
330510905000337,450,237,199,14,0,0,450,0,0,318,132,0,450,0,0,0,450,0,0,450,0,360,90,0,318,42,90,0,360,90,332,118,0,0,0
330510905000338,439,342,97,0,0,0,439,0,0,439,0,0,439,0,0,0,439,0,0,439,0,348,91,0,310,38,91,0,348,91,338,23,60,18,0
330510905000340,426,426,0,0,0,0,426,0,0,83,343,0,426,0,0,0,426,0,0,426,0,426,0,0,426,0,0,0,426,0,148,197,0,81,0
330510905000341,586,586,0,0,0,0,586,0,0,586,0,0,586,0,0,245,341,0,0,586,0,586,0,0,586,0,0,41,545,0,317,207,62,0,0
330510905000342,665,665,0,0,0,0,665,0,0,626,39,0,665,0,0,0,665,0,0,665,0,665,0,0,665,0,0,100,565,0,241,117,0,307,0
330510905000343,545,545,0,0,0,0,545,0,0,448,97,0,545,0,0,310,235,0,0,545,0,545,0,0,545,0,0,0,545,0,368,0,0,177,0
330510905000344,486,486,0,0,0,0,486,0,0,259,227,0,486,0,0,0,486,0,0,486,0,486,0,0,486,0,0,0,486,0,454,0,32,0,0
330510905000345,304,304,0,0,0,0,304,0,0,304,0,0,304,0,0,0,304,0,0,304,0,304,0,0,304,0,0,0,304,0,144,0,124,36,0
330510905000346,860,631,229,0,0,0,740,120,0,737,123,0,850,10,0,0,860,0,0,860,0,740,120,0,740,0,120,0,740,120,235,333,69,223,0
330510905000347,552,552,0,0,0,0,552,0,0,522,30,0,552,0,0,0,552,0,0,552,0,552,0,0,552,0,0,0,552,0,316,0,219,17,0
330510905000348,373,373,0,0,0,0,373,0,0,373,0,0,373,0,0,0,373,0,0,373,0,373,0,0,373,0,0,184,189,0,105,268,0,0,0
330510905000349,425,103,322,0,0,0,425,0,0,368,57,0,421,4,0,0,425,0,0,425,0,364,61,0,284,80,61,0,364,61,326,46,53,0,0
330510905000350,277,87,190,0,0,0,277,0,0,233,44,0,277,0,0,87,190,0,0,277,0,244,33,0,190,54,33,0,244,33,153,124,0,0,0
330510905000351,229,229,0,0,0,0,229,0,0,143,86,0,139,90,0,0,229,0,0,229,0,229,0,0,229,0,0,0,229,0,229,0,0,0,0
330510905000353,215,215,0,0,0,0,215,0,0,179,36,0,185,30,0,0,215,0,0,215,0,200,15,0,115,85,15,112,88,15,127,36,43,9,0
330510905000354,255,255,0,0,0,0,255,0,0,255,0,0,255,0,0,0,255,0,0,255,0,200,55,0,135,65,55,0,200,55,255,0,0,0,0
330510905000355,452,375,70,7,0,0,448,4,0,452,0,0,452,0,0,0,452,0,0,452,0,421,31,0,339,82,31,0,421,31,262,182,8,0,0
330510905000356,176,176,0,0,0,0,176,0,0,160,16,0,176,0,0,0,176,0,0,176,0,176,0,0,167,9,0,0,176,0,95,81,0,0,0
330510905000357,306,306,0,0,0,0,306,0,0,306,0,0,306,0,0,111,195,0,0,306,0,306,0,0,306,0,0,0,306,0,158,70,0,78,0
330510905000358,415,0,415,0,0,0,0,415,0,0,415,0,415,0,0,415,0,0,0,415,0,0,415,0,0,0,415,0,0,415,415,0,0,0,0
330510905000359,404,0,404,0,0,0,163,241,0,0,404,0,404,0,0,404,0,0,0,404,0,0,404,0,0,0,404,0,0,404,404,0,0,0,0
330510905000360,146,24,0,122,0,0,77,69,0,0,146,0,146,0,0,0,146,0,0,146,0,77,69,0,24,53,69,0,77,69,24,122,0,0,0
330510905000361,423,423,0,0,0,0,423,0,0,64,359,0,423,0,0,0,423,0,0,423,0,423,0,0,423,0,0,32,391,0,77,107,0,239,0
330510905000363,615,615,0,0,0,0,615,0,0,615,0,0,615,0,0,0,615,0,0,615,0,615,0,0,615,0,0,0,615,0,242,214,0,159,0
330510905000364,286,0,133,153,0,0,201,85,0,0,286,0,175,111,0,0,286,0,0,286,0,0,286,0,0,0,286,0,0,286,286,0,0,0,0
330510905000365,178,178,0,0,0,0,178,0,0,178,0,0,178,0,0,85,93,0,0,178,0,178,0,0,178,0,0,0,178,0,96,0,82,0,0
330510905000366,567,359,176,32,0,0,567,0,0,376,191,0,567,0,0,0,567,0,0,567,0,554,13,0,535,19,13,0,554,13,257,248,62,0,0
330510905000367,282,0,282,0,0,0,282,0,0,0,282,0,49,233,0,0,282,0,0,282,0,49,233,0,0,49,233,0,49,233,282,0,0,0,0
330510905000368,626,626,0,0,0,0,626,0,0,536,90,0,626,0,0,0,626,0,0,626,0,626,0,0,626,0,0,0,626,0,200,293,0,133,0
330510905000369,494,494,0,0,0,0,494,0,0,424,70,0,494,0,0,31,463,0,0,494,0,494,0,0,494,0,0,0,494,0,349,145,0,0,0
330510905000370,521,347,155,19,0,0,450,71,0,65,456,0,521,0,0,0,521,0,0,521,0,411,110,0,411,0,110,0,411,110,43,341,0,137,0
330510905000371,604,254,257,93,0,0,604,0,0,320,284,0,604,0,0,0,604,0,0,604,0,347,257,0,347,0,257,0,347,257,188,247,86,83,0
330510905000372,365,365,0,0,0,0,365,0,0,365,0,0,365,0,0,0,365,0,0,365,0,365,0,0,365,0,0,0,365,0,87,207,11,60,0
330510905000373,350,0,228,122,0,0,347,3,0,106,244,0,347,3,0,0,350,0,0,350,0,175,175,0,175,0,175,0,175,175,277,70,0,3,0
330510905000374,120,120,0,0,0,0,120,0,0,120,0,0,120,0,0,70,50,0,51,69,0,120,0,0,0,120,0,70,50,0,53,16,51,0,0
330510905000375,647,647,0,0,0,0,647,0,0,489,158,0,616,31,0,13,634,0,0,647,0,442,205,0,442,0,205,0,442,205,106,126,0,415,0
330510905000376,163,125,30,8,0,0,163,0,0,163,0,0,163,0,0,48,115,0,0,163,0,163,0,0,37,126,0,18,145,0,122,32,9,0,0
330510905000377,631,631,0,0,0,0,631,0,0,631,0,0,631,0,0,95,536,0,0,631,0,631,0,0,576,55,0,0,631,0,437,0,50,144,0
330510905000378,473,473,0,0,0,0,473,0,0,473,0,0,473,0,0,73,400,0,0,473,0,473,0,0,316,157,0,282,191,0,376,97,0,0,0
330510905000379,632,518,111,3,0,0,629,3,0,313,319,0,629,3,0,0,632,0,0,632,0,620,12,0,620,0,12,0,620,12,208,0,330,94,0
330510905000380,435,417,18,0,0,0,435,0,0,122,313,0,435,0,0,0,435,0,0,435,0,387,48,0,251,136,48,0,387,48,413,18,4,0,0
330510905000381,634,269,328,37,0,0,634,0,0,365,269,0,314,320,0,0,634,0,0,634,0,283,351,0,283,0,351,0,283,351,37,328,269,0,0
330510905000382,467,467,0,0,0,0,467,0,0,467,0,0,467,0,0,2,465,0,0,467,0,467,0,0,467,0,0,0,467,0,11,135,321,0,0
330510905000383,421,421,0,0,0,0,421,0,0,421,0,0,421,0,0,161,260,0,0,421,0,421,0,0,413,8,0,40,381,0,232,130,59,0,0
330510905000384,327,327,0,0,0,0,327,0,0,327,0,0,327,0,0,61,266,0,0,327,0,327,0,0,327,0,0,0,327,0,100,55,84,88,0
330510905000385,480,366,113,1,0,0,480,0,0,480,0,0,480,0,0,0,480,0,0,480,0,368,112,0,210,158,112,0,368,112,443,0,37,0,0
330510905000386,282,201,81,0,0,0,282,0,0,282,0,0,282,0,0,139,143,0,0,282,0,143,139,0,0,143,139,0,143,139,201,81,0,0,0
330510905000387,388,205,130,53,0,0,343,45,0,343,45,0,343,45,0,96,292,0,0,388,0,321,67,0,321,0,67,0,321,67,228,160,0,0,0
330510905000388,440,430,0,10,0,0,440,0,0,440,0,0,440,0,0,0,440,0,0,440,0,440,0,0,440,0,0,0,440,0,192,147,0,101,0
330510905000390,638,638,0,0,0,0,638,0,0,638,0,0,638,0,0,0,638,0,180,458,0,638,0,0,638,0,0,273,365,0,167,82,258,131,0
330510905000391,486,241,245,0,0,0,486,0,0,484,2,0,486,0,0,13,473,0,0,486,0,484,2,0,211,273,2,0,484,2,395,91,0,0,0
330510905000392,510,510,0,0,0,0,510,0,0,487,23,0,510,0,0,0,510,0,0,510,0,510,0,0,464,46,0,119,391,0,218,246,46,0,0
330510905000393,382,382,0,0,0,0,382,0,0,382,0,0,382,0,0,48,334,0,10,372,0,382,0,0,382,0,0,0,382,0,196,176,10,0,0
330510905000394,340,340,0,0,0,0,340,0,0,340,0,0,340,0,0,42,298,0,0,340,0,340,0,0,293,47,0,283,57,0,135,158,0,47,0
330510905000395,489,384,0,105,0,0,489,0,0,489,0,0,489,0,0,92,397,0,0,489,0,384,105,0,83,301,105,77,307,105,427,15,0,47,0
330510905000396,648,354,266,28,0,0,422,226,0,234,414,0,621,27,0,0,648,0,0,648,0,361,287,0,361,0,287,0,361,287,531,48,69,0,0
330510905000397,394,394,0,0,0,0,394,0,0,301,93,0,394,0,0,0,394,0,0,394,0,394,0,0,394,0,0,0,394,0,265,129,0,0,0
330510905000398,414,279,56,79,0,0,279,135,0,168,246,0,335,79,0,0,414,0,0,414,0,193,221,0,193,0,221,0,193,221,414,0,0,0,0
330510905000399,1236,1122,39,75,0,0,1236,0,0,1161,75,0,1163,73,0,0,1236,0,0,1236,0,1122,114,0,1122,0,114,0,1122,114,1236,0,0,0,0
330510905000400,1136,1136,0,0,0,0,1136,0,0,1136,0,0,1136,0,0,1136,0,0,0,1136,0,1136,0,0,1136,0,0,0,1136,0,0,0,0,1136,0
330510905000401,X,X,X,X,X,X,X,X,X,X,X,X,X,X,X,X,X,X,X,X,X,X,X,X,X,X,X,X,X,X,X,X,X,X,X
330510905000402,178,178,0,0,0,0,138,40,0,138,40,0,178,0,0,138,40,0,0,178,0,138,40,0,138,0,40,0,138,40,0,0,40,138,0
330510905000403,255,255,0,0,0,0,255,0,0,113,142,0,255,0,0,129,126,0,0,255,0,255,0,0,126,129,0,0,255,0,142,0,113,0,0
330510905000404,362,362,0,0,0,0,362,0,0,280,82,0,362,0,0,0,362,0,0,362,0,362,0,0,276,86,0,27,335,0,345,17,0,0,0
330510905000405,619,532,79,8,0,0,619,0,0,266,353,0,619,0,0,0,619,0,0,619,0,619,0,0,619,0,0,340,279,0,126,76,92,325,0
330510905000406,414,414,0,0,0,0,414,0,0,414,0,0,414,0,0,129,285,0,0,414,0,414,0,0,414,0,0,379,35,0,36,249,129,0,0
330510905000407,366,334,0,32,0,0,366,0,0,308,58,0,361,5,0,0,366,0,0,366,0,366,0,0,366,0,0,0,366,0,207,159,0,0,0
330510905000408,309,282,0,27,0,0,297,12,0,143,166,0,309,0,0,0,309,0,0,309,0,229,80,0,229,0,80,0,229,80,194,55,60,0,0
330510905000409,414,414,0,0,0,0,414,0,0,397,17,0,414,0,0,120,294,0,0,414,0,414,0,0,396,18,0,0,414,0,208,0,206,0,0
330510905000410,138,138,0,0,0,0,138,0,0,138,0,0,71,67,0,0,138,0,0,138,0,138,0,0,138,0,0,0,138,0,49,22,67,0,0
330510905000411,403,0,352,51,0,0,211,192,0,34,369,0,344,59,0,0,403,0,0,403,0,189,214,0,189,0,214,0,189,214,97,222,0,84,0
330510905000412,332,164,150,18,0,0,332,0,0,140,192,0,207,125,0,0,332,0,0,332,0,314,18,0,314,0,18,0,314,18,317,15,0,0,0
330510905000413,457,457,0,0,0,0,457,0,0,457,0,0,434,23,0,12,445,0,0,457,0,457,0,0,457,0,0,0,457,0,162,228,67,0,0
330510905000414,198,176,0,22,0,0,176,22,0,176,22,0,103,95,0,0,198,0,0,198,0,171,27,0,171,0,27,0,171,27,198,0,0,0,0
330510905000416,984,356,617,11,0,0,984,0,0,892,92,0,897,87,0,0,984,0,0,984,0,850,134,0,786,64,134,64,786,134,811,0,173,0,0
330510905000417,313,113,0,200,0,0,313,0,0,313,0,0,313,0,0,73,240,0,0,313,0,313,0,0,313,0,0,0,313,0,80,200,0,33,0
330510905000418,743,743,0,0,0,0,618,125,0,0,743,0,743,0,0,0,743,0,0,743,0,666,77,0,666,0,77,0,666,77,743,0,0,0,0
330510905000419,548,0,536,12,0,0,430,118,0,0,548,0,521,27,0,0,548,0,0,548,0,0,548,0,0,0,548,0,0,548,470,78,0,0,0
330510905000420,567,223,333,11,0,0,567,0,0,55,512,0,567,0,0,0,567,0,0,567,0,516,51,0,516,0,51,0,516,51,518,11,11,27,0
330510905000421,36,36,0,0,0,0,36,0,0,0,36,0,36,0,0,0,36,0,0,36,0,36,0,0,36,0,0,0,36,0,20,16,0,0,0
330510905000422,254,237,17,0,0,0,237,17,0,237,17,0,254,0,0,14,240,0,0,254,0,237,17,0,237,0,17,0,237,17,31,0,223,0,0
330510905000423,180,41,125,14,0,0,43,137,0,50,130,0,157,23,0,0,180,0,0,180,0,41,139,0,41,0,139,0,41,139,54,126,0,0,0
330510905000424,358,33,222,103,0,0,168,190,0,0,358,0,348,10,0,0,358,0,0,358,0,0,358,0,0,0,358,0,0,358,358,0,0,0,0
330510905000425,477,0,477,0,0,0,245,232,0,50,427,0,477,0,0,0,477,0,0,477,0,0,477,0,0,0,477,0,0,477,447,30,0,0,0
330510905000426,217,30,100,87,0,0,217,0,0,0,217,0,217,0,0,0,217,0,0,217,0,130,87,0,130,0,87,0,130,87,151,66,0,0,0
330510905000427,390,68,282,40,0,0,390,0,0,350,40,0,390,0,0,0,390,0,0,390,0,318,72,0,318,0,72,13,305,72,276,114,0,0,0
330510905000428,188,0,188,0,0,0,81,107,0,107,81,0,188,0,0,0,188,0,0,188,0,81,107,0,0,81,107,0,81,107,0,0,0,188,0
330510905000429,135,78,57,0,0,0,135,0,0,47,88,0,135,0,0,0,135,0,47,88,0,78,57,0,48,30,57,0,78,57,83,47,0,5,0
330510905000430,244,244,0,0,0,0,244,0,0,195,49,0,244,0,0,0,244,0,0,244,0,244,0,0,244,0,0,0,244,0,244,0,0,0,0
330510905000431,352,339,13,0,0,0,352,0,0,98,254,0,255,97,0,0,352,0,0,352,0,352,0,0,352,0,0,0,352,0,241,98,13,0,0
330510905000432,331,33,64,234,0,0,314,17,0,180,151,0,331,0,0,0,331,0,0,331,0,286,45,0,278,8,45,0,286,45,284,47,0,0,0
330510905000433,289,289,0,0,0,0,289,0,0,220,69,0,289,0,0,0,289,0,0,289,0,289,0,0,289,0,0,0,289,0,69,0,0,220,0
330510905000434,358,358,0,0,0,0,358,0,0,344,14,0,358,0,0,14,344,0,0,358,0,358,0,0,344,14,0,0,358,0,358,0,0,0,0
330510905000436,706,706,0,0,0,0,706,0,0,705,1,0,701,5,0,33,673,0,0,706,0,706,0,0,706,0,0,0,706,0,281,21,51,353,0
330510905000437,328,299,0,29,0,0,328,0,0,267,61,0,328,0,0,66,262,0,0,328,0,299,29,0,26,273,29,143,156,29,314,0,14,0,0
330510905000438,416,398,0,18,0,0,416,0,0,398,18,0,416,0,0,256,160,0,0,416,0,398,18,0,0,398,18,194,204,18,416,0,0,0,0
330510905000439,514,111,403,0,0,0,514,0,0,420,94,0,514,0,0,48,466,0,0,514,0,420,94,0,420,0,94,0,420,94,400,114,0,0,0
330510905000440,514,62,416,36,0,0,214,300,0,10,504,0,500,14,0,0,514,0,0,514,0,0,514,0,0,0,514,0,0,514,94,266,35,119,0
330510905000441,61,61,0,0,0,0,61,0,0,23,38,0,61,0,0,7,54,0,0,61,0,54,7,0,54,0,7,0,54,7,54,0,0,7,0
330510905000442,773,773,0,0,0,0,756,17,0,163,610,0,644,129,0,4,769,0,0,773,0,706,67,0,585,121,67,0,706,67,731,42,0,0,0
330510905000443,431,185,91,155,0,0,431,0,0,110,321,0,276,155,0,28,403,0,0,431,0,253,178,0,253,0,178,0,253,178,276,86,0,69,0
330510905000444,121,56,0,65,0,0,121,0,0,56,65,0,56,65,0,0,121,0,0,121,0,56,65,0,56,0,65,0,56,65,0,121,0,0,0
330510910000001,645,645,0,0,0,0,645,0,0,645,0,0,645,0,0,0,645,0,0,645,0,645,0,0,618,27,0,0,645,0,120,43,455,27,0
330510910000002,617,617,0,0,0,0,617,0,0,617,0,0,617,0,0,0,617,0,0,617,0,495,122,0,461,34,122,0,495,122,366,144,70,37,0
330510910000003,661,653,0,8,0,0,661,0,0,661,0,0,653,8,0,0,661,0,0,661,0,618,43,0,518,100,43,0,618,43,343,318,0,0,0
330510910000004,380,380,0,0,0,0,380,0,0,378,2,0,380,0,0,166,214,0,0,380,0,380,0,0,199,181,0,0,380,0,274,73,33,0,0
330510910000005,660,660,0,0,0,0,660,0,0,653,7,0,660,0,0,0,660,0,0,660,0,660,0,0,206,454,0,0,660,0,213,156,92,199,0
330510910000006,509,439,0,70,0,0,509,0,0,509,0,0,509,0,0,160,349,0,0,509,0,509,0,0,439,70,0,0,509,0,439,31,0,39,0
330510910000007,571,571,0,0,0,0,571,0,0,571,0,0,571,0,0,168,403,0,0,571,0,571,0,0,571,0,0,0,571,0,419,152,0,0,0
330510910000008,632,632,0,0,0,0,632,0,0,632,0,0,632,0,0,20,612,0,0,632,0,632,0,0,564,68,0,242,390,0,243,369,0,20,0
330510910000009,630,630,0,0,0,0,630,0,0,630,0,0,630,0,0,0,630,0,0,630,0,630,0,0,436,194,0,43,587,0,290,340,0,0,0
330510910000010,793,793,0,0,0,0,793,0,0,793,0,0,793,0,0,118,675,0,0,793,0,777,16,0,777,0,16,0,777,16,249,345,0,199,0
330510910000011,767,767,0,0,0,0,767,0,0,767,0,0,767,0,0,273,494,0,0,767,0,767,0,0,767,0,0,0,767,0,17,350,94,306,0
330510910000012,926,926,0,0,0,0,926,0,0,912,14,0,926,0,0,0,926,0,0,926,0,926,0,0,926,0,0,0,926,0,7,443,425,51,0
330510910000013,513,393,120,0,0,0,480,33,0,342,171,0,513,0,0,0,513,0,0,513,0,257,256,0,220,37,256,0,257,256,353,160,0,0,0
330510910000014,590,584,0,6,0,0,590,0,0,491,99,0,584,6,0,30,560,0,0,590,0,568,22,0,99,469,22,0,568,22,590,0,0,0,0
330510910000015,846,828,0,18,0,0,846,0,0,22,824,0,846,0,0,0,846,0,0,846,0,828,18,0,701,127,18,0,828,18,444,402,0,0,0
330510910000016,415,415,0,0,0,0,415,0,0,367,48,0,415,0,0,0,415,0,0,415,0,415,0,0,340,75,0,0,415,0,291,124,0,0,0
330510910000017,646,646,0,0,0,0,646,0,0,232,414,0,646,0,0,225,421,0,0,646,0,646,0,0,413,233,0,94,552,0,552,0,0,94,0
330510910000018,530,530,0,0,0,0,530,0,0,504,26,0,530,0,0,111,419,0,0,530,0,530,0,0,305,225,0,0,530,0,419,111,0,0,0
330510910000019,445,445,0,0,0,0,445,0,0,331,114,0,445,0,0,99,346,0,0,445,0,445,0,0,67,378,0,46,399,0,286,106,53,0,0
330510910000020,497,497,0,0,0,0,497,0,0,188,309,0,497,0,0,0,497,0,0,497,0,497,0,0,0,497,0,0,497,0,400,58,0,39,0
330510910000021,629,629,0,0,0,0,629,0,0,91,538,0,629,0,0,0,629,0,0,629,0,629,0,0,153,476,0,0,629,0,400,161,68,0,0
330510910000022,654,654,0,0,0,0,654,0,0,98,556,0,654,0,0,59,595,0,0,654,0,654,0,0,49,605,0,0,654,0,444,210,0,0,0
330510910000023,908,908,0,0,0,0,908,0,0,294,614,0,908,0,0,0,908,0,0,908,0,908,0,0,276,632,0,0,908,0,451,378,72,7,0
330510910000024,762,762,0,0,0,0,762,0,0,308,454,0,762,0,0,0,762,0,0,762,0,762,0,0,87,675,0,0,762,0,718,44,0,0,0
330510910000025,601,601,0,0,0,0,601,0,0,475,126,0,601,0,0,0,601,0,0,601,0,601,0,0,0,601,0,0,601,0,276,298,27,0,0
330510910000026,638,638,0,0,0,0,638,0,0,638,0,0,638,0,0,75,563,0,0,638,0,581,57,0,581,0,57,0,581,57,109,353,109,67,0
330510910000027,569,569,0,0,0,0,569,0,0,569,0,0,569,0,0,39,530,0,0,569,0,511,58,0,502,9,58,0,511,58,112,278,121,58,0
330510910000028,481,481,0,0,0,0,481,0,0,481,0,0,481,0,0,74,407,0,0,481,0,481,0,0,457,24,0,0,481,0,87,269,39,86,0
330510910000030,443,443,0,0,0,0,443,0,0,0,443,0,443,0,0,0,443,0,0,443,0,443,0,0,443,0,0,0,443,0,0,443,0,0,0
330510910000031,793,723,70,0,0,0,793,0,0,227,566,0,793,0,0,83,710,0,0,793,0,744,49,0,564,180,49,0,744,49,443,184,0,166,0
330510910000032,708,708,0,0,0,0,708,0,0,422,286,0,708,0,0,34,674,0,0,708,0,708,0,0,574,134,0,102,606,0,364,145,25,174,0
330510910000033,746,746,0,0,0,0,746,0,0,688,58,0,746,0,0,56,690,0,0,746,0,690,56,0,107,583,56,63,627,56,460,286,0,0,0
330510910000034,690,690,0,0,0,0,690,0,0,316,374,0,690,0,0,0,690,0,0,690,0,690,0,0,198,492,0,0,690,0,377,313,0,0,0
330510910000035,807,807,0,0,0,0,807,0,0,632,175,0,804,3,0,0,807,0,0,807,0,807,0,0,807,0,0,4,803,0,596,207,4,0,0
330510910000036,379,243,136,0,0,0,243,136,0,379,0,0,379,0,0,0,379,0,0,379,0,117,262,0,117,0,262,0,117,262,0,253,126,0,0
330510910000037,885,788,97,0,0,0,788,97,0,885,0,0,885,0,0,0,885,0,0,885,0,788,97,0,724,64,97,0,788,97,458,330,97,0,0
330510910000038,486,486,0,0,0,0,486,0,0,486,0,0,486,0,0,250,236,0,0,486,0,486,0,0,268,218,0,0,486,0,486,0,0,0,0
330510910000039,235,235,0,0,0,0,235,0,0,229,6,0,235,0,0,91,144,0,0,235,0,235,0,0,235,0,0,0,235,0,224,5,0,6,0
330510910000040,582,582,0,0,0,0,582,0,0,565,17,0,582,0,0,0,582,0,0,582,0,582,0,0,582,0,0,0,582,0,200,110,262,10,0
330510910000041,680,680,0,0,0,0,680,0,0,26,654,0,680,0,0,0,680,0,0,680,0,671,9,0,671,0,9,0,671,9,297,383,0,0,0
330510910000042,595,534,61,0,0,0,543,52,0,357,238,0,595,0,0,3,592,0,0,595,0,595,0,0,533,62,0,16,579,0,338,176,38,43,0
330510910000043,813,813,0,0,0,0,813,0,0,487,326,0,813,0,0,165,648,0,0,813,0,813,0,0,57,756,0,57,756,0,238,483,0,92,0
330510910000044,650,650,0,0,0,0,650,0,0,347,303,0,650,0,0,0,650,0,0,650,0,650,0,0,0,650,0,5,645,0,271,346,33,0,0
330510910000045,858,858,0,0,0,0,858,0,0,858,0,0,858,0,0,0,858,0,69,789,0,858,0,0,0,858,0,0,858,0,148,37,673,0,0
330510910000046,609,609,0,0,0,0,609,0,0,422,187,0,609,0,0,0,609,0,0,609,0,528,81,0,54,474,81,0,528,81,205,255,149,0,0
330510910000047,464,464,0,0,0,0,464,0,0,314,150,0,464,0,0,0,464,0,0,464,0,464,0,0,0,464,0,0,464,0,228,160,76,0,0
330510910000048,441,441,0,0,0,0,441,0,0,441,0,0,441,0,0,17,424,0,0,441,0,441,0,0,414,27,0,0,441,0,441,0,0,0,0
330510910000049,397,397,0,0,0,0,397,0,0,356,41,0,397,0,0,0,397,0,0,397,0,397,0,0,397,0,0,0,397,0,47,134,175,41,0
330510910000050,625,625,0,0,0,0,625,0,0,593,32,0,625,0,0,0,625,0,0,625,0,625,0,0,625,0,0,0,625,0,229,159,28,209,0
330510910000051,557,557,0,0,0,0,557,0,0,555,2,0,557,0,0,88,469,0,0,557,0,557,0,0,495,62,0,11,546,0,199,280,78,0,0
330510910000052,589,589,0,0,0,0,589,0,0,515,74,0,589,0,0,171,418,0,0,589,0,589,0,0,334,255,0,267,322,0,170,171,79,169,0
330510910000054,706,629,77,0,0,0,706,0,0,706,0,0,706,0,0,0,706,0,0,706,0,629,77,0,588,41,77,0,629,77,455,251,0,0,0
330510910000055,812,762,50,0,0,0,751,61,0,704,108,0,812,0,0,284,528,0,0,812,0,475,337,0,475,0,337,0,475,337,581,123,108,0,0
330510910000056,541,541,0,0,0,0,541,0,0,541,0,0,541,0,0,0,541,0,0,541,0,541,0,0,541,0,0,0,541,0,221,320,0,0,0
330510910000057,288,288,0,0,0,0,288,0,0,288,0,0,288,0,0,115,173,0,0,288,0,288,0,0,288,0,0,0,288,0,139,115,34,0,0
330510910000058,803,803,0,0,0,0,803,0,0,803,0,0,803,0,0,0,803,0,0,803,0,803,0,0,601,202,0,0,803,0,470,230,0,103,0
330510910000059,431,409,22,0,0,0,431,0,0,300,131,0,431,0,0,0,431,0,0,431,0,431,0,0,348,83,0,431,0,0,256,175,0,0,0
330510910000060,346,346,0,0,0,0,346,0,0,264,82,0,346,0,0,0,346,0,0,346,0,346,0,0,304,42,0,179,167,0,346,0,0,0,0
330510910000061,713,713,0,0,0,0,713,0,0,713,0,0,713,0,0,0,713,0,0,713,0,713,0,0,332,381,0,0,713,0,305,337,39,32,0
330510910000062,563,467,96,0,0,0,563,0,0,563,0,0,563,0,0,0,563,0,0,563,0,466,97,0,338,128,97,0,466,97,194,180,189,0,0
330510910000063,512,364,148,0,0,0,512,0,0,400,112,0,512,0,0,0,512,0,0,512,0,512,0,0,50,462,0,14,498,0,253,110,149,0,0
330510910000064,536,536,0,0,0,0,536,0,0,536,0,0,536,0,0,27,509,0,0,536,0,536,0,0,480,56,0,12,524,0,314,93,44,85,0
330510910000065,634,634,0,0,0,0,634,0,0,634,0,0,634,0,0,58,576,0,0,634,0,634,0,0,415,219,0,0,634,0,255,152,158,69,0
330510910000066,707,707,0,0,0,0,707,0,0,707,0,0,707,0,0,0,707,0,0,707,0,583,124,0,537,46,124,0,583,124,254,235,132,86,0
330510910000067,662,662,0,0,0,0,662,0,0,509,153,0,662,0,0,0,662,0,0,662,0,662,0,0,662,0,0,0,662,0,226,391,0,45,0
330510910000068,549,549,0,0,0,0,549,0,0,483,66,0,549,0,0,0,549,0,0,549,0,549,0,0,549,0,0,22,527,0,192,357,0,0,0
330510910000069,678,678,0,0,0,0,678,0,0,678,0,0,678,0,0,0,678,0,0,678,0,678,0,0,16,662,0,0,678,0,16,648,14,0,0
330510910000070,652,636,0,16,0,0,652,0,0,631,21,0,652,0,0,0,652,0,0,652,0,652,0,0,486,166,0,636,16,0,329,180,0,143,0
330510910000071,568,556,0,12,0,0,568,0,0,385,183,0,568,0,0,0,568,0,0,568,0,568,0,0,385,183,0,556,12,0,449,119,0,0,0
330510910000072,495,495,0,0,0,0,495,0,0,118,377,0,495,0,0,0,495,0,0,495,0,495,0,0,341,154,0,495,0,0,78,111,130,176,0
330510910000073,600,600,0,0,0,0,600,0,0,398,202,0,600,0,0,0,600,0,0,600,0,600,0,0,420,180,0,600,0,0,137,102,219,142,0
330510910000074,360,360,0,0,0,0,360,0,0,360,0,0,360,0,0,0,360,0,0,360,0,294,66,0,192,102,66,294,0,66,236,38,0,86,0
330510910000075,456,456,0,0,0,0,456,0,0,283,173,0,456,0,0,0,456,0,0,456,0,456,0,0,456,0,0,456,0,0,0,23,260,173,0
330510910000076,586,586,0,0,0,0,586,0,0,586,0,0,586,0,0,0,586,0,0,586,0,586,0,0,544,42,0,0,586,0,111,128,152,195,0
330510910000077,644,644,0,0,0,0,644,0,0,644,0,0,644,0,0,0,644,0,0,644,0,644,0,0,474,170,0,0,644,0,155,190,205,94,0
330510910000078,663,500,163,0,0,0,663,0,0,573,90,0,663,0,0,0,663,0,0,663,0,663,0,0,329,334,0,23,640,0,139,273,139,112,0
330510910000079,491,461,30,0,0,0,491,0,0,491,0,0,491,0,0,0,491,0,0,491,0,486,5,0,192,294,5,0,486,5,180,250,61,0,0
330510910000080,595,570,25,0,0,0,595,0,0,487,108,0,595,0,0,0,595,0,0,595,0,595,0,0,216,379,0,0,595,0,465,106,0,24,0
330510910000081,592,592,0,0,0,0,592,0,0,590,2,0,592,0,0,0,592,0,0,592,0,592,0,0,258,334,0,37,555,0,92,30,225,245,0
330510910000082,693,609,84,0,0,0,693,0,0,691,2,0,684,9,0,0,693,0,0,693,0,693,0,0,154,539,0,0,693,0,242,249,93,109,0
330510910000083,406,374,32,0,0,0,406,0,0,400,6,0,406,0,0,0,406,0,0,406,0,406,0,0,196,210,0,0,406,0,118,288,0,0,0
330510910000084,481,481,0,0,0,0,481,0,0,481,0,0,481,0,0,0,481,0,0,481,0,481,0,0,186,295,0,0,481,0,94,212,47,128,0
330510910000085,487,487,0,0,0,0,487,0,0,487,0,0,487,0,0,9,478,0,0,487,0,487,0,0,71,416,0,33,454,0,99,290,58,40,0
330510910000086,397,397,0,0,0,0,397,0,0,394,3,0,395,2,0,0,397,0,0,397,0,397,0,0,33,364,0,0,397,0,149,135,113,0,0
330510910000087,414,414,0,0,0,0,414,0,0,414,0,0,414,0,0,0,414,0,0,414,0,414,0,0,414,0,0,0,414,0,203,0,0,211,0
330510910000088,634,608,26,0,0,0,634,0,0,634,0,0,634,0,0,0,634,0,0,634,0,634,0,0,634,0,0,0,634,0,203,422,9,0,0
330510910000089,390,390,0,0,0,0,390,0,0,390,0,0,390,0,0,0,390,0,0,390,0,390,0,0,390,0,0,0,390,0,182,208,0,0,0
330510910000090,487,450,37,0,0,0,487,0,0,487,0,0,487,0,0,0,487,0,0,487,0,487,0,0,487,0,0,0,487,0,258,130,99,0,0
330510910000091,416,416,0,0,0,0,416,0,0,416,0,0,416,0,0,0,416,0,0,416,0,416,0,0,416,0,0,0,416,0,128,168,120,0,0
330510910000092,618,618,0,0,0,0,618,0,0,618,0,0,618,0,0,0,618,0,0,618,0,618,0,0,618,0,0,0,618,0,334,175,86,23,0
330510910000093,529,490,39,0,0,0,529,0,0,490,39,0,529,0,0,0,529,0,0,529,0,529,0,0,529,0,0,0,529,0,310,180,0,39,0
330510910000094,520,520,0,0,0,0,520,0,0,496,24,0,520,0,0,0,520,0,0,520,0,520,0,0,520,0,0,0,520,0,287,134,82,17,0
330510910000095,761,761,0,0,0,0,761,0,0,727,34,0,761,0,0,0,761,0,0,761,0,761,0,0,761,0,0,0,761,0,461,300,0,0,0
330510910000096,558,547,11,0,0,0,558,0,0,547,11,0,558,0,0,0,558,0,0,558,0,558,0,0,558,0,0,0,558,0,418,140,0,0,0
330510910000099,760,554,206,0,0,0,760,0,0,140,620,0,760,0,0,0,760,0,33,727,0,624,136,0,624,0,136,0,624,136,515,245,0,0,0
330510910000102,321,321,0,0,0,0,321,0,0,222,99,0,321,0,0,68,253,0,0,321,0,310,11,0,310,0,11,0,310,11,94,182,0,45,0
330510910000103,921,109,812,0,0,0,921,0,0,121,800,0,921,0,0,0,921,0,0,921,0,765,156,0,765,0,156,0,765,156,611,310,0,0,0
330510910000104,752,581,171,0,0,0,752,0,0,471,281,0,752,0,0,0,752,0,0,752,0,520,232,0,520,0,232,0,520,232,141,465,0,146,0
330510910000105,499,400,99,0,0,0,499,0,0,416,83,0,499,0,0,101,398,0,0,499,0,465,34,0,465,0,34,0,465,34,384,115,0,0,0
330510910000106,968,919,49,0,0,0,968,0,0,411,557,0,968,0,0,0,968,0,8,960,0,694,274,0,694,0,274,79,615,274,558,168,163,79,0
330510910000107,694,572,122,0,0,0,694,0,0,525,169,0,694,0,0,0,694,0,0,694,0,694,0,0,694,0,0,0,694,0,350,187,32,125,0
330510910000108,570,570,0,0,0,0,570,0,0,446,124,0,570,0,0,20,550,0,0,570,0,570,0,0,267,303,0,70,500,0,238,228,104,0,0
330510910000109,555,555,0,0,0,0,555,0,0,0,555,0,555,0,0,0,555,0,0,555,0,555,0,0,545,10,0,0,555,0,443,0,112,0,0
330510910000110,1454,812,204,85,0,353,1082,19,353,385,716,353,1101,0,353,24,1077,353,36,1065,353,979,122,353,766,213,475,184,795,475,716,331,54,0,353
330510910000111,556,501,55,0,0,0,556,0,0,513,43,0,556,0,0,0,556,0,0,556,0,556,0,0,519,37,0,0,556,0,504,52,0,0,0
330510910000112,750,537,213,0,0,0,750,0,0,537,213,0,720,30,0,56,694,0,0,750,0,602,148,0,602,0,148,0,602,148,694,56,0,0,0
330510910000113,695,585,110,0,0,0,695,0,0,470,225,0,695,0,0,0,695,0,0,695,0,589,106,0,574,15,106,0,589,106,552,137,6,0,0
330510910000114,576,452,0,124,0,0,576,0,0,0,576,0,576,0,0,129,447,0,0,576,0,452,124,0,435,17,124,0,452,124,452,36,88,0,0
330510910000116,485,485,0,0,0,0,485,0,0,485,0,0,485,0,0,9,476,0,0,485,0,485,0,0,257,228,0,228,257,0,266,26,0,193,0
330510910000117,861,861,0,0,0,0,861,0,0,841,20,0,861,0,0,0,861,0,0,861,0,861,0,0,861,0,0,0,861,0,322,269,270,0,0
330510910000118,390,390,0,0,0,0,390,0,0,348,42,0,390,0,0,0,390,0,0,390,0,390,0,0,365,25,0,124,266,0,42,196,79,73,0
330510910000119,611,611,0,0,0,0,611,0,0,607,4,0,611,0,0,4,607,0,0,611,0,611,0,0,480,131,0,123,488,0,349,224,38,0,0
330510910000120,629,629,0,0,0,0,629,0,0,570,59,0,629,0,0,0,629,0,0,629,0,629,0,0,629,0,0,0,629,0,435,100,94,0,0
330510910000121,688,688,0,0,0,0,688,0,0,428,260,0,688,0,0,0,688,0,0,688,0,688,0,0,666,22,0,0,688,0,539,149,0,0,0
330510910000122,709,709,0,0,0,0,709,0,0,200,509,0,709,0,0,0,709,0,0,709,0,709,0,0,675,34,0,0,709,0,464,245,0,0,0
330510910000123,693,693,0,0,0,0,599,94,0,253,440,0,693,0,0,0,693,0,0,693,0,693,0,0,693,0,0,0,693,0,442,135,22,94,0
330510910000124,513,423,90,0,0,0,513,0,0,194,319,0,513,0,0,0,513,0,0,513,0,423,90,0,423,0,90,0,423,90,275,238,0,0,0
330510910000125,439,421,18,0,0,0,388,51,0,263,176,0,439,0,0,0,439,0,0,439,0,421,18,0,385,36,18,0,421,18,379,60,0,0,0
330510910000126,792,792,0,0,0,0,792,0,0,569,223,0,792,0,0,0,792,0,0,792,0,792,0,0,792,0,0,0,792,0,648,144,0,0,0
330510910000127,629,570,59,0,0,0,548,81,0,509,120,0,629,0,0,0,629,0,0,629,0,548,81,0,548,0,81,0,548,81,320,304,5,0,0
330510910000128,635,635,0,0,0,0,635,0,0,238,397,0,635,0,0,0,635,0,0,635,0,635,0,0,635,0,0,0,635,0,324,38,152,121,0
330510910000129,832,832,0,0,0,0,832,0,0,764,68,0,832,0,0,0,832,0,0,832,0,832,0,0,832,0,0,0,832,0,499,252,0,81,0
330510910000130,487,487,0,0,0,0,487,0,0,487,0,0,487,0,0,0,487,0,0,487,0,487,0,0,190,297,0,6,481,0,253,103,131,0,0
330510910000131,482,404,0,78,0,0,482,0,0,468,14,0,482,0,0,0,482,0,0,482,0,404,78,0,298,106,78,404,0,78,335,68,79,0,0
330510910000132,385,385,0,0,0,0,385,0,0,369,16,0,385,0,0,0,385,0,0,385,0,385,0,0,259,126,0,385,0,0,199,16,170,0,0
330510910000133,438,438,0,0,0,0,438,0,0,405,33,0,438,0,0,162,276,0,0,438,0,438,0,0,316,122,0,186,252,0,205,187,46,0,0
330510910000134,424,424,0,0,0,0,424,0,0,382,42,0,424,0,0,223,201,0,0,424,0,417,7,0,406,11,7,0,417,7,310,22,13,79,0
330510910000135,683,683,0,0,0,0,683,0,0,566,117,0,683,0,0,5,678,0,0,683,0,683,0,0,552,131,0,0,683,0,134,219,130,200,0
330510910000136,433,433,0,0,0,0,433,0,0,346,87,0,433,0,0,0,433,0,0,433,0,433,0,0,425,8,0,0,433,0,68,278,0,87,0
330510910000137,566,566,0,0,0,0,566,0,0,319,247,0,566,0,0,0,566,0,0,566,0,566,0,0,566,0,0,0,566,0,189,25,231,121,0
330510910000138,618,618,0,0,0,0,618,0,0,566,52,0,618,0,0,0,618,0,0,618,0,618,0,0,585,33,0,0,618,0,137,168,184,129,0
330510910000139,520,520,0,0,0,0,520,0,0,511,9,0,520,0,0,0,520,0,0,520,0,520,0,0,520,0,0,0,520,0,23,85,133,279,0
330510910000140,548,548,0,0,0,0,548,0,0,529,19,0,548,0,0,11,537,0,0,548,0,548,0,0,548,0,0,0,548,0,38,346,105,59,0
330510910000141,521,521,0,0,0,0,521,0,0,521,0,0,521,0,0,0,521,0,0,521,0,521,0,0,521,0,0,0,521,0,106,178,237,0,0
330510910000143,463,463,0,0,0,0,463,0,0,461,2,0,463,0,0,51,412,0,0,463,0,463,0,0,351,112,0,153,310,0,51,28,305,79,0
330510910000144,504,504,0,0,0,0,504,0,0,380,124,0,504,0,0,0,504,0,0,504,0,504,0,0,448,56,0,251,253,0,245,124,0,135,0
330510910000145,524,514,10,0,0,0,524,0,0,524,0,0,524,0,0,270,254,0,0,524,0,514,10,0,500,14,10,0,514,10,188,92,0,244,0
330510910000146,364,364,0,0,0,0,364,0,0,364,0,0,364,0,0,181,183,0,0,364,0,364,0,0,342,22,0,16,348,0,22,0,342,0,0
330510910000147,335,335,0,0,0,0,335,0,0,335,0,0,335,0,0,47,288,0,0,335,0,335,0,0,280,55,0,219,116,0,47,17,271,0,0
330510910000149,709,546,0,163,0,0,709,0,0,695,14,0,709,0,0,11,698,0,0,709,0,709,0,0,709,0,0,0,709,0,64,25,92,528,0
330510910000150,538,46,341,151,0,0,538,0,0,0,538,0,538,0,0,0,538,0,0,538,0,0,538,0,0,0,538,0,0,538,538,0,0,0,0
330510910000151,507,212,269,26,0,0,507,0,0,0,507,0,507,0,0,0,507,0,0,507,0,0,507,0,0,0,507,0,0,507,457,0,50,0,0
330510910000153,512,512,0,0,0,0,512,0,0,512,0,0,512,0,0,204,308,0,0,512,0,512,0,0,512,0,0,76,436,0,179,234,99,0,0
330510910000154,297,297,0,0,0,0,297,0,0,297,0,0,297,0,0,21,276,0,0,297,0,297,0,0,276,21,0,0,297,0,55,242,0,0,0
330510910000155,238,238,0,0,0,0,238,0,0,106,132,0,238,0,0,0,238,0,3,235,0,238,0,0,238,0,0,54,184,0,102,88,24,24,0
330510910000156,709,670,6,33,0,0,676,33,0,642,67,0,703,6,0,215,494,0,0,709,0,670,39,0,650,20,39,333,337,39,275,237,0,197,0
330510910000157,561,561,0,0,0,0,561,0,0,561,0,0,561,0,0,20,541,0,0,561,0,561,0,0,561,0,0,466,95,0,163,202,162,34,0
330510910000158,472,472,0,0,0,0,472,0,0,441,31,0,472,0,0,11,461,0,0,472,0,472,0,0,371,101,0,194,278,0,433,39,0,0,0
330510910000159,724,623,101,0,0,0,724,0,0,724,0,0,724,0,0,168,556,0,60,664,0,724,0,0,724,0,0,100,624,0,329,395,0,0,0
330510910000160,632,632,0,0,0,0,632,0,0,574,58,0,632,0,0,77,555,0,0,632,0,632,0,0,523,109,0,77,555,0,163,117,160,192,0
330510910000161,519,519,0,0,0,0,519,0,0,481,38,0,411,108,0,62,457,0,0,519,0,484,35,0,236,248,35,5,479,35,283,236,0,0,0
330510910000162,600,600,0,0,0,0,600,0,0,600,0,0,600,0,0,0,600,0,0,600,0,600,0,0,392,208,0,0,600,0,201,269,130,0,0
330510910000165,375,334,41,0,0,0,375,0,0,292,83,0,375,0,0,72,303,0,0,375,0,334,41,0,289,45,41,14,320,41,330,45,0,0,0
330510910000166,673,673,0,0,0,0,673,0,0,373,300,0,673,0,0,119,554,0,0,673,0,673,0,0,673,0,0,149,524,0,312,195,134,32,0
330510910000167,765,743,22,0,0,0,765,0,0,193,572,0,765,0,0,0,765,0,0,765,0,765,0,0,765,0,0,233,532,0,387,256,44,78,0
330510910000168,794,776,18,0,0,0,776,18,0,202,592,0,794,0,0,0,794,0,0,794,0,776,18,0,542,234,18,776,0,18,407,127,161,99,0
330510910000169,484,484,0,0,0,0,484,0,0,484,0,0,484,0,0,71,413,0,0,484,0,484,0,0,343,141,0,0,484,0,461,23,0,0,0
330510910000171,421,421,0,0,0,0,421,0,0,421,0,0,421,0,0,74,347,0,0,421,0,421,0,0,348,73,0,67,354,0,251,130,0,40,0
330510910000173,505,505,0,0,0,0,505,0,0,505,0,0,505,0,0,0,505,0,0,505,0,505,0,0,502,3,0,0,505,0,382,123,0,0,0
330510910000174,815,815,0,0,0,0,815,0,0,753,62,0,815,0,0,0,815,0,0,815,0,815,0,0,753,62,0,0,815,0,368,194,160,93,0
330510910000175,529,529,0,0,0,0,529,0,0,413,116,0,529,0,0,43,486,0,0,529,0,483,46,0,483,0,46,0,483,46,341,39,65,84,0
330510910000176,387,387,0,0,0,0,387,0,0,0,387,0,387,0,0,0,387,0,0,387,0,0,387,0,0,0,387,0,0,387,387,0,0,0,0
330510910000177,514,336,178,0,0,0,514,0,0,514,0,0,514,0,0,0,514,0,0,514,0,347,167,0,347,0,167,0,347,167,396,118,0,0,0
330510910000178,349,349,0,0,0,0,349,0,0,283,66,0,349,0,0,0,349,0,0,349,0,278,71,0,278,0,71,0,278,71,228,121,0,0,0
330510910000179,566,566,0,0,0,0,566,0,0,392,174,0,566,0,0,0,566,0,0,566,0,566,0,0,566,0,0,0,566,0,192,94,115,165,0
330510910000180,637,561,38,38,0,0,626,11,0,588,49,0,586,51,0,68,569,0,60,577,0,548,89,0,537,11,89,0,548,89,442,38,0,157,0
330510910000181,519,330,189,0,0,0,519,0,0,506,13,0,519,0,0,0,519,0,0,519,0,519,0,0,511,8,0,0,519,0,244,207,0,68,0
330510910000183,582,582,0,0,0,0,582,0,0,582,0,0,582,0,0,0,582,0,0,582,0,582,0,0,574,8,0,0,582,0,375,36,171,0,0
330510910000184,759,759,0,0,0,0,759,0,0,392,367,0,759,0,0,0,759,0,0,759,0,759,0,0,759,0,0,0,759,0,613,146,0,0,0
330510910000185,517,517,0,0,0,0,517,0,0,355,162,0,517,0,0,0,517,0,0,517,0,517,0,0,517,0,0,22,495,0,108,267,142,0,0
330510910000186,695,695,0,0,0,0,695,0,0,680,15,0,695,0,0,9,686,0,0,695,0,695,0,0,695,0,0,0,695,0,125,232,102,236,0
330510910000187,190,190,0,0,0,0,190,0,0,190,0,0,190,0,0,0,190,0,0,190,0,190,0,0,190,0,0,0,190,0,28,162,0,0,0
330510910000188,469,469,0,0,0,0,469,0,0,285,184,0,469,0,0,25,444,0,0,469,0,469,0,0,469,0,0,99,370,0,119,225,125,0,0
330510910000189,443,404,0,39,0,0,443,0,0,65,378,0,420,23,0,0,443,0,0,443,0,404,39,0,404,0,39,80,324,39,48,343,52,0,0
330510910000190,780,637,135,8,0,0,780,0,0,95,685,0,780,0,0,0,780,0,0,780,0,615,165,0,615,0,165,53,562,165,279,325,111,65,0
330510910000191,533,455,78,0,0,0,533,0,0,275,258,0,533,0,0,0,533,0,0,533,0,533,0,0,533,0,0,0,533,0,170,117,129,117,0
330510910000192,533,519,0,14,0,0,533,0,0,495,38,0,519,14,0,0,533,0,0,533,0,519,14,0,519,0,14,24,495,14,58,173,19,283,0
330510910000195,409,409,0,0,0,0,409,0,0,339,70,0,409,0,0,0,409,0,0,409,0,409,0,0,409,0,0,0,409,0,198,44,1,166,0
330510910000196,563,533,30,0,0,0,563,0,0,269,294,0,563,0,0,0,563,0,0,563,0,563,0,0,563,0,0,0,563,0,324,0,239,0,0
330510910000197,312,312,0,0,0,0,312,0,0,224,88,0,312,0,0,70,242,0,0,312,0,312,0,0,267,45,0,0,312,0,70,26,68,148,0
330510910000198,361,361,0,0,0,0,361,0,0,342,19,0,361,0,0,0,361,0,0,361,0,361,0,0,361,0,0,0,361,0,27,157,91,86,0
330510910000200,430,348,82,0,0,0,430,0,0,116,314,0,430,0,0,26,404,0,0,430,0,430,0,0,430,0,0,0,430,0,149,230,0,51,0
330510910000201,414,414,0,0,0,0,414,0,0,259,155,0,414,0,0,0,414,0,0,414,0,414,0,0,414,0,0,0,414,0,207,207,0,0,0
330510910000203,585,585,0,0,0,0,585,0,0,585,0,0,585,0,0,7,578,0,0,585,0,585,0,0,585,0,0,0,585,0,62,144,136,243,0
330510910000204,483,483,0,0,0,0,483,0,0,429,54,0,483,0,0,125,358,0,0,483,0,483,0,0,483,0,0,0,483,0,101,152,75,155,0
330510910000205,290,290,0,0,0,0,290,0,0,105,185,0,290,0,0,0,290,0,0,290,0,290,0,0,281,9,0,0,290,0,9,33,96,152,0
330510910000207,697,502,195,0,0,0,697,0,0,275,422,0,697,0,0,10,687,0,0,697,0,502,195,0,502,0,195,0,502,195,201,170,105,221,0
330510910000208,389,0,389,0,0,0,389,0,0,0,389,0,389,0,0,0,389,0,0,389,0,0,389,0,0,0,389,0,0,389,203,186,0,0,0
330510910000210,737,619,118,0,0,0,737,0,0,514,223,0,737,0,0,0,737,0,0,737,0,667,70,0,654,13,70,0,667,70,245,242,241,9,0
330510910000211,570,445,41,84,0,0,570,0,0,211,359,0,570,0,0,0,570,0,0,570,0,445,125,0,360,85,125,0,445,125,178,290,102,0,0
330510910000212,678,667,11,0,0,0,678,0,0,102,576,0,678,0,0,0,678,0,0,678,0,678,0,0,678,0,0,0,678,0,409,98,143,28,0
330510910000214,593,593,0,0,0,0,593,0,0,326,267,0,593,0,0,34,559,0,0,593,0,593,0,0,593,0,0,0,593,0,247,267,39,40,0
330510910000215,746,398,336,12,0,0,746,0,0,363,383,0,734,12,0,0,746,0,0,746,0,746,0,0,746,0,0,0,746,0,35,89,325,297,0
330510910000216,420,42,331,47,0,0,420,0,0,0,420,0,373,47,0,0,420,0,0,420,0,382,38,0,382,0,38,0,382,38,89,331,0,0,0
330510910000217,581,573,8,0,0,0,581,0,0,579,2,0,573,8,0,0,581,0,0,581,0,573,8,0,563,10,8,0,573,8,291,282,0,8,0
330510910000218,835,835,0,0,0,0,809,26,0,817,18,0,835,0,0,0,835,0,0,835,0,183,652,0,183,0,652,0,183,652,630,69,0,136,0
330510910000219,398,287,111,0,0,0,398,0,0,373,25,0,398,0,0,0,398,0,0,398,0,386,12,0,369,17,12,0,386,12,272,106,20,0,0
330510910000220,867,867,0,0,0,0,867,0,0,782,85,0,867,0,0,0,867,0,0,867,0,867,0,0,867,0,0,222,645,0,92,435,214,126,0
330510910000221,661,602,59,0,0,0,661,0,0,0,661,0,661,0,0,0,661,0,0,661,0,245,416,0,245,0,416,0,245,416,661,0,0,0,0
330510910000222,656,656,0,0,0,0,656,0,0,656,0,0,656,0,0,0,656,0,0,656,0,656,0,0,558,98,0,0,656,0,349,253,54,0,0
330510910000223,354,332,22,0,0,0,354,0,0,332,22,0,354,0,0,0,354,0,0,354,0,332,22,0,316,16,22,0,332,22,159,16,179,0,0
330510910000224,529,516,13,0,0,0,529,0,0,490,39,0,529,0,0,0,529,0,0,529,0,451,78,0,420,31,78,0,451,78,284,245,0,0,0
330510910000225,359,359,0,0,0,0,359,0,0,359,0,0,359,0,0,0,359,0,0,359,0,359,0,0,132,227,0,0,359,0,230,0,129,0,0
330510910000226,495,495,0,0,0,0,495,0,0,271,224,0,495,0,0,0,495,0,0,495,0,495,0,0,132,363,0,0,495,0,336,121,38,0,0
330510910000227,520,520,0,0,0,0,520,0,0,520,0,0,520,0,0,20,500,0,0,520,0,520,0,0,98,422,0,0,520,0,500,20,0,0,0
330510910000228,507,483,24,0,0,0,507,0,0,408,99,0,507,0,0,0,507,0,5,502,0,507,0,0,507,0,0,0,507,0,168,324,0,15,0
330510910000229,520,353,167,0,0,0,459,61,0,69,451,0,459,61,0,26,494,0,0,520,0,459,61,0,441,18,61,0,459,61,238,282,0,0,0
330510910000230,570,570,0,0,0,0,570,0,0,128,442,0,570,0,0,70,500,0,0,570,0,550,20,0,541,9,20,0,550,20,329,34,9,198,0
330510910000231,447,447,0,0,0,0,447,0,0,423,24,0,447,0,0,0,447,0,0,447,0,447,0,0,447,0,0,0,447,0,94,111,133,109,0
330510910000232,540,540,0,0,0,0,540,0,0,476,64,0,540,0,0,0,540,0,0,540,0,540,0,0,517,23,0,0,540,0,23,201,0,316,0
330510910000233,784,784,0,0,0,0,784,0,0,784,0,0,784,0,0,309,475,0,0,784,0,784,0,0,784,0,0,0,784,0,5,0,470,309,0
330510910000234,683,659,24,0,0,0,683,0,0,683,0,0,683,0,0,0,683,0,0,683,0,659,24,0,529,130,24,0,659,24,440,133,0,110,0
330510910000235,385,186,199,0,0,0,385,0,0,304,81,0,385,0,0,0,385,0,0,385,0,385,0,0,385,0,0,0,385,0,199,186,0,0,0
330510910000236,400,400,0,0,0,0,400,0,0,327,73,0,400,0,0,0,400,0,0,400,0,400,0,0,400,0,0,144,256,0,256,144,0,0,0
330510910000238,427,427,0,0,0,0,427,0,0,427,0,0,427,0,0,66,361,0,0,427,0,383,44,0,383,0,44,0,383,44,356,52,19,0,0
330510910000239,315,217,98,0,0,0,315,0,0,299,16,0,315,0,0,2,313,0,0,315,0,315,0,0,297,18,0,16,299,0,114,34,0,167,0
330510910000240,363,363,0,0,0,0,363,0,0,110,253,0,363,0,0,32,331,0,0,363,0,363,0,0,310,53,0,36,327,0,59,58,74,172,0
330510910000241,713,713,0,0,0,0,713,0,0,128,585,0,713,0,0,0,713,0,0,713,0,699,14,0,693,6,14,0,699,14,98,365,237,13,0
330510910000242,546,507,39,0,0,0,546,0,0,518,28,0,546,0,0,0,546,0,0,546,0,546,0,0,546,0,0,0,546,0,299,174,73,0,0
330510910000243,647,647,0,0,0,0,647,0,0,183,464,0,647,0,0,0,647,0,0,647,0,647,0,0,647,0,0,0,647,0,0,192,272,183,0
330510910000245,159,159,0,0,0,0,159,0,0,159,0,0,159,0,0,118,41,0,0,159,0,159,0,0,159,0,0,0,159,0,22,137,0,0,0
330510910000246,105,68,37,0,0,0,105,0,0,105,0,0,105,0,0,0,105,0,0,105,0,68,37,0,68,0,37,0,68,37,90,15,0,0,0
330510910000247,147,76,71,0,0,0,122,25,0,141,6,0,147,0,0,0,147,0,0,147,0,76,71,0,76,0,71,0,76,71,95,52,0,0,0
330510910000248,414,330,0,84,0,0,414,0,0,179,235,0,414,0,0,0,414,0,0,414,0,330,84,0,330,0,84,0,330,84,134,179,101,0,0
330510910000249,294,144,150,0,0,0,294,0,0,288,6,0,294,0,0,0,294,0,0,294,0,138,156,0,134,4,156,0,138,156,62,60,94,78,0
330510910000250,303,303,0,0,0,0,303,0,0,210,93,0,303,0,0,42,261,0,0,303,0,303,0,0,251,52,0,67,236,0,49,131,0,123,0
330510910000251,149,125,24,0,0,0,149,0,0,116,33,0,149,0,0,0,149,0,0,149,0,125,24,0,125,0,24,0,125,24,24,9,77,39,0
330510910000252,450,450,0,0,0,0,450,0,0,450,0,0,450,0,0,0,450,0,0,450,0,450,0,0,450,0,0,0,450,0,120,165,131,34,0
330510910000253,454,454,0,0,0,0,454,0,0,454,0,0,454,0,0,0,454,0,0,454,0,431,23,0,320,111,23,32,399,23,356,74,24,0,0
330510910000254,113,113,0,0,0,0,113,0,0,0,113,0,113,0,0,0,113,0,0,113,0,113,0,0,113,0,0,0,113,0,0,0,0,113,0
330510910000255,90,90,0,0,0,0,90,0,0,90,0,0,90,0,0,22,68,0,0,90,0,90,0,0,90,0,0,0,90,0,76,14,0,0,0
330510910000258,253,253,0,0,0,0,253,0,0,182,71,0,182,71,0,0,253,0,0,253,0,253,0,0,7,246,0,0,253,0,54,128,0,71,0
330510910000259,423,423,0,0,0,0,423,0,0,423,0,0,423,0,0,0,423,0,0,423,0,423,0,0,223,200,0,93,330,0,144,93,90,96,0
330510910000260,360,313,47,0,0,0,360,0,0,251,109,0,360,0,0,0,360,0,0,360,0,313,47,0,87,226,47,313,0,47,155,130,75,0,0
330510910000261,456,456,0,0,0,0,456,0,0,379,77,0,456,0,0,0,456,0,0,456,0,456,0,0,456,0,0,0,456,0,0,336,120,0,0
330510910000263,842,842,0,0,0,0,842,0,0,835,7,0,842,0,0,84,758,0,0,842,0,842,0,0,277,565,0,0,842,0,510,142,0,190,0
330510910000264,361,361,0,0,0,0,361,0,0,314,47,0,361,0,0,38,323,0,0,361,0,361,0,0,308,53,0,80,281,0,344,17,0,0,0
330510910000265,346,328,18,0,0,0,346,0,0,328,18,0,346,0,0,25,321,0,0,346,0,328,18,0,303,25,18,63,265,18,295,13,38,0,0
330510910000266,775,775,0,0,0,0,775,0,0,135,640,0,775,0,0,0,775,0,0,775,0,775,0,0,740,35,0,0,775,0,145,473,157,0,0
330510910000267,362,362,0,0,0,0,362,0,0,152,210,0,362,0,0,0,362,0,0,362,0,362,0,0,360,2,0,6,356,0,88,182,78,14,0
330510910000268,524,524,0,0,0,0,524,0,0,233,291,0,524,0,0,0,524,0,0,524,0,524,0,0,524,0,0,0,524,0,136,27,264,97,0
330510910000269,255,190,65,0,0,0,255,0,0,0,255,0,255,0,0,0,255,0,0,255,0,190,65,0,190,0,65,0,190,65,0,78,0,177,0
330510910000270,277,277,0,0,0,0,277,0,0,274,3,0,277,0,0,43,234,0,0,277,0,277,0,0,235,42,0,0,277,0,189,0,0,88,0
330510910000271,529,529,0,0,0,0,529,0,0,529,0,0,529,0,0,0,529,0,0,529,0,201,328,0,201,0,328,2,199,328,201,328,0,0,0
330510910000272,491,216,275,0,0,0,491,0,0,432,59,0,491,0,0,26,465,0,0,491,0,491,0,0,491,0,0,0,491,0,291,200,0,0,0
330510910000273,398,398,0,0,0,0,398,0,0,230,168,0,392,6,0,65,333,0,0,398,0,275,123,0,210,65,123,0,275,123,150,248,0,0,0
330510910000274,331,223,108,0,0,0,331,0,0,331,0,0,331,0,0,0,331,0,0,331,0,287,44,0,287,0,44,0,287,44,331,0,0,0,0
330510910000275,470,381,89,0,0,0,470,0,0,394,76,0,470,0,0,148,322,0,0,470,0,470,0,0,470,0,0,0,470,0,42,428,0,0,0
330510910000276,235,235,0,0,0,0,235,0,0,91,144,0,235,0,0,0,235,0,0,235,0,235,0,0,235,0,0,0,235,0,80,64,0,91,0
330510910000277,384,153,231,0,0,0,384,0,0,64,320,0,384,0,0,0,384,0,65,319,0,271,113,0,271,0,113,0,271,113,384,0,0,0,0
330510910000278,235,223,12,0,0,0,235,0,0,191,44,0,235,0,0,17,218,0,0,235,0,235,0,0,210,25,0,0,235,0,60,175,0,0,0
330510910000279,551,408,143,0,0,0,551,0,0,408,143,0,551,0,0,98,453,0,0,551,0,551,0,0,551,0,0,325,226,0,501,0,0,50,0
330510910000280,457,457,0,0,0,0,457,0,0,437,20,0,457,0,0,0,457,0,0,457,0,457,0,0,457,0,0,0,457,0,20,204,205,28,0
330510910000281,305,305,0,0,0,0,305,0,0,203,102,0,305,0,0,102,203,0,0,305,0,305,0,0,305,0,0,0,305,0,105,19,0,181,0
330510910000282,426,426,0,0,0,0,426,0,0,389,37,0,426,0,0,0,426,0,0,426,0,426,0,0,419,7,0,189,237,0,28,0,216,182,0
330510910000283,363,363,0,0,0,0,363,0,0,363,0,0,363,0,0,0,363,0,0,363,0,363,0,0,363,0,0,165,198,0,51,0,0,312,0
330510910000284,303,303,0,0,0,0,303,0,0,162,141,0,303,0,0,0,303,0,0,303,0,303,0,0,303,0,0,0,303,0,11,182,0,110,0
330510910000285,632,543,89,0,0,0,632,0,0,228,404,0,632,0,0,0,632,0,0,632,0,249,383,0,249,0,383,0,249,383,404,228,0,0,0
330510910000286,410,302,73,35,0,0,410,0,0,329,81,0,410,0,0,0,410,0,0,410,0,391,19,0,165,226,19,0,391,19,253,43,98,16,0
330510910000287,334,314,20,0,0,0,334,0,0,314,20,0,334,0,0,0,334,0,0,334,0,314,20,0,75,239,20,0,314,20,128,206,0,0,0
330510910000288,231,231,0,0,0,0,231,0,0,199,32,0,231,0,0,0,231,0,0,231,0,231,0,0,226,5,0,91,140,0,91,32,0,108,0
330510910000289,276,276,0,0,0,0,276,0,0,218,58,0,276,0,0,0,276,0,0,276,0,276,0,0,276,0,0,14,262,0,172,58,46,0,0
330510910000290,436,436,0,0,0,0,436,0,0,413,23,0,436,0,0,0,436,0,0,436,0,436,0,0,373,63,0,0,436,0,288,135,0,13,0
330510910000291,332,332,0,0,0,0,332,0,0,295,37,0,332,0,0,0,332,0,0,332,0,332,0,0,332,0,0,0,332,0,111,95,96,30,0
330510910000292,444,444,0,0,0,0,444,0,0,444,0,0,444,0,0,0,444,0,0,444,0,444,0,0,444,0,0,0,444,0,279,86,0,79,0
330510910000293,297,297,0,0,0,0,297,0,0,297,0,0,297,0,0,0,297,0,0,297,0,297,0,0,297,0,0,0,297,0,154,63,43,37,0
330510910000294,664,664,0,0,0,0,664,0,0,558,106,0,664,0,0,0,664,0,0,664,0,664,0,0,613,51,0,51,613,0,170,232,117,145,0
330510910000295,381,381,0,0,0,0,381,0,0,381,0,0,381,0,0,0,381,0,0,381,0,381,0,0,381,0,0,225,156,0,52,101,0,228,0
330510910000296,415,415,0,0,0,0,415,0,0,155,260,0,415,0,0,0,415,0,0,415,0,415,0,0,415,0,0,0,415,0,201,0,214,0,0
330510910000297,287,287,0,0,0,0,287,0,0,195,92,0,287,0,0,0,287,0,0,287,0,287,0,0,287,0,0,0,287,0,195,0,0,92,0
330510910000298,180,180,0,0,0,0,180,0,0,92,88,0,180,0,0,46,134,0,0,180,0,180,0,0,137,43,0,22,158,0,83,79,0,18,0
330510910000299,326,326,0,0,0,0,326,0,0,124,202,0,326,0,0,58,268,0,12,314,0,326,0,0,299,27,0,0,326,0,42,264,20,0,0
330510910000300,80,80,0,0,0,0,80,0,0,69,11,0,80,0,0,0,80,0,0,80,0,80,0,0,80,0,0,0,80,0,26,12,0,42,0
330510910000301,563,563,0,0,0,0,563,0,0,435,128,0,563,0,0,0,563,0,0,563,0,563,0,0,563,0,0,0,563,0,124,250,189,0,0
330510910000302,344,344,0,0,0,0,344,0,0,344,0,0,344,0,0,53,291,0,0,344,0,252,92,0,252,0,92,0,252,92,344,0,0,0,0
330510910000303,345,345,0,0,0,0,345,0,0,345,0,0,291,54,0,50,295,0,54,291,0,345,0,0,345,0,0,0,345,0,200,64,13,68,0
330510910000304,238,238,0,0,0,0,238,0,0,173,65,0,231,7,0,0,238,0,0,238,0,219,19,0,219,0,19,0,219,19,161,63,14,0,0
330510910000305,359,359,0,0,0,0,268,91,0,250,109,0,359,0,0,0,359,0,0,359,0,263,96,0,230,33,96,0,263,96,336,23,0,0,0
330510910000306,416,145,271,0,0,0,416,0,0,294,122,0,416,0,0,0,416,0,0,416,0,416,0,0,416,0,0,0,416,0,316,100,0,0,0
330510910000307,221,221,0,0,0,0,221,0,0,81,140,0,221,0,0,35,186,0,0,221,0,207,14,0,207,0,14,61,146,14,124,36,61,0,0
330510910000308,178,178,0,0,0,0,178,0,0,178,0,0,178,0,0,62,116,0,0,178,0,178,0,0,171,7,0,69,109,0,62,27,0,89,0
330510910000309,166,166,0,0,0,0,166,0,0,166,0,0,166,0,0,65,101,0,0,166,0,166,0,0,156,10,0,65,101,0,65,9,10,82,0
330510910000310,379,379,0,0,0,0,379,0,0,379,0,0,379,0,0,47,332,0,47,332,0,365,14,0,365,0,14,0,365,14,215,20,144,0,0
330510910000311,385,319,0,66,0,0,385,0,0,343,42,0,346,39,0,0,385,0,0,385,0,385,0,0,385,0,0,0,385,0,210,39,12,124,0
330510910000314,577,479,0,98,0,0,553,24,0,243,334,0,455,122,0,0,577,0,0,577,0,428,149,0,428,0,149,0,428,149,326,251,0,0,0
330510910000315,743,743,0,0,0,0,743,0,0,739,4,0,743,0,0,0,743,0,0,743,0,739,4,0,0,739,4,0,739,4,4,0,739,0,0
330510910000316,590,590,0,0,0,0,590,0,0,590,0,0,590,0,0,0,590,0,0,590,0,590,0,0,0,590,0,0,590,0,0,0,0,590,0
330510910000317,750,750,0,0,0,0,750,0,0,750,0,0,750,0,0,0,750,0,0,750,0,750,0,0,0,750,0,0,750,0,0,0,0,750,0
330510910000318,385,385,0,0,0,0,385,0,0,385,0,0,385,0,0,0,385,0,0,385,0,385,0,0,0,385,0,385,0,0,0,385,0,0,0
330510910000319,553,553,0,0,0,0,553,0,0,398,155,0,553,0,0,10,543,0,0,553,0,525,28,0,471,54,28,0,525,28,60,382,0,111,0
330510915000001,377,377,0,0,0,0,377,0,0,364,13,0,377,0,0,0,377,0,0,377,0,377,0,0,377,0,0,0,377,0,119,80,109,69,0
330510915000002,432,432,0,0,0,0,432,0,0,303,129,0,432,0,0,0,432,0,8,424,0,432,0,0,427,5,0,78,354,0,358,0,0,74,0
330510915000003,536,536,0,0,0,0,536,0,0,378,158,0,536,0,0,0,536,0,82,454,0,536,0,0,536,0,0,82,454,0,282,119,53,82,0
330510915000004,728,728,0,0,0,0,728,0,0,209,519,0,728,0,0,0,728,0,0,728,0,728,0,0,728,0,0,0,728,0,626,75,27,0,0
330510915000006,456,456,0,0,0,0,456,0,0,139,317,0,456,0,0,0,456,0,0,456,0,456,0,0,456,0,0,0,456,0,372,78,6,0,0
330510915000007,396,396,0,0,0,0,396,0,0,187,209,0,396,0,0,0,396,0,0,396,0,396,0,0,396,0,0,0,396,0,50,346,0,0,0
330510915000008,618,376,205,37,0,0,529,89,0,288,330,0,529,89,0,2,616,0,0,618,0,492,126,0,490,2,126,0,492,126,430,0,188,0,0
330510915000009,407,351,56,0,0,0,407,0,0,174,233,0,407,0,0,0,407,0,0,407,0,407,0,0,407,0,0,0,407,0,249,158,0,0,0
330510915000010,494,384,58,52,0,0,494,0,0,207,287,0,494,0,0,0,494,0,0,494,0,490,4,0,490,0,4,0,490,4,494,0,0,0,0
330510915000011,712,592,120,0,0,0,712,0,0,326,386,0,712,0,0,0,712,0,0,712,0,493,219,0,493,0,219,0,493,219,664,0,48,0,0
330510915000012,693,600,93,0,0,0,693,0,0,60,633,0,693,0,0,74,619,0,0,693,0,600,93,0,600,0,93,0,600,93,693,0,0,0,0
330510915000013,713,464,249,0,0,0,713,0,0,427,286,0,713,0,0,0,713,0,0,713,0,679,34,0,679,0,34,0,679,34,713,0,0,0,0
330510915000014,294,294,0,0,0,0,294,0,0,125,169,0,294,0,0,0,294,0,0,294,0,245,49,0,245,0,49,0,245,49,294,0,0,0,0
330510915000015,361,361,0,0,0,0,361,0,0,255,106,0,361,0,0,0,361,0,9,352,0,361,0,0,361,0,0,0,361,0,319,42,0,0,0
330510915000016,351,351,0,0,0,0,351,0,0,303,48,0,351,0,0,0,351,0,86,265,0,283,68,0,248,35,68,2,281,68,82,259,0,10,0
330510915000017,872,872,0,0,0,0,872,0,0,552,320,0,872,0,0,302,570,0,0,872,0,803,69,0,803,0,69,0,803,69,802,70,0,0,0
330510915000018,404,301,0,103,0,0,404,0,0,220,184,0,404,0,0,98,306,0,0,404,0,404,0,0,404,0,0,0,404,0,404,0,0,0,0
330510915000019,788,672,0,116,0,0,788,0,0,226,562,0,672,116,0,0,788,0,0,788,0,672,116,0,672,0,116,0,672,116,611,173,0,4,0
330510915000020,205,168,37,0,0,0,205,0,0,0,205,0,205,0,0,0,205,0,0,205,0,186,19,0,186,0,19,0,186,19,128,0,32,45,0
330510915000021,764,693,71,0,0,0,764,0,0,348,416,0,764,0,0,0,764,0,0,764,0,764,0,0,764,0,0,0,764,0,674,90,0,0,0
330510915000022,337,337,0,0,0,0,337,0,0,177,160,0,337,0,0,0,337,0,0,337,0,337,0,0,337,0,0,0,337,0,296,41,0,0,0
330510915000023,711,387,324,0,0,0,692,19,0,671,40,0,659,52,0,0,711,0,0,711,0,692,19,0,692,0,19,0,692,19,558,34,0,119,0
330510915000024,702,101,411,190,0,0,702,0,0,512,190,0,702,0,0,0,702,0,0,702,0,702,0,0,702,0,0,0,702,0,702,0,0,0,0
330510915000025,676,429,168,79,0,0,676,0,0,676,0,0,676,0,0,0,676,0,0,676,0,597,79,0,597,0,79,0,597,79,627,49,0,0,0
330510915000026,886,721,144,21,0,0,847,39,0,649,237,0,886,0,0,0,886,0,0,886,0,762,124,0,762,0,124,0,762,124,886,0,0,0,0
330510915000027,506,446,60,0,0,0,506,0,0,427,79,0,506,0,0,0,506,0,0,506,0,446,60,0,446,0,60,0,446,60,64,314,49,79,0
330510915000028,627,617,10,0,0,0,627,0,0,543,84,0,627,0,0,71,556,0,48,579,0,617,10,0,336,281,10,35,582,10,415,97,65,50,0
330510915000029,499,340,159,0,0,0,499,0,0,89,410,0,499,0,0,0,499,0,0,499,0,325,174,0,325,0,174,0,325,174,377,122,0,0,0
330510915000030,478,454,24,0,0,0,478,0,0,17,461,0,478,0,0,0,478,0,0,478,0,469,9,0,451,18,9,0,469,9,152,317,0,9,0
330510915000031,453,453,0,0,0,0,453,0,0,235,218,0,453,0,0,240,213,0,0,453,0,453,0,0,453,0,0,133,320,0,320,133,0,0,0
330510915000032,343,343,0,0,0,0,343,0,0,0,343,0,343,0,0,0,343,0,0,343,0,343,0,0,259,84,0,0,343,0,140,203,0,0,0
330510915000033,364,291,73,0,0,0,364,0,0,56,308,0,364,0,0,0,364,0,0,364,0,364,0,0,364,0,0,0,364,0,364,0,0,0,0
330510915000034,709,709,0,0,0,0,709,0,0,478,231,0,709,0,0,500,209,0,0,709,0,709,0,0,709,0,0,0,709,0,340,269,100,0,0
330510915000035,707,634,73,0,0,0,707,0,0,213,494,0,707,0,0,0,707,0,0,707,0,707,0,0,634,73,0,0,707,0,707,0,0,0,0
330510915000036,800,241,559,0,0,0,800,0,0,568,232,0,800,0,0,0,800,0,0,800,0,800,0,0,792,8,0,356,444,0,244,282,184,90,0
330510915000037,853,810,43,0,0,0,853,0,0,637,216,0,853,0,0,0,853,0,0,853,0,853,0,0,837,16,0,387,466,0,113,331,216,193,0
330510915000038,745,654,48,43,0,0,745,0,0,529,216,0,723,22,0,0,745,0,0,745,0,707,38,0,660,47,38,256,451,38,165,241,183,156,0
330510915000039,516,304,212,0,0,0,516,0,0,361,155,0,516,0,0,0,516,0,0,516,0,516,0,0,497,19,0,0,516,0,450,66,0,0,0
330510915000040,603,120,483,0,0,0,603,0,0,601,2,0,603,0,0,0,603,0,0,603,0,603,0,0,603,0,0,0,603,0,588,15,0,0,0
330510915000041,769,704,38,27,0,0,769,0,0,769,0,0,769,0,0,0,769,0,0,769,0,704,65,0,704,0,65,0,704,65,689,80,0,0,0
330510915000042,596,307,242,47,0,0,578,18,0,477,119,0,596,0,0,0,596,0,0,596,0,425,171,0,373,52,171,0,425,171,588,8,0,0,0
330510915000043,654,237,288,129,0,0,654,0,0,460,194,0,654,0,0,0,654,0,0,654,0,525,129,0,525,0,129,0,525,129,440,143,71,0,0
330510915000044,942,921,21,0,0,0,942,0,0,139,803,0,942,0,0,0,942,0,0,942,0,921,21,0,885,36,21,0,921,21,581,337,0,24,0
330510915000045,966,966,0,0,0,0,966,0,0,122,844,0,966,0,0,0,966,0,0,966,0,966,0,0,926,40,0,0,966,0,352,309,149,156,0
330510915000046,881,880,1,0,0,0,880,1,0,508,373,0,881,0,0,0,881,0,0,881,0,782,99,0,782,0,99,0,782,99,209,147,126,399,0
330510915000047,426,377,49,0,0,0,426,0,0,426,0,0,390,36,0,0,426,0,0,426,0,377,49,0,359,18,49,0,377,49,53,319,0,54,0
330510915000048,729,729,0,0,0,0,729,0,0,574,155,0,729,0,0,0,729,0,0,729,0,729,0,0,692,37,0,0,729,0,321,180,0,228,0
330510915000049,646,646,0,0,0,0,646,0,0,383,263,0,646,0,0,65,581,0,102,544,0,646,0,0,443,203,0,97,549,0,305,248,93,0,0
330510915000050,299,299,0,0,0,0,299,0,0,0,299,0,299,0,0,0,299,0,97,202,0,299,0,0,202,97,0,0,299,0,299,0,0,0,0
330510915000051,502,502,0,0,0,0,502,0,0,149,353,0,502,0,0,0,502,0,29,473,0,471,31,0,471,0,31,0,471,31,475,27,0,0,0
330510915000052,287,251,36,0,0,0,287,0,0,0,287,0,287,0,0,0,287,0,0,287,0,287,0,0,185,102,0,0,287,0,94,102,91,0,0
330510915000053,791,712,79,0,0,0,791,0,0,0,791,0,791,0,0,124,667,0,0,791,0,791,0,0,791,0,0,0,791,0,451,340,0,0,0
330510915000054,634,634,0,0,0,0,634,0,0,420,214,0,634,0,0,0,634,0,0,634,0,634,0,0,634,0,0,319,315,0,243,110,83,198,0
330510915000055,816,816,0,0,0,0,816,0,0,703,113,0,816,0,0,0,816,0,0,816,0,816,0,0,780,36,0,686,130,0,241,153,135,287,0
330510915000056,467,467,0,0,0,0,467,0,0,443,24,0,467,0,0,98,369,0,0,467,0,467,0,0,393,74,0,336,131,0,330,81,56,0,0
330510915000057,759,698,61,0,0,0,759,0,0,471,288,0,759,0,0,51,708,0,0,759,0,759,0,0,655,104,0,725,34,0,174,214,195,176,0
330510915000058,521,521,0,0,0,0,521,0,0,454,67,0,521,0,0,29,492,0,0,521,0,521,0,0,493,28,0,501,20,0,95,29,200,197,0
330510915000059,519,519,0,0,0,0,519,0,0,493,26,0,519,0,0,22,497,0,0,519,0,519,0,0,234,285,0,312,207,0,153,57,209,100,0
330510915000060,636,245,391,0,0,0,636,0,0,214,422,0,636,0,0,0,636,0,0,636,0,636,0,0,636,0,0,48,588,0,234,299,103,0,0
330510915000061,539,255,165,119,0,0,539,0,0,79,460,0,539,0,0,0,539,0,53,486,0,353,186,0,311,42,186,0,353,186,382,126,31,0,0
330510915000062,660,660,0,0,0,0,660,0,0,390,270,0,660,0,0,242,418,0,0,660,0,660,0,0,547,113,0,0,660,0,493,167,0,0,0
330510915000063,909,909,0,0,0,0,909,0,0,216,693,0,909,0,0,469,440,0,0,909,0,909,0,0,813,96,0,0,909,0,571,338,0,0,0
330510915000064,852,852,0,0,0,0,852,0,0,845,7,0,852,0,0,0,852,0,0,852,0,852,0,0,786,66,0,47,805,0,433,327,0,92,0
330510915000066,572,572,0,0,0,0,572,0,0,414,158,0,572,0,0,0,572,0,0,572,0,572,0,0,565,7,0,230,342,0,149,186,38,199,0
330510915000067,597,597,0,0,0,0,597,0,0,597,0,0,597,0,0,0,597,0,0,597,0,597,0,0,583,14,0,14,583,0,415,127,55,0,0
330510915000068,772,772,0,0,0,0,772,0,0,639,133,0,772,0,0,0,772,0,0,772,0,772,0,0,631,141,0,0,772,0,165,420,133,54,0
330510915000069,713,592,0,121,0,0,713,0,0,188,525,0,713,0,0,0,713,0,0,713,0,713,0,0,713,0,0,0,713,0,297,101,174,141,0
330510915000070,457,457,0,0,0,0,457,0,0,410,47,0,457,0,0,81,376,0,0,457,0,457,0,0,376,81,0,81,376,0,81,225,0,151,0
330510915000071,291,291,0,0,0,0,291,0,0,172,119,0,291,0,0,0,291,0,0,291,0,291,0,0,291,0,0,0,291,0,216,75,0,0,0
330510915000072,438,438,0,0,0,0,438,0,0,67,371,0,438,0,0,67,371,0,0,438,0,438,0,0,438,0,0,0,438,0,67,371,0,0,0
330510915000073,336,204,132,0,0,0,336,0,0,128,208,0,336,0,0,0,336,0,0,336,0,336,0,0,336,0,0,0,336,0,184,76,76,0,0
330510915000074,445,397,4,44,0,0,401,44,0,324,121,0,445,0,0,0,445,0,0,445,0,401,44,0,401,0,44,0,401,44,113,284,48,0,0
330510915000075,628,622,0,6,0,0,628,0,0,243,385,0,622,6,0,0,628,0,0,628,0,622,6,0,622,0,6,0,622,6,165,410,53,0,0
330510915000076,341,341,0,0,0,0,341,0,0,96,245,0,341,0,0,0,341,0,0,341,0,341,0,0,341,0,0,0,341,0,341,0,0,0,0
330510915000077,478,287,3,188,0,0,469,9,0,413,65,0,469,9,0,0,478,0,0,478,0,466,12,0,466,0,12,0,466,12,478,0,0,0,0
330510915000078,425,269,156,0,0,0,425,0,0,33,392,0,425,0,0,0,425,0,0,425,0,377,48,0,377,0,48,0,377,48,333,92,0,0,0
330510915000079,373,332,41,0,0,0,373,0,0,0,373,0,373,0,0,0,373,0,0,373,0,373,0,0,373,0,0,0,373,0,239,0,134,0,0
330510915000080,397,397,0,0,0,0,397,0,0,68,329,0,397,0,0,210,187,0,0,397,0,397,0,0,397,0,0,0,397,0,273,124,0,0,0
330510915000081,397,317,80,0,0,0,397,0,0,60,337,0,357,40,0,0,397,0,0,397,0,357,40,0,357,0,40,0,357,40,357,40,0,0,0
330510915000082,553,544,9,0,0,0,553,0,0,446,107,0,553,0,0,0,553,0,0,553,0,553,0,0,473,80,0,429,124,0,80,279,194,0,0
330510915000083,651,572,27,52,0,0,651,0,0,651,0,0,651,0,0,0,651,0,0,651,0,651,0,0,651,0,0,0,651,0,569,82,0,0,0
330510915000084,430,95,284,44,0,7,423,0,7,79,344,7,423,0,7,0,423,7,100,323,7,226,197,7,226,0,204,114,112,204,167,256,0,0,7
330510915000085,231,231,0,0,0,0,231,0,0,190,41,0,231,0,0,0,231,0,0,231,0,231,0,0,231,0,0,11,220,0,187,33,0,11,0
330510915000086,234,234,0,0,0,0,234,0,0,116,118,0,234,0,0,0,234,0,0,234,0,234,0,0,234,0,0,0,234,0,234,0,0,0,0
330510915000087,387,248,139,0,0,0,387,0,0,327,60,0,387,0,0,0,387,0,0,387,0,387,0,0,387,0,0,0,387,0,60,327,0,0,0
330510915000088,372,372,0,0,0,0,372,0,0,40,332,0,372,0,0,0,372,0,0,372,0,372,0,0,372,0,0,0,372,0,207,165,0,0,0
330510915000089,389,389,0,0,0,0,389,0,0,84,305,0,389,0,0,0,389,0,0,389,0,389,0,0,389,0,0,0,389,0,341,48,0,0,0
330510915000090,334,334,0,0,0,0,334,0,0,156,178,0,334,0,0,0,334,0,84,250,0,334,0,0,206,128,0,0,334,0,311,23,0,0,0
330510915000091,243,243,0,0,0,0,243,0,0,81,162,0,243,0,0,57,186,0,0,243,0,243,0,0,209,34,0,0,243,0,172,71,0,0,0
330510915000092,337,337,0,0,0,0,337,0,0,97,240,0,337,0,0,0,337,0,0,337,0,337,0,0,188,149,0,0,337,0,188,149,0,0,0
330510915000093,406,406,0,0,0,0,406,0,0,160,246,0,406,0,0,0,406,0,0,406,0,406,0,0,406,0,0,0,406,0,316,90,0,0,0
330510915000094,490,490,0,0,0,0,490,0,0,490,0,0,490,0,0,0,490,0,0,490,0,490,0,0,490,0,0,0,490,0,317,0,173,0,0
330510915000095,587,571,0,16,0,0,587,0,0,533,54,0,571,16,0,0,587,0,0,587,0,587,0,0,571,16,0,0,587,0,393,116,78,0,0
330510915000096,505,257,94,154,0,0,455,50,0,24,481,0,387,118,0,0,505,0,0,505,0,337,168,0,337,0,168,0,337,168,505,0,0,0,0
330510915000097,395,247,126,22,0,0,395,0,0,90,305,0,373,22,0,0,395,0,0,395,0,373,22,0,373,0,22,0,373,22,395,0,0,0,0
330510915000098,691,691,0,0,0,0,691,0,0,595,96,0,691,0,0,0,691,0,0,691,0,691,0,0,615,76,0,342,349,0,137,266,224,64,0
330510915000099,300,300,0,0,0,0,300,0,0,300,0,0,300,0,0,0,300,0,0,300,0,300,0,0,300,0,0,97,203,0,0,136,32,132,0
