territory_id,territory_name,unit_type,planning_area,administrative_region_name,score,score_category,score_rank_citywide,flood_exposure,drainage_pressure,social_exposure,green_space_deficit,civil_defense_context,opportunity_space,population_total,population_density_per_km2,hydrology_length_m,hydrology_density_m_per_km2,covered_hydrology_share,sgb_inundacao_weighted_area_index,sgb_inundacao_high_area_share,plaza_count,plaza_area_m2,plaza_area_m2_per_1000_residents,civil_defense_assets,public_facility_count,assignment_notes
bairro-6,Catumbi,neighborhood,AP1,RIO COMPRIDO,87.3415,very_high,1,80.0303,98.5599,93.7888,80.7453,93.7273,80.5454,12201,22617.066006,1344.3226,2491.7936,1,8.005169,0,6,4098.5732,335.9211,3,2,
bairro-35,Maracanã,neighborhood,AP2,VILA ISABEL,81.9469,very_high,2,97.4546,88.4843,77.6398,72.6708,32.0606,66.9697,22915,13743.722406,2522.7113,1513.0518,0.3634,14.050168,4.671901,7,11187.2448,488.2062,0,6,
bairro-42,Olaria,neighborhood,AP3,RAMOS,79.1774,high,3,78.7879,88.5986,78.2609,70.1863,82.8182,79.8182,51222,13881.891057,4701.9984,1274.3234,0.6499,0.569506,0.182647,22,27503.7867,536.9526,7,15,
bairro-65,Cachambi,neighborhood,AP3,MEIER,77.8469,high,4,86.2121,65.0705,90.0621,77.0186,36.9394,74.1213,39022,17341.833113,1722.7754,765.6099,0.1423,10.445866,0.039136,26,16418.2049,420.7423,0,7,
bairro-88,Osvaldo Cruz,neighborhood,AP3,MADUREIRA,77.3725,high,5,80.1213,74.5391,80.7453,83.8509,40.7879,69.3939,29819,14397.438021,3645.5875,1760.218,0.0407,0.635294,0.076058,8,8909.9005,298.7994,0,8,
bairro-33,Tijuca,neighborhood,AP2,TIJUCA,75.783,high,6,70.8485,83.4004,78.882,74.5342,88.6364,54.6667,142909,14197.783416,14991.6763,1489.3972,0.1664,1.032016,0,39,68657.0764,480.4251,31,28,
bairro-45,Brás de Pina,neighborhood,AP3,PENHA,74.2525,high,7,92.4243,61.6471,83.8509,53.4161,75.5757,59.2727,45048,15238.641041,2749.2876,930.0073,0.0549,6.763269,2.149026,21,49333.6889,1095.1361,2,7,
bairro-47,Parada de Lucas,neighborhood,AP3,VIGARIO GERAL,71.7863,high,8,80.5757,85.0341,56.5217,70.8075,60.2121,42.6061,22069,10688.29192,4204.4766,2036.2634,0.1009,1.108299,0,8,11619.1739,526.493,0,4,
bairro-39,Manguinhos,neighborhood,AP3,RAMOS,71.4405,high,9,94.9091,47.9517,59.0062,85.0932,32.6667,58.4848,28855,11020.264313,3044.6156,1162.7771,0,11.722432,3.812353,7,7662.3691,265.5474,0,9,
bairro-20,Botafogo,neighborhood,AP2,BOTAFOGO,70.3502,high,10,79.2424,76.4291,85.7143,38.5093,79.4243,49.5151,76728,15988.435404,2907.1405,605.7805,1,3.621022,0.000001,38,135554.7304,1766.6918,5,8,
bairro-77,Colégio,neighborhood,AP3,IRAJA,70.1692,high,11,92.1515,37.9737,64.5963,78.2609,61.6364,65.5151,26358,11657.073771,1139.2056,503.8281,0,14.102966,4.673883,11,10451.4337,396.5185,1,7,
bairro-70,Abolição,neighborhood,AP3,MEIER,69.9848,high,12,38.9091,86.5498,83.2298,97.5155,84.8182,12.2424,9196,14920.474629,905.2097,1468.781,0.3282,0.065536,0,2,218.8778,23.8014,1,0,
bairro-103,Portuguesa,neighborhood,AP3,ILHA DO GOVERNADOR,69.416,high,13,81.5151,62.9402,88.1988,39.7516,48.8788,86.7879,19831,16715.094873,413.5263,348.5555,0.4397,0.989828,0.293235,14,32779.2841,1652.9315,0,5,
bairro-37,Andaraí,neighborhood,AP2,VILA ISABEL,69.2277,high,14,34.5151,86.0504,84.472,81.9876,92.3333,75.0909,34576,15290.275839,3029.0407,1339.513,0.3778,0.061147,0,11,11219.6536,324.4925,12,9,
bairro-107,Anchieta,neighborhood,AP3,ANCHIETA,68.7499,high,15,86,64.746,67.0807,60.8696,51.303,36.9091,52569,12096.677544,2275.0355,523.5142,0.3037,2.003337,0.193494,15,41614.6512,791.6196,0,8,
bairro-160,Gericinó,neighborhood,AP5,BANGU,68.7492,high,16,82.1212,73.9265,41.6149,99.3789,21.5455,1.0303,23130,9126.74069,2434.836,960.7529,0.1948,0.909504,0.08653,0,0,0,0,0,
bairro-41,Ramos,neighborhood,AP3,RAMOS,68.4424,high,17,58.0909,64.569,70.1863,85.7143,76.1818,62.2425,34453,12333.094737,1497.7895,536.1695,0.2692,0.233197,0.054884,10,8828.2612,256.2407,2,10,
bairro-157,Maré,neighborhood,AP3,COMPLEXO DA MARE,67.9012,high,18,78.6666,41.188,96.8944,55.2795,22.7576,89.8182,124832,29243.065061,4284.4328,1003.6621,0,0.677386,0.102941,24,131001.9147,1049.4257,0,45,
bairro-69,Piedade,neighborhood,AP3,MEIER,67.3852,high,19,69.8485,73.4079,47.205,84.472,73.3637,34.9091,38181,9822.462616,3046.719,783.8026,0.3205,0.374845,0.106105,5,10407.2904,272.5777,2,8,
bairro-68,Encantado,neighborhood,AP3,MEIER,67.3834,high,20,62.9697,66.2972,65.2174,95.6522,28.8182,32.3636,12405,11701.185152,937.6542,884.496,0.115,0.297146,0.066021,2,703.6074,56.7197,0,2,
bairro-64,Todos os Santos,neighborhood,AP3,MEIER,67.2801,high,21,44.8485,58.4822,93.1677,96.2733,65.4849,19.3334,22593,22311.01837,180.31,178.0663,0.5984,0.205647,0,2,1188.9835,52.6262,1,1,
bairro-71,Pilares,neighborhood,AP3,MEIER,66.7714,high,22,55.1515,65.3109,73.913,71.4286,86.4546,75.4545,23518,12806.404042,1152.5906,627.6359,0.2046,0.222641,0.019733,10,11832.7582,503.1362,5,7,
bairro-36,Vila Isabel,neighborhood,AP2,VILA ISABEL,66.624,high,23,41.5152,84.6495,92.5466,54.0373,90.5151,67.9394,65790,20449.875388,3310.5855,1029.059,0.6715,0.120874,0,11,71820.3808,1091.6611,12,13,
bairro-156,Complexo do Alemão,neighborhood,AP3,COMPLEXO DO ALEMÃO,66.1789,high,24,21.8788,73.7935,91.3043,93.1677,99,60.2424,54500,18406.794811,2147.7437,725.3685,0.416,0.010913,0,6,6057.37,111.1444,30,11,
bairro-61,Engenho Novo,neighborhood,AP3,MEIER,66.0747,high,25,39.4849,67.8466,82.6087,90.0621,97.1818,25.3333,39424,14905.925926,1750.4673,661.8274,0.2372,0.101316,0,5,6483.3651,164.4522,16,4,
bairro-101,Tauá,neighborhood,AP3,ILHA DO GOVERNADOR,65.4653,high,26,80.9697,30.606,85.0932,60.2484,47.4546,72.2424,26482,15833.305788,0,0,,1.613511,0.511209,23,21314.8555,804.8809,0,5,
bairro-111,Acari,neighborhood,AP3,PAVUNA,64.38,elevated,27,45.6667,43.8428,91.9255,82.6087,67.9697,72.1212,29673,18481.763514,1002.6403,624.5035,0,0.162562,0,5,9159.0573,308.6664,1,8,
bairro-155,Jacarezinho,neighborhood,AP3,JACAREZINHO,64.3124,elevated,28,40.303,41.8037,99.3789,95.0311,6.9091,92.6667,35458,37566.350411,1147.6814,1215.893,0,0.149128,0,7,2557.6661,72.1323,0,6,
bairro-66,Engenho de Dentro,neighborhood,AP3,MEIER,63.6327,elevated,29,52.5151,80.3942,57.764,64.5963,87.6969,58.8485,42826,10923.7432,5654.6975,1442.3409,0.1434,0.125561,0.037383,15,30688.2292,716.5794,11,12,
bairro-7,Rio Comprido,neighborhood,AP1,RIO COMPRIDO,63.4938,elevated,30,27.6969,82.9547,66.4596,88.1988,96.5757,56.6667,40269,12047.498683,3992.2756,1194.3981,0.3812,0.023249,0,12,8030.1688,199.4132,20,10,
bairro-164,Ilha de Guaratiba,neighborhood,AP5,GUARATIBA,63.2589,elevated,31,84.7576,54.9965,,,25.1818,5.3939,,,19504.9092,2528.3111,0,1.697068,0.016896,0,0,,0,2,Sem correspondência NM_BAIRRO no Censo 2022.
bairro-62,Lins de Vasconcelos,neighborhood,AP3,MEIER,62.9387,elevated,32,41.0303,66.1936,62.7329,87.5776,94.7576,51.8182,30910,11580.228337,1107.7253,415.0027,0.4729,0.147265,0,6,6296.5861,203.7071,15,8,
bairro-113,Costa Barros,neighborhood,AP3,PAVUNA,62.8167,elevated,33,74.3333,28.1819,81.3665,67.7019,45.0303,56.3031,26272,14476.234601,0,0,,0.839696,0.114638,8,16578.8231,631.0453,0,5,
bairro-89,Bento Ribeiro,neighborhood,AP3,MADUREIRA,62.6626,elevated,34,50.5758,66.1545,68.9441,86.3354,42.6061,21.4545,37306,12280.376329,1912.6659,629.6013,0.2207,0.18102,0.015972,8,9136.93,244.9185,0,3,
bairro-118,Cidade de Deus,neighborhood,AP4,CIDADE DE DEUS,62.6446,elevated,35,76.8788,33.1061,95.6522,31.677,52.1212,97.7576,30576,24018.321386,0,0,,0.882183,0.146128,40,65617.6046,2146.0493,0,13,
bairro-158,Vasco da Gama,neighborhood,AP1,SAO CRISTOVAO,62.5415,elevated,36,67,7.8031,88.8199,90.6832,17.0606,82.5454,14471,16766.757518,0,0,,13.608014,0,5,2334.3683,161.3135,0,4,
bairro-109,Ricardo de Albuquerque,neighborhood,AP3,ANCHIETA,61.904,elevated,37,64.0909,36.8078,75.1553,75.7764,50.697,51.8788,27779,13122.642322,667.8325,315.4766,0,0.372378,0.072465,15,12092.6182,435.3151,0,4,
bairro-93,Cacuia,neighborhood,AP3,ILHA DO GOVERNADOR,61.4716,elevated,38,90.3636,88.5422,20.4969,44.0994,48.8182,25.8788,10765,5203.772101,3931.3784,1900.4101,0.1706,1.212304,0.301982,8,15560.5587,1445.4769,1,2,
bairro-76,Irajá,neighborhood,AP3,IRAJA,61.1873,elevated,39,73.8485,49.6879,62.1118,47.205,69.606,75.0303,86388,11546.138882,5605.1898,749.1566,0,0.495677,0.129002,48,119682.1703,1385.4027,2,27,
bairro-83,Madureira,neighborhood,AP3,MADUREIRA,60.9997,elevated,40,52.6363,68.9643,53.4161,68.9441,73.9697,64.9091,39888,10531.141961,2158.8495,569.9782,0.3705,0.200136,0.029364,17,22657.0766,568.0174,2,12,
bairro-90,Marechal Hermes,neighborhood,AP3,MADUREIRA,60.7003,elevated,41,65.6969,78.0772,54.6584,42.8571,43.2121,74.2425,41507,10680.514426,3487.059,897.2927,0.4638,0.351481,0.063155,28,63569.0101,1531.525,0,13,
bairro-162,Vila Kennedy,neighborhood,AP5,BANGU,59.9961,elevated,42,56.7879,10.6818,81.9876,98.7578,23.9697,69.5152,21749,14757.678288,0,0,,0.374668,0.02559,0,0,0,0,20,
bairro-122,Taquara,neighborhood,AP4,JACAREPAGUA,59.9527,elevated,43,83.1515,78.9348,36.646,45.3416,18.8788,37.5757,107809,8163.226478,17503.1621,1325.3244,0.1459,0.800458,0.13627,59,154709.7424,1435.0355,0,20,
bairro-18,Catete,neighborhood,AP2,BOTAFOGO,59.8922,elevated,44,13.697,69.4642,98.7578,72.0497,89.1212,65.4546,22295,32737.247647,230.4349,338.3772,1,0,0,4,11056.4014,495.9139,2,2,
bairro-147,Cosmos,neighborhood,AP5,CAMPO GRANDE,58.8238,elevated,45,82.1212,76.3047,37.8882,36.0248,14.8182,68.0606,97570,8664.148516,12583.6675,1117.4258,0.1682,0.757283,0.188177,71,181430.6565,1859.4922,0,34,
bairro-43,Penha,neighborhood,AP3,PENHA,58.4155,elevated,46,45,82.1013,49.6894,56.5217,82.6363,62.4243,58516,10069.280385,6486.2746,1116.1486,0.4083,0.090292,0.007396,30,54856.8982,937.4684,11,17,
bairro-48,Vigário Geral,neighborhood,AP3,VIGARIO GERAL,58.3978,elevated,47,70.5758,62.8667,50.3106,44.7205,58.1212,54.7879,34645,10233.900738,2817.1411,832.1688,0.0835,0.378,0.098602,15,49880.777,1439.7684,1,9,
bairro-106,Guadalupe,neighborhood,AP3,ANCHIETA,58.3925,elevated,48,67.9091,60.6667,55.9006,41.6149,50.0909,77.5758,40820,10685.813574,566.9647,148.4201,1,0.426038,0.115511,27,65628.71,1607.7587,0,14,
bairro-11,Mangueira,neighborhood,AP1,SAO CRISTOVAO,57.6945,elevated,49,30.0606,13.3334,94.4099,88.8199,99.5758,87.697,18247,22862.160278,0,0,,0.119461,0,4,3443.112,188.6947,10,8,
bairro-74,Vila da Penha,neighborhood,AP3,IRAJA,57.2665,elevated,50,47.697,37.2727,79.5031,76.3975,62.6364,23.8182,21950,14237.758904,0,0,,0.216012,0,3,9519.231,433.6779,0,2,
bairro-138,Magalhães Bastos,neighborhood,AP5,REALENGO,56.0484,elevated,51,66.1213,60.4543,52.795,47.8261,2.4242,77.5152,20636,10443.559779,1816.5492,919.3063,0.0494,0.367115,0.051529,8,28236.4999,1368.3127,0,10,
bairro-114,Pavuna,neighborhood,AP3,PAVUNA,55.3127,elevated,52,70.9697,34.6769,61.4907,36.646,63.1818,86,95337,11470.592015,1358.7407,163.4792,0,0.595557,0.089806,54,170669.0698,1790.1661,1,42,
bairro-116,Anil,neighborhood,AP4,JACAREPAGUA,55.2341,elevated,53,79.7273,65.528,40.9938,19.2547,52.7273,70.4848,31895,9111.763753,4752.444,1357.686,0.0238,0.731154,0.073921,54,108639.9044,3406.1735,0,10,
bairro-125,Vila Valqueire,neighborhood,AP4,JACAREPAGUA,55.1106,elevated,54,62.0303,86.9113,36.0248,29.8137,73.4545,45.5757,34024,8039.268055,5184.3154,1224.9694,0.5415,0.354096,0,19,75254.8805,2211.8176,2,8,
bairro-139,Realengo,neighborhood,AP5,REALENGO,54.9943,elevated,55,78.6363,66.2167,29.8137,39.1304,42.0303,45.3939,167919,6444.97099,31237.8053,1198.9501,0.0489,0.615531,0.107635,65,286955.1773,1708.8905,2,70,
bairro-127,Itanhangá,neighborhood,AP4,BARRA DA TIJUCA,54.5041,elevated,56,64.3636,82.554,19.8758,49.6894,69.9697,25.4546,68537,5193.07778,24457.5144,1853.1509,0.1,0.298853,0.01862,54,81052.4721,1182.609,4,10,
bairro-154,Rocinha,neighborhood,AP2,ROCINHA,54.0714,elevated,57,19.7879,2.5,100,92.5466,99.606,82.9091,72154,50204.614134,0,0,,0.06814,0,10,8135.4551,112.7513,16,6,
bairro-110,Coelho Neto,neighborhood,AP3,PAVUNA,53.8001,elevated,58,61.6969,44.4392,54.0373,42.236,65.697,77.2727,26780,10660.924999,1534.8652,611.0132,0,0.337058,0.034345,9,42779.9557,1597.4591,1,15,
bairro-63,Méier,neighborhood,AP3,MEIER,53.6442,elevated,59,30.697,32.17,86.9565,77.6398,36.1212,65.5151,39700,16066.761521,753.9784,305.1432,0,0.064777,0,9,16253.7149,409.4135,0,9,
bairro-104,Galeão,neighborhood,AP3,ILHA DO GOVERNADOR,53.5576,elevated,60,72.4545,59.7785,6.2112,80.1242,43.7879,8.1818,23498,1239.51117,10003.4134,527.6758,0.1477,0.831988,0.013354,5,8562.1993,364.3799,1,7,
bairro-79,Quintino Bocaiúva,neighborhood,AP3,MADUREIRA,53.1236,elevated,61,40.0606,71.8026,26.087,91.3043,40.1818,25.1515,25271,5844.618936,4625.8448,1069.8563,0.1274,0.080763,0,4,3793.6215,150.1176,0,7,
bairro-46,Cordovil,neighborhood,AP3,VIGARIO GERAL,53.1212,elevated,62,55.0909,46.3111,43.4783,61.4907,60.8182,65.9394,34668,9433.295068,1820.0172,495.2293,0.0297,0.223605,0.029585,13,26602.4478,767.3488,0,14,
bairro-146,Inhoaíba,neighborhood,AP5,CAMPO GRANDE,52.9484,elevated,63,67.6667,73.8654,39.1304,24.8447,20.9394,80.6667,72141,8704.370798,12058.3885,1454.9389,0.0656,0.368182,0.025722,48,183030.3767,2537.12,0,36,
bairro-82,Cascadura,neighborhood,AP3,MADUREIRA,52.8585,elevated,64,52.0909,68.996,44.0994,50.9317,38.1516,50.3636,26895,9473.47845,1490.5249,525.0176,0.4494,0.270023,0,8,31023.5633,1153.5067,0,8,
bairro-94,Pitangueiras,neighborhood,AP3,ILHA DO GOVERNADOR,52.8351,elevated,65,49.8484,26.9697,89.441,50.3106,43.8182,46.9091,10242,16953.265608,0,0,,0.323326,0,4,11907.8645,1162.6503,0,1,
bairro-72,Vila Kosmos,neighborhood,AP3,IRAJA,52.7408,elevated,66,84.1818,29.8353,46.5839,19.8758,92.3637,72.1818,14878,9792.937137,492.473,324.1447,0,43.27073,0.027465,10,48254.8124,3243.3669,8,5,
bairro-38,Grajaú,neighborhood,AP2,VILA ISABEL,52.6021,elevated,67,30.4848,85.7688,24.2236,79.5031,85.697,25.4546,32816,5717.950017,9158.435,1595.7964,0.1523,0.011743,0,7,12010.4591,365.994,17,9,
bairro-149,Santa Cruz,neighborhood,AP5,SANTA CRUZ,52.2729,elevated,68,93.606,66.6431,8.0745,31.0559,45.5758,15.1515,249134,1992.360663,191678.8803,1532.8841,0.0178,2.342057,0.646921,162,544664.1428,2186.2297,2,95,
bairro-129,Camorim,neighborhood,AP4,BARRA DA TIJUCA,52.2475,elevated,69,62.9091,64.243,3.7267,83.2298,57.1818,5.5151,7037,957.151543,11684.9406,1589.3554,0,0.250987,0.020214,3,2167.7896,308.0559,0,0,
bairro-17,Laranjeiras,neighborhood,AP2,BOTAFOGO,52.2077,elevated,70,45.3334,56.8265,86.3354,13.6646,85.7576,59.0909,39982,16034.399426,307.5189,123.3282,0.7639,0.237213,0,16,173139.1857,4330.4283,7,6,
bairro-32,Praça da Bandeira,neighborhood,AP2,TIJUCA,52.1646,elevated,71,23.4848,91.2191,49.0683,65.2174,31.4545,48.9091,7215,10022.063402,1072.6463,1489.9935,0.5145,0,0,2,4998.4876,692.7911,0,2,
bairro-141,Bangu,neighborhood,AP5,BANGU,52.0682,elevated,72,75.0303,70.0155,25.4658,25.4658,47.8788,59.5151,209302,5819.393146,46924.3465,1304.6754,0.0536,0.457169,0.090064,180,528596.224,2525.5192,1,100,
bairro-112,Barros Filho,neighborhood,AP3,PAVUNA,51.9301,elevated,73,32.2727,32.0454,65.8385,91.9255,49.4848,36.2424,20444,11859.37,0,0,,0.073128,0,1,2520.3843,123.2823,0,4,
bairro-142,Senador Camará,neighborhood,AP5,BANGU,51.6402,elevated,74,63.0303,85.0051,29.1925,27.9503,43.0606,42.9697,107267,6343.912674,28489.2829,1684.889,0.1427,0.234424,0.029652,60,258960.5421,2414.1678,2,36,
bairro-15,Flamengo,neighborhood,AP2,BOTAFOGO,51.3032,elevated,75,24.3636,72.8775,96.2733,37.8882,13.606,38.1212,43099,26179.979656,849.421,515.9576,1,0.000042,0.000014,6,76419.7258,1773.1206,0,3,
bairro-121,Pechincha,neighborhood,AP4,JACAREPAGUA,51.0705,elevated,76,21.2121,47.0507,75.7764,81.3665,53.5455,23.8182,37487,13241.970093,1127.4953,398.2816,0.051,0,0,8,12272.3619,327.3765,0,3,
bairro-54,Inhaúma,neighborhood,AP3,INHAUMA,50.9779,elevated,77,47.6363,65.0073,55.2795,21.118,77.6363,90.4848,37233,10682.918135,3314.3128,950.9405,0.0724,0.121487,0.013712,40,108343.8754,2909.8884,3,18,
bairro-19,Cosme Velho,neighborhood,AP2,BOTAFOGO,50.5904,elevated,78,22.3939,98.0483,32.9193,52.1739,85.303,59.5758,6408,7179.490295,3352.8283,3756.6704,0.6618,0,0,9,7226.6297,1127.7512,2,2,
bairro-119,Curicica,neighborhood,AP4,JACAREPAGUA,50.2406,elevated,79,72.4848,55.0544,38.5093,29.1925,17.6667,61.2121,29038,8695.119918,209.6559,62.7788,1,0.6306,0.11946,11,67952.3867,2340.1194,0,12,
bairro-130,Vargem Pequena,neighborhood,AP4,BARRA DA TIJUCA,50.1471,elevated,80,63.3031,66.5267,8.6957,63.354,58.394,10.4243,31307,2168.325121,22854.852,1582.9323,0.0135,0.327747,0.003522,17,23641.8346,755.1613,0,6,
bairro-26,Leblon,neighborhood,AP2,LAGOA,49.8818,moderate,81,19.1515,57.8241,90.6832,49.0683,30.8485,61.5757,37709,17513.803843,1672.7542,776.905,0.0584,0,0,25,50459.8282,1338.1375,0,5,
bairro-50,Higienópolis,neighborhood,AP3,INHAUMA,49.4081,moderate,82,59.6969,43.6439,69.5652,12.4224,33.2727,94.1818,14227,12291.400769,1057.871,913.9275,0,0.376686,0,11,63838.5024,4487.1373,0,8,
bairro-86,Rocha Miranda,neighborhood,AP3,MADUREIRA,49.2956,moderate,83,29.8182,33.2416,72.6708,65.8385,42,78,36360,12595.639421,702.5414,243.3718,0,0.05967,0,13,24886.1609,684.4379,0,13,
bairro-60,Sampaio,neighborhood,AP3,MEIER,49.1986,moderate,84,35.7273,14.7727,48.4472,96.8944,92.6061,36.5455,8832,9986.3091,0,0,,0.178844,0,1,369.0131,41.7814,5,2,
bairro-102,Moneró,neighborhood,AP3,ILHA DO GOVERNADOR,49.0948,moderate,85,74.0909,31.2122,58.3851,15.528,48.0606,68.7879,5723,10993.95331,0,0,,4.817165,0,2,23553.1077,4115.5177,0,2,
bairro-73,Vicente de Carvalho,neighborhood,AP3,IRAJA,48.9389,moderate,86,50.4243,19.2424,63.354,51.5528,91.3333,48.303,21300,11603.104285,0,0,,0.210468,0.059829,8,24339.005,1142.6763,8,4,
bairro-131,Vargem Grande,neighborhood,AP4,BARRA DA TIJUCA,48.773,moderate,87,73,69.1982,2.4845,46.5839,59,5.394,21350,542.146674,112051.6658,2845.3591,0.0022,0.397826,0.035469,11,29998.8039,1405.0962,0,5,
bairro-2,Gamboa,neighborhood,AP1,PORTUARIA,48.7492,moderate,88,56.697,12.1212,52.1739,73.913,25.7879,56.1819,11416,10257.832078,0,0,,0.746467,0,2,5517.7281,483.3329,0,4,
bairro-59,Riachuelo,neighborhood,AP3,MEIER,48.5756,moderate,89,36.303,14.1667,60.8696,93.7888,27.6061,50.7879,10514,11328.386557,0,0,,0.182714,0,1,928.4961,88.3105,0,3,
bairro-151,Guaratiba,neighborhood,AP5,GUARATIBA,48.2926,moderate,90,91.2121,66.0274,5.5901,20.4969,41.6969,8.4243,160488,1217.783781,196009.6046,1487.3224,0.0217,1.876491,0.498617,111,498035.4066,3103.2564,5,45,
bairro-55,Engenho da Rainha,neighborhood,AP3,INHAUMA,47.9574,moderate,91,51.303,23.4091,57.1429,48.4472,84.4243,50.9091,24188,10867.831934,0,0,,0.218421,0.053486,8,32877.1828,1359.2353,5,6,
bairro-4,Caju,neighborhood,AP1,PORTUARIA,47.6729,moderate,92,64.1515,50.6484,16.1491,57.1429,19.697,53.0909,24116,4509.775265,2526.1882,472.4055,0.066,0.341282,0.090977,23,21232.9648,880.4514,0,14,
bairro-144,Campo Grande,neighborhood,AP5,CAMPO GRANDE,47.54,moderate,93,78.6667,68.9922,13.6646,16.7702,47.5151,33.5758,352356,3373.58955,165749.9347,1586.9529,0.0221,0.584664,0.082342,424,1312726.4695,3725.5687,1,154,
bairro-95,Praia da Bandeira,neighborhood,AP3,ILHA DO GOVERNADOR,47.2107,moderate,94,21.697,27.5758,77.0186,69.5652,44.4243,72.9697,5153,13581.723478,0,0,,0.00995,0,1,2909.264,564.5767,0,2,
bairro-87,Honório Gurgel,neighborhood,AP3,MADUREIRA,47.1726,moderate,95,23.1212,24.2424,76.3975,78.882,37.5455,49.0909,18213,13247.256594,0,0,,0.025959,0,3,6850.2585,376.1192,0,4,
bairro-9,Estácio,neighborhood,AP1,RIO COMPRIDO,47.1449,moderate,96,25.1516,21.2438,95.0311,34.7826,96.9091,90.8485,23260,23724.930566,38.1901,38.9536,0,0.064673,0,7,43822.7565,1884.0394,7,6,
bairro-98,Freguesia (Ilha),neighborhood,AP3,ILHA DO GOVERNADOR,47.0485,moderate,97,67.5758,39.6347,21.118,68.323,6.303,12.9091,21360,5265.735025,665.6643,164.1022,0.0406,0.486556,0.079188,5,13391.0539,626.922,0,2,
bairro-148,Paciência,neighborhood,AP5,SANTA CRUZ,46.7077,moderate,98,75.5152,71.1429,14.9068,24.2236,15.4242,24.5455,105701,3855.161926,34989.6097,1276.1547,0.063,0.508194,0.081121,69,271501.8153,2568.5832,0,35,
bairro-153,Pedra de Guaratiba,neighborhood,AP5,GUARATIBA,46.5412,moderate,99,76.3939,64.2558,13.0435,14.2857,54.8485,51.2727,11950,3285.74558,3108.4133,854.6876,0.0975,0.986276,0.013038,18,51013.1393,4268.8819,2,8,
bairro-10,Imperial de São Cristóvão,neighborhood,AP1,SAO CRISTOVAO,46.2482,moderate,100,77.2727,48.3524,31.0559,3.7267,79.5758,49.2121,28016,6823.759183,2094.1931,510.0697,0.0434,0.706992,0.217995,22,660589.4811,23579.0077,5,8,
bairro-31,São Conrado,neighborhood,AP2,LAGOA,46.1091,moderate,101,68.7273,82.0499,6.8323,21.7391,47.0303,20.303,9739,1500.944047,10164.1351,1566.4604,0.1268,0.3677,0.03182,23,27982.0328,2873.1936,1,3,
bairro-78,Campinho,neighborhood,AP3,MADUREIRA,45.9886,moderate,102,61.7576,34.5846,39.7516,45.9627,39.3636,28.6666,8579,8713.951883,330.8263,336.0348,0,0.326056,0.084243,4,12284.1042,1431.8807,0,1,
bairro-134,Deodoro,neighborhood,AP5,REALENGO,45.8678,moderate,103,81.2728,37.4599,9.3168,40.9938,54.7576,23.8788,10402,2241.557384,1385.3458,298.5337,0,2.280267,0.062593,10,17126.0661,1646.4205,0,6,
bairro-12,Benfica,neighborhood,AP1,SAO CRISTOVAO,45.6898,moderate,104,29.2727,24.9917,74.5342,55.9006,27,89.4545,22661,13050.43333,297.4016,171.2748,0,0.073367,0,13,23585.1028,1040.7794,0,9,
bairro-165,Barra Olímpica,neighborhood,AP4,JACAREPAGUA,45.5375,moderate,105,45.0606,51.9383,,,63.2425,5.0909,,,4111.5559,374.6941,0.1105,0.156212,0,0,0,,0,2,Sem correspondência NM_BAIRRO no Censo 2022.
bairro-96,Cocotá,neighborhood,AP3,ILHA DO GOVERNADOR,45.371,moderate,106,82.0303,28.7878,50.9317,4.9689,45.6364,30.8485,5021,10244.769839,0,0,,1.908438,0.35475,7,75266.8609,14990.4125,0,0,
bairro-124,Praça Seca,neighborhood,AP4,JACAREPAGUA,44.9513,moderate,107,31.4849,46.9536,45.3416,54.6584,84.0606,38.2424,63158,9716.623123,2910.0263,447.6964,0.0476,0.042408,0,17,67960.5921,1076.0409,14,13,
bairro-27,Lagoa,neighborhood,AP2,LAGOA,44.4629,moderate,108,84.6969,62.87,14.2857,2.4845,30.0303,32.4849,18676,3654.861156,1722.1962,337.0313,0.4548,1.745633,0.581878,27,546778.016,29277.0409,0,5,
bairro-58,Rocha,neighborhood,AP3,MEIER,44.3395,moderate,109,25.5152,12.7273,59.6273,86.9565,26.394,70.0606,14627,11151.780513,0,0,,0.077403,0,2,3527.1332,241.1385,0,8,
bairro-57,São Francisco Xavier,neighborhood,AP3,MEIER,44.3171,moderate,110,25.7273,21.3636,45.9627,89.441,66.1818,38.7273,6340,9770.239869,0,0,,0.061319,0,3,1193.4002,188.2335,1,1,
bairro-123,Tanque,neighborhood,AP4,JACAREPAGUA,44.3067,moderate,111,31.7879,64.5852,30.4348,59.6273,54.1515,22.6666,36217,6504.484146,6261.7393,1124.594,0.0487,0.012343,0,14,29497.0099,814.4521,0,6,
bairro-51,Jacaré,neighborhood,AP3,MEIER,44.1087,moderate,112,38.1515,21.9697,44.7205,67.0807,34.3031,83.8788,8088,9599.226545,0,0,,0.171485,0,5,5233.901,647.1193,0,4,
bairro-143,Santíssimo,neighborhood,AP5,CAMPO GRANDE,43.8208,moderate,113,56.4546,61.992,24.8447,37.2671,9.7575,31.5151,48187,5791.959896,4544.4845,546.2383,0.1714,0.231666,0.029818,35,85719.7455,1778.8977,0,10,
bairro-56,Tomás Coelho,neighborhood,AP3,INHAUMA,43.5879,moderate,114,34.2425,40.1191,63.9752,22.3602,96.6061,63.8788,20343,11640.993919,1255.1495,718.2543,0,0.069217,0,4,58027.7802,2852.4692,10,7,
bairro-150,Sepetiba,neighborhood,AP5,SANTA CRUZ,43.2733,moderate,115,69.1515,58.3964,18.6335,27.3292,3.2424,29.8788,59584,5127.123645,8401.9296,722.9767,0.0728,0.566459,0.019397,31,146434.9577,2457.6221,0,18,
bairro-135,Vila Militar,neighborhood,AP5,REALENGO,42.8546,moderate,116,69.2727,61.6643,4.9689,26.7081,55.9697,12.1212,12956,1204.454325,8643.9614,803.5886,0.0794,0.443399,0.039284,4,32149.2984,2481.4216,0,7,
bairro-152,Barra de Guaratiba,neighborhood,AP5,GUARATIBA,42.8472,moderate,117,31.6061,61.9405,1.8634,100,4.8788,7.2121,5091,539.183457,8656.7427,916.8239,0.0611,0.079198,0,0,0,0,0,4,
bairro-128,Barra da Tijuca,neighborhood,AP4,BARRA DA TIJUCA,42.739,moderate,118,86.9697,46.2655,12.4224,4.3478,57.7879,23.0303,151603,3276.364528,12717.5356,274.8448,0.0809,4.484172,1.309045,202,2625594.2222,17318.8804,0,17,
bairro-23,Leme,neighborhood,AP2,COPACABANA,42.4971,moderate,119,10.6061,16.5909,73.2919,73.2919,96.9394,36.6667,12479,12770.138174,0,0,,0,0,2,6040.0823,484.0197,6,2,
bairro-97,Bancários,neighborhood,AP3,ILHA DO GOVERNADOR,42.3738,moderate,120,29.9697,39.1419,68.323,34.1615,5.697,95.4546,11907,12174.2344,1083.9654,1108.3491,0,0.06547,0,25,22709.2166,1907.2156,0,6,
bairro-52,Maria da Graça,neighborhood,AP3,INHAUMA,41.8513,moderate,121,40.3333,22.5757,40.3727,66.4596,34.9091,42.4848,7209,8738.267246,0,0,,0.184637,0,7,4684.0344,649.7481,0,1,
bairro-84,Vaz Lobo,neighborhood,AP3,MADUREIRA,41.4048,moderate,122,22.6667,0.8334,47.8261,94.4099,89.7576,30.0606,10995,9984.345607,0,0,,0.087817,0,2,819.7414,74.5558,6,2,
bairro-120,Freguesia (Jacarepaguá),neighborhood,AP4,JACAREPAGUA,41.3251,moderate,123,46.9394,65.9356,34.1615,11.1801,68.606,31.1515,75912,7349.807618,10947.0417,1059.8972,0.0625,0.091526,0.019679,45,393083.0773,5178.1415,2,11,
bairro-53,Del Castilho,neighborhood,AP3,INHAUMA,41.2134,moderate,124,24.9394,26.7809,80.1242,32.2981,35.5152,82.303,20597,14294.356511,12.7266,8.8324,0,0.030683,0,10,42544.1178,2065.5492,0,6,
bairro-40,Bonsucesso,neighborhood,AP3,RAMOS,41.0304,moderate,125,40.1212,20.0758,34.7826,62.1118,72.8485,39.1515,16872,7670.059839,0,0,,0.201756,0,12,12931.0601,766.4213,1,3,
bairro-24,Copacabana,neighborhood,AP2,COPACABANA,40.6748,moderate,126,11.2121,17.197,98.1366,33.5404,87.3333,63.3939,128919,31437.056671,0,0,,0,0,22,246065.0235,1908.6793,10,12,
bairro-115,Jacarepaguá,neighborhood,AP4,JACAREPAGUA,39.9478,moderate,127,49.9394,70.6383,11.8012,22.9814,65.8182,11.8182,217462,3188.098282,126764.8546,1858.4334,0.0205,0.107643,0.013288,87,612573.5793,2816.9224,5,29,
bairro-145,Senador Vasconcelos,neighborhood,AP5,CAMPO GRANDE,39.8729,moderate,128,58.9091,48.1979,17.3913,32.9193,12.3939,37.5758,32296,5013.516165,1318.3844,204.6609,0.152,0.287367,0.080233,28,66598.513,2062.1288,0,10,
bairro-91,Ribeira,neighborhood,AP3,ILHA DO GOVERNADOR,39.6824,moderate,129,73.0909,1.4394,28.5714,52.795,1.8182,22.0606,5425,6294.035359,0,0,,0.869955,0.223822,5,6081.8688,1121.0818,0,0,
bairro-136,Campo dos Afonsos,neighborhood,AP5,REALENGO,39.4984,moderate,130,29.8485,34.7727,3.1056,98.1366,56.5758,10.2424,2106,647.541414,0,0,,0.034471,0.011469,0,0,0,0,2,
bairro-21,Humaitá,neighborhood,AP2,BOTAFOGO,39.188,moderate,131,10,15.9848,70.8075,75.1553,29.4243,46.5455,13044,12370.100497,0,0,,0,0,5,6168.0502,472.8649,0,2,
bairro-80,Cavalcanti,neighborhood,AP3,MADUREIRA,39.0668,moderate,132,26.5757,25.5303,32.2981,62.7329,80.7272,58.9091,13799,7171.461868,0,0,,0.049468,0,4,10498.0521,760.7835,2,7,
bairro-140,Padre Miguel,neighborhood,AP5,BANGU,38.9789,moderate,133,27.1212,16.9649,71.4286,43.4783,3.8485,85.5151,60410,12415.212075,58.201,11.9612,0,0.083294,0,35,89100.6049,1474.9314,0,22,
bairro-117,Gardênia Azul,neighborhood,AP4,JACAREPAGUA,38.7426,moderate,134,12.4546,8.4091,87.5776,57.764,18.2727,66.8485,20490,16573.716807,0,0,,0.005119,0,6,17985.4733,877.7683,0,4,
bairro-14,Santa Teresa,neighborhood,AP1,SANTA TEREZA,38.6538,moderate,135,17.9091,42.1389,31.677,58.3851,81.6061,55.2121,36176,7014.737732,1665.1977,322.8942,0.0222,0.008729,0,25,30527.8958,843.8715,9,13,
bairro-105,Cidade Universitária,neighborhood,AP3,ILHA DO GOVERNADOR,38.483,moderate,136,75.6363,4.5455,1.2422,59.0062,47.1515,9.5152,1303,277.782569,0,0,,1.310318,0.126389,1,1063.1084,815.8929,1,2,
bairro-49,Jardim América,neighborhood,AP3,VIGARIO GERAL,38.2518,moderate,137,30.1515,18.4091,51.5528,40.3727,59.3939,83.394,20244,10255.455457,0,0,,0.089953,0,12,33398.3394,1649.7895,1,9,
bairro-100,Jardim Carioca,neighborhood,AP3,ILHA DO GOVERNADOR,37.806,moderate,138,20.606,30,72.0497,30.4348,46.8485,55.697,20374,12567.772339,0,0,,0.00463,0,77,44941.3414,2205.8183,0,3,
bairro-44,Penha Circular,neighborhood,AP3,PENHA,37.641,moderate,139,34.0303,31.5785,35.4037,28.5714,86.7272,79.6969,36725,7943.298172,1548.8585,335.0042,0,0.081542,0,27,86387.5177,2352.2809,11,19,
bairro-67,Água Santa,neighborhood,AP3,MEIER,35.4262,moderate,140,26.4546,48.4682,11.1801,63.9752,38.7576,16.5454,6419,2645.659287,2423.8491,999.031,0,0.004394,0,4,4769.7729,743.071,0,2,
bairro-5,Centro,neighborhood,AP1,CENTRO,35.129,moderate,141,45.2727,58.7466,15.528,5.5901,51.2424,60.2424,23774,4382.503107,689.111,127.0298,1,0.171995,0.008558,65,356144.4121,14980.4161,1,12,
bairro-108,Parque Anchieta,neighborhood,AP3,ANCHIETA,34.6738,lower,142,64.9091,22.1019,22.9814,13.0435,9.1515,62.3636,21552,5517.946987,935.2084,239.4409,0,0.403286,0.048372,17,95700.0469,4440.4253,0,12,
bairro-132,Recreio dos Bandeirantes,neighborhood,AP4,BARRA DA TIJUCA,33.8998,lower,143,47,52.1775,16.7702,10.559,59.6061,18.3636,140437,4581.104866,27992.0403,913.1105,0,0.126945,0.008459,112,813440.4537,5792.209,0,9,
bairro-85,Turiaçú,neighborhood,AP3,MADUREIRA,33.632,lower,144,50.0303,26.1364,42.236,3.1056,41.394,45.1516,11613,9247.395748,0,0,,0.210255,0.04377,4,312388.3333,26899.8823,0,3,
bairro-166,Argentino,neighborhood,AP3,PENHA,33.2702,lower,145,19.9091,36.6666,,,62.0303,71.0909,,,0,0,,0,0,0,0,,0,1,Sem correspondência NM_BAIRRO no Censo 2022.
bairro-99,Jardim Guanabara,neighborhood,AP3,ILHA DO GOVERNADOR,33.2168,lower,146,43.4546,29.394,37.2671,8.6957,46.2424,55.9394,27084,8448.19821,0,0,,0.154745,0.017629,126,239916.1276,8858.2236,0,6,
bairro-3,Santo Cristo,neighborhood,AP1,PORTUARIA,32.985,lower,147,57.5758,9.0152,26.7081,18.0124,59.6666,39.6364,9936,5897.697818,0,0,,0.841956,0,7,34245.2015,3446.5782,2,3,
bairro-28,Jardim Botânico,neighborhood,AP2,LAGOA,32.3068,lower,148,15.9091,92.797,27.3292,7.4534,10.3636,30,15871,5901.731345,5443.99,2024.3901,0.3279,0,0,9,174264.859,10980.0806,0,4,
bairro-25,Ipanema,neighborhood,AP2,LAGOA,32.0608,lower,149,14.5758,17.803,67.7019,26.087,76.5455,30.8485,37392,12120.916105,0,0,,0.001126,0,8,94116.9021,2517.0331,3,5,
bairro-8,Cidade Nova,neighborhood,AP1,RIO COMPRIDO,31.6891,lower,150,13.5758,76.7005,18.0124,14.9068,23.3636,90.4849,4745,5075.651405,610.1692,652.6572,0.912,0,0,7,19795.3402,4171.8314,0,5,
bairro-161,Lapa,neighborhood,AP1,CENTRO,31.1043,lower,151,15.6364,9.6212,97.5155,11.8012,22.1515,30.3637,8984,30114.644111,0,0,,0.016722,0,7,40480.5435,4505.8486,0,0,
bairro-133,Grumari,neighborhood,AP4,BARRA DA TIJUCA,29.3909,lower,152,73.1515,36.0606,0,0.6211,0,2.1818,184,19.16896,9244.4675,963.0757,0,0.539126,0.056082,3,7547.59,41019.5108,0,0,
bairro-75,Vista Alegre,neighborhood,AP3,IRAJA,28.8215,lower,153,28.7576,35.8333,23.6025,16.1491,61.4243,40.1212,7059,5627.561423,0,0,,0.042059,0,2,27531.3988,3900.184,0,3,
bairro-137,Jardim Sulacap,neighborhood,AP5,REALENGO,28.5258,lower,154,37.1515,67.6616,7.4534,6.8323,0.6061,19.2121,14396,1829.404984,9828.5301,1248.9872,0.0501,0.032581,0.009805,20,159866.227,11104.906,0,6,
bairro-29,Gávea,neighborhood,AP2,LAGOA,28.2351,lower,155,17.303,71.0126,22.3602,1.2422,10.9697,71.4546,14100,5465.871724,2239.9012,868.3134,0.2043,0.000028,0,15,510769.9833,36224.8215,0,9,
bairro-81,Engenheiro Leal,neighborhood,AP3,MADUREIRA,23.1297,lower,156,14.8485,6.5909,33.5404,35.4037,14.2121,57.1515,5200,7341.768915,0,0,,0.023171,0,3,9765.7882,1878.0362,0,2,
bairro-92,Zumbi,neighborhood,AP3,ILHA DO GOVERNADOR,22.6009,lower,157,9.1818,3.9394,60.2484,9.3168,8.1212,94.7879,1817,11277.432327,0,0,,0.003492,0,2,12544.5596,6903.9954,0,1,
bairro-159,Parque Colúmbia,neighborhood,AP3,PAVUNA,22.4123,lower,158,29.6364,7.197,21.7391,23.6025,16.4546,43.8182,8222,5419.412778,0,0,,0.128334,0,6,21552.3676,2621.3047,0,3,
bairro-34,Alto da Boa Vista,neighborhood,AP2,TIJUCA,21.8473,lower,159,16.0909,70.1244,0.6211,9.9379,11.7879,5.8788,8079,256.51072,48062.8511,1526.0083,0.0382,0,0,8,50091.7447,6200.2407,0,8,
bairro-30,Vidigal,neighborhood,AP2,LAGOA,19.7212,lower,160,2.6363,5.3788,42.8571,8.0745,94.3939,58.9697,15112,9320.443217,0,0,,0,0,10,134039.1174,8869.714,9,4,
bairro-126,Joá,neighborhood,AP4,BARRA DA TIJUCA,19.186,lower,161,22.8182,34.1666,4.3478,6.2112,55.3637,12.5455,1966,1163.523051,0,0,,0.00828,0,5,25684.6654,13064.428,0,0,
bairro-16,Glória,neighborhood,AP2,BOTAFOGO,18.5098,lower,162,19.1515,15.3788,27.9503,0,28.2121,53.7576,7120,6245.238544,0,0,,0.000112,0.000037,58,320747.5027,45048.8066,0,2,
bairro-22,Urca,neighborhood,AP2,BOTAFOGO,15.2689,lower,163,24.4243,3.3333,9.9379,17.3913,7.5152,28.6667,5215,2248.806402,0,0,,0.028597,0.009482,8,19052.6416,3653.4308,0,3,
bairro-163,Jabour,neighborhood,AP5,BANGU,15.0783,lower,164,6.8485,11.2879,,,24.5758,70.1212,,,0,0,,0,0,0,0,,0,5,Sem correspondência NM_BAIRRO no Censo 2022.
bairro-1,Saúde,neighborhood,AP1,PORTUARIA,11.0322,lower,165,0,0.2273,19.2547,18.6335,1.2121,66.9697,1876,5156.41609,0,0,,0,0,5,6420.3702,3422.3722,0,1,
bairro-13,Paquetá,neighborhood,AP1,PAQUETA,7.586,lower,166,3.8788,5.9849,10.559,1.8634,13,41.8182,4185,2453.55379,0,0,,0,0,16,149787.6615,35791.5559,0,2,
