id,households,reportedHouseholds,unclassifiedHouseholds,precariousHouseholds,sanitationCoveragePct,sanitationPrecariousPct
3305109001,5985,5969,16,7,99.7326649958229,0.11695906432748539
3305109002,32479,32348,131,1256,99.59666245881954,3.8671141352874168
3305109003,10259,10229,30,55,99.707573837606,0.5361146310556585
3305109004,21450,21374,76,58,99.64568764568764,0.2703962703962704
3305109005,4374,4349,25,260,99.42844078646547,5.944215820759031
3305109006,4708,4690,18,9,99.6176720475786,0.1911639762107052
3305109007,8691,8665,26,17,99.7008399493729,0.1956046484869405
3305109008,10542,10500,42,157,99.60159362549801,1.4892809713526844
3305109009,11615,11581,34,338,99.70727507533363,2.9100301334481276
3305109010,13156,13095,61,212,99.53633323198541,1.6114320462146547
3305109011,8121,8103,18,366,99.77835241965275,4.506834133727374
3305109012,2948,2935,13,320,99.55902306648575,10.854816824966079
3305109013,14117,14077,40,7,99.71665367996033,0.049585606006941986
3305109014,4436,4412,24,0,99.45897204688909,0.0
3305109015,6008,5981,27,73,99.55059920106525,1.215046604527297
3305109016,9876,9841,35,178,99.64560550830296,1.8023491292021063
