id,name,unitType,districtNames,neighborhoodName,populationTotal,areaKm2,populationDensity,floodMappedPct,floodClassifiedPct,households,reportedHouseholds,unclassifiedHouseholds,precariousHouseholds,sanitationCoveragePct,sanitationPrecariousPct,vegetationPct,urbanPct
3305109001,Vila Tiradentes,neighborhood,Coelho da Rocha / São João de Meriti / São Mateus,,15758,0.9441809836768192,16689.596880711757,24.11497682775363,24.15502412033159,5985.0,5969.0,16.0,7.0,99.7326649958229,0.11695906432748539,0.0,100.0
3305109002,Vilar dos Teles,neighborhood,Coelho da Rocha / São João de Meriti,,86186,6.729902424744778,12806.426387863785,50.8521905499901,50.8521905499901,32479.0,32348.0,131.0,1256.0,99.59666245881954,3.8671141352874168,0.1397,97.4974
3305109003,Jardim Meriti,neighborhood,Coelho da Rocha / São João de Meriti,,26158,2.2591637490173104,11578.620634019198,49.23221966025271,54.92239071641068,10259.0,10229.0,30.0,55.0,99.707573837606,0.5361146310556585,0.0,97.4542
3305109004,Éden,neighborhood,Coelho da Rocha / São Mateus,,56192,4.1704054925435745,13473.989543814816,59.676977752875594,59.68495143784032,21450.0,21374.0,76.0,58.0,99.64568764568764,0.2703962703962704,0.1966,98.9427
3305109005,Engenheiro Belford,neighborhood,São João de Meriti / São Mateus,,11398,0.6730481885104167,16934.894402176367,43.926455996021204,53.49814220012894,4374.0,4349.0,25.0,260.0,99.42844078646547,5.944215820759031,0.0,100.0
3305109006,Agostinho Porto,neighborhood,Coelho da Rocha / São João de Meriti,,11958,0.8095055099131028,14771.980985384082,49.73692183948407,49.73692183948407,4708.0,4690.0,18.0,9.0,99.6176720475786,0.1911639762107052,0.0,100.0
3305109007,Vila Rosali,neighborhood,Coelho da Rocha / São João de Meriti,,21723,1.3366776269643839,16251.487689917634,58.7460683835944,59.47353753115383,8691.0,8665.0,26.0,17.0,99.7008399493729,0.1956046484869405,0.0,100.0
3305109008,Venda Velha,neighborhood,São João de Meriti,,27648,3.598649152645724,7682.88288945123,13.239598979481999,17.88244099917931,10542.0,10500.0,42.0,157.0,99.60159362549801,1.4892809713526844,0.0,92.5476
3305109009,Parque Araruama,neighborhood,São João de Meriti,,30575,2.483533911953931,12311.08617153731,36.03151006763344,42.10228076241624,11615.0,11581.0,34.0,338.0,99.70727507533363,2.9100301334481276,0.6403,95.4653
3305109010,Jardim Sumaré,neighborhood,São João de Meriti,,34755,3.0571639450787624,11368.379525719089,9.289214504423478,10.527154386084916,13156.0,13095.0,61.0,212.0,99.53633323198541,1.6114320462146547,0.17,89.9281
3305109011,Jardim Metrópole,neighborhood,São João de Meriti,,21157,1.846154418817466,11460.038111845424,51.79652882745723,51.79652882745723,8121.0,8103.0,18.0,366.0,99.77835241965275,4.506834133727374,0.0,91.8436
3305109012,Jardim Paraíso,neighborhood,São João de Meriti,,7975,0.6019703766982717,13248.16022300271,50.68021479597945,50.68021479597945,2948.0,2935.0,13.0,320.0,99.55902306648575,10.854816824966079,0.0,96.2969
3305109013,Coelho da Rocha,neighborhood,Coelho da Rocha,,36955,2.7330090511185197,13521.726166576611,76.57746434616077,76.57746434616077,14117.0,14077.0,40.0,7.0,99.71665367996033,0.049585606006941986,1.196,97.1507
3305109014,Tomazinho,neighborhood,São Mateus,,11737,0.8530548489687308,13758.787039530944,21.80174819567943,28.038081297835138,4436.0,4412.0,24.0,0.0,99.45897204688909,0.0,0.0,99.7421
3305109015,São Matheus,neighborhood,São Mateus,,16318,1.2068780240014876,13520.83613710733,34.52563153459356,40.071432815138685,6008.0,5981.0,27.0,73.0,99.55059920106525,1.215046604527297,0.0,99.8259
3305109016,Centro,neighborhood,São João de Meriti,,24469,1.9085951738078006,12820.424328739331,40.43445687230062,58.376241674663575,9876.0,9841.0,35.0,178.0,99.64560550830296,1.8023491292021063,0.0,100.0
